TRACK_ID,POSITION_X,POSITION_Y,POSITION_Z,POSITION_T,FRAME,QUALITY,MEAN_INTENSITY_CH1,MAX_INTENSITY_CH1,MIN_INTENSITY_CH1,STD_INTENSITY_CH1,TOTAL_INTENSITY_CH1
0,38.9984940806,0.506094617211,0.0,8.0,25.0769481659,47.0,86.0,23.0,15.5048379547,987.0
0,39.0600395841,0.649662128392,0.0,6.0,23.0536365509,48.6666666667,91.0,29.0,15.2293576139,1022.0
0,38.7935873863,0.399870902265,0.0,0.0,18.9619789124,47.8571428571,77.0,35.0,11.1994897843,1005.0
0,38.9651705247,0.525391414373,0.0,7.0,21.544128418,48.619047619,76.0,33.0,11.5606063443,1021.0
0,39.0612860174,0.516679909121,0.0,9.0,14.8658533096,43.8571428571,66.0,33.0,8.97377130467,921.0
0,38.7896108282,0.580371651015,0.0,2.0,15.6938409805,45.5714285714,73.0,33.0,10.8929859477,957.0
0,38.8909353629,0.639348469342,0.0,5.0,15.8462638855,45.5238095238,70.0,30.0,11.461322121,956.0
0,38.8420831843,0.585508313011,0.0,4.0,12.3451128006,42.8095238095,61.0,29.0,9.09735702069,899.0
0,38.75856836,0.399666995669,0.0,1.0,13.085392952,40.9047619048,69.0,26.0,10.0045227867,859.0
1,14.8388582196,1.57509066231,0.0,1.0,15.4189243317,40.0952380952,68.0,22.0,11.8823598746,842.0
1,14.8456470529,1.47375847515,0.0,0.0,13.2479553223,40.380952381,63.0,23.0,11.7024620934,848.0
2,0.162892356478,0.498028948496,0.0,0.0,30.850982666,58.2380952381,97.0,32.0,22.6845867538,1223.0
2,0.115685050051,0.494885711541,0.0,1.0,35.0493621826,58.8571428571,115.0,26.0,27.4614014833,1236.0
3,3.33222207474,2.09218697487,0.0,1.0,12.8540582657,36.4761904762,55.0,25.0,7.77572535278,766.0
3,3.29836074333,2.12193324833,0.0,0.0,12.3576831818,35.7619047619,52.0,21.0,8.12960492216,751.0
4,19.8719153274,1.71845838565,0.0,1.0,17.0601577759,43.0952380952,74.0,22.0,12.8526447158,905.0
4,20.1426658615,1.64560244589,0.0,0.0,12.1950054169,40.0952380952,61.0,24.0,9.0272075522,842.0
5,16.068877962,3.47965385249,0.0,5.0,15.2531204224,45.4761904762,66.0,29.0,9.7140055982,955.0
5,16.0444691766,3.46588139364,0.0,1.0,22.5171451569,48.4285714286,81.0,30.0,14.1653500789,1017.0
5,16.0797760094,3.50797518074,0.0,8.0,16.3270492554,43.5238095238,62.0,27.0,9.90262110564,914.0
5,16.0939978157,3.49129573645,0.0,7.0,13.3981399536,43.6666666667,67.0,29.0,8.9962955339,917.0
5,16.0788091182,3.45801588887,0.0,0.0,15.168759346,44.7142857143,70.0,32.0,9.39224604204,939.0
5,16.0539605539,3.48944963978,0.0,10.0,16.8076152802,45.9047619048,61.0,34.0,8.58431570892,964.0
5,16.0794692177,3.44560645067,0.0,9.0,12.9690055847,43.7142857143,53.0,28.0,7.72750190646,918.0
5,16.0646355992,3.44908085372,0.0,2.0,13.721154213,43.4761904762,58.0,26.0,9.47427594922,913.0
5,16.0531748264,3.48755020831,0.0,3.0,17.5370597839,44.0476190476,70.0,34.0,9.81058708985,925.0
5,16.106293984,3.49519086979,0.0,4.0,13.9520215988,42.0476190476,59.0,25.0,8.9581035408,883.0
6,26.0562378208,2.73612658578,0.0,1.0,12.6895112991,41.619047619,58.0,29.0,8.66300288858,874.0
6,25.9896884177,2.55028292749,0.0,0.0,20.4491615295,47.8571428571,72.0,26.0,12.5868412014,1005.0
7,21.2409547475,4.2942017358,0.0,2.0,19.7432460785,48.9523809524,75.0,23.0,12.9092067552,1028.0
7,21.3833739718,4.4032067748,0.0,13.0,24.6707210541,51.1904761905,83.0,32.0,13.2951835174,1075.0
7,21.4657808998,4.38510061895,0.0,15.0,17.9280033112,43.9523809524,74.0,30.0,12.379322237,923.0
7,21.4323279529,4.34181297092,0.0,18.0,18.8752250671,43.2380952381,71.0,21.0,15.2771226411,908.0
7,21.310750848,4.39052667694,0.0,5.0,18.2959156036,45.5238095238,70.0,27.0,12.0566124912,956.0
7,21.3581537658,4.39648431781,0.0,8.0,19.8017749786,47.619047619,69.0,28.0,11.9644314135,1000.0
7,21.3766516967,4.39804032369,0.0,11.0,30.1344242096,51.1428571429,95.0,31.0,17.0859173423,1074.0
7,21.4582795958,4.29114180284,0.0,17.0,14.5500764847,39.9523809524,65.0,22.0,11.1556093087,839.0
7,21.3676387882,4.37882396172,0.0,7.0,17.8356628418,43.8571428571,69.0,31.0,11.6115705841,921.0
7,21.1608654534,4.2478880399,0.0,0.0,16.786687851,50.1904761905,77.0,33.0,12.8437496379,1054.0
7,21.3957721414,4.37987525148,0.0,12.0,32.2010612488,54.619047619,112.0,32.0,20.6506082004,1147.0
7,21.2239379222,4.37551447145,0.0,4.0,24.9847049713,49.2857142857,94.0,32.0,16.0721587136,1035.0
7,21.1993284232,4.32899857626,0.0,3.0,22.0656604767,49.4761904762,76.0,27.0,13.7935457647,1039.0
7,21.3906547671,4.4509995542,0.0,16.0,15.4765853882,44.9047619048,71.0,24.0,12.0411991176,943.0
7,21.3098421018,4.34426832364,0.0,6.0,22.3921432495,49.9523809524,88.0,29.0,14.6645020048,1049.0
7,21.2462625157,4.2977829216,0.0,1.0,15.0291042328,45.9047619048,68.0,27.0,11.7213683583,964.0
7,21.4008656331,4.36012290894,0.0,14.0,17.9164009094,44.8571428571,76.0,31.0,12.6778772446,942.0
7,21.398953794,4.39382887951,0.0,9.0,17.8306236267,44.2857142857,80.0,26.0,12.9040414489,930.0
7,21.324105635,4.44293142824,0.0,10.0,30.6697940826,53.3333333333,101.0,28.0,18.6877856723,1120.0
8,20.6803993914,3.60173828619,0.0,2.0,27.0396995544,51.2857142857,97.0,28.0,16.9621427218,1077.0
8,20.7298936423,3.61917687823,0.0,3.0,23.7320079803,49.0,78.0,28.0,14.6150607252,1029.0
8,20.6942433276,3.58025180225,0.0,5.0,14.279917717,41.8095238095,63.0,24.0,10.8379843496,878.0
8,20.7063545815,3.61461066212,0.0,6.0,31.626203537,54.2857142857,106.0,28.0,18.3688400754,1140.0
8,20.7146076408,3.58911627876,0.0,1.0,28.0792427063,53.9523809524,83.0,35.0,15.9889843032,1133.0
8,20.7221933761,3.55920079539,0.0,8.0,25.4449214935,49.9047619048,84.0,25.0,16.1273208001,1048.0
8,20.727909525,3.60670698509,0.0,7.0,24.9071750641,49.380952381,82.0,32.0,14.9280815595,1037.0
8,20.7436707202,3.60224879663,0.0,9.0,17.2810821533,44.0476190476,70.0,30.0,10.6464838819,925.0
8,20.7043209692,3.59613872291,0.0,0.0,32.350856781,55.6666666667,98.0,30.0,19.225850653,1169.0
8,20.6961183143,3.59103965045,0.0,4.0,32.0227203369,55.3333333333,104.0,29.0,19.6604509952,1162.0
9,29.8069503758,6.28588775463,0.0,9.0,21.5380897522,51.380952381,81.0,25.0,13.5295091946,1079.0
9,30.0943713865,5.94921525619,0.0,23.0,21.925535202,49.380952381,85.0,25.0,14.4515611284,1037.0
9,30.1651359145,6.02643261033,0.0,25.0,23.2685165405,51.4761904762,87.0,33.0,13.9521290405,1081.0
9,29.9801302184,6.21861117739,0.0,11.0,35.7642440796,61.7142857143,109.0,31.0,20.0028569388,1296.0
9,29.851641457,6.19020062962,0.0,8.0,24.3380889893,53.1428571429,87.0,32.0,16.2612598352,1116.0
9,29.9346148281,6.38124831828,0.0,0.0,13.847442627,43.4285714286,65.0,22.0,10.0377857547,912.0
9,29.8357087146,6.17522096476,0.0,19.0,31.3923549652,57.9047619048,98.0,41.0,17.558202533,1216.0
9,29.958681128,6.05097533853,0.0,21.0,12.7233695984,40.9523809524,54.0,29.0,8.35150399914,860.0
9,29.7887002823,6.35684023766,0.0,4.0,18.24036026,46.3333333333,86.0,32.0,11.5815945937,973.0
9,29.8951126079,6.33630287955,0.0,6.0,16.2409172058,45.4761904762,73.0,30.0,10.6424576467,955.0
9,29.7026632651,5.87627586773,0.0,31.0,17.814666748,49.5714285714,69.0,35.0,10.9798516774,1041.0
9,29.879884537,6.35061858824,0.0,16.0,30.8787288666,57.5238095238,95.0,35.0,17.2702607034,1208.0
9,29.9283459894,6.16002785353,0.0,28.0,27.6819515228,53.4285714286,83.0,26.0,16.663047226,1122.0
9,29.8009520495,6.25470919045,0.0,10.0,22.0357837677,52.7619047619,75.0,38.0,11.2334534401,1108.0
9,29.960496783,6.39839115703,0.0,13.0,19.701259613,45.3333333333,72.0,27.0,13.316656237,952.0
9,30.1577318327,6.00099097166,0.0,24.0,26.0424671173,53.380952381,90.0,38.0,14.1367471169,1121.0
9,30.1528806697,6.02520561522,0.0,26.0,24.201210022,52.0,83.0,35.0,14.7783625615,1092.0
9,29.8017701568,6.23628058533,0.0,2.0,23.822511673,51.6666666667,82.0,31.0,14.8638263355,1085.0
9,29.7792855022,6.23347867054,0.0,18.0,15.6099767685,45.8571428571,64.0,33.0,8.95704032751,963.0
9,30.1289402743,6.03923110183,0.0,22.0,17.7857704163,45.0,72.0,28.0,11.8279330401,945.0
9,29.8847796195,6.29322477577,0.0,15.0,28.4576721191,56.3333333333,88.0,30.0,18.2162930733,1183.0
9,29.879305564,6.25967710434,0.0,7.0,25.4061794281,50.0952380952,95.0,29.0,17.2566067403,1052.0
9,29.8481995394,6.34139157749,0.0,3.0,16.4261512756,45.7142857143,74.0,32.0,10.6355200021,960.0
9,29.9808302298,6.35753758898,0.0,12.0,15.4510297775,45.5714285714,66.0,29.0,10.5762537251,957.0
9,29.9069053113,5.95356767132,0.0,30.0,14.0743932724,44.0952380952,78.0,31.0,9.86359347249,926.0
9,29.8521472933,6.21943830758,0.0,1.0,26.8287906647,54.5238095238,83.0,31.0,16.1264349675,1145.0
9,29.8023186588,6.1819133241,0.0,20.0,31.6589126587,55.1904761905,98.0,31.0,18.1648535574,1159.0
9,29.8415271305,6.36094594915,0.0,14.0,21.716299057,49.2857142857,84.0,26.0,13.7482466415,1035.0
9,29.7973021112,6.05174988388,0.0,29.0,18.0990924835,45.5238095238,67.0,27.0,13.0828859493,956.0
9,30.0157280315,6.08912482603,0.0,27.0,22.1048927307,49.7619047619,82.0,25.0,13.5126043452,1045.0
10,21.8686151359,4.75698299979,0.0,2.0,17.2413845062,48.1428571429,82.0,27.0,12.8852074655,1011.0
10,21.8475905893,4.72839747529,0.0,1.0,32.4831428528,58.3333333333,103.0,32.0,20.0407917342,1225.0
10,21.8358681872,4.75184521301,0.0,0.0,44.5408287048,66.0476190476,133.0,31.0,29.2240931262,1387.0
11,32.3372563369,6.79699519113,0.0,0.0,16.8839244843,48.8095238095,72.0,31.0,11.461322121,1025.0
11,32.3094408645,6.80135426759,0.0,4.0,22.0465774536,52.1428571429,79.0,29.0,16.1625669814,1095.0
11,32.3918428588,6.75033774934,0.0,3.0,19.629529953,47.0,76.0,27.0,12.4899959968,987.0
11,32.3818623661,6.61032493673,0.0,2.0,21.7406387329,48.3333333333,83.0,28.0,13.8467806126,1015.0
11,32.3137083179,6.88496604404,0.0,7.0,12.4183635712,41.2857142857,65.0,23.0,11.1854497323,867.0
11,32.337321799,6.61958806134,0.0,1.0,15.0766124725,45.0476190476,71.0,25.0,10.0173658737,946.0
11,32.3540052667,6.71876091837,0.0,6.0,31.0142307281,51.7142857143,97.0,27.0,19.4862588948,1086.0
12,19.0819785732,8.12285683898,0.0,25.0,16.5697097778,42.9523809524,68.0,28.0,11.2448930207,902.0
12,19.0533399636,8.16603611346,0.0,49.0,31.8756256104,51.6666666667,96.0,19.0,19.3683590769,1085.0
12,19.0314139083,8.16687431549,0.0,17.0,38.739276886,54.1904761905,107.0,32.0,22.3844120933,1138.0
12,19.0253129685,8.1575213908,0.0,8.0,32.3247337341,55.3333333333,109.0,34.0,17.8922702118,1162.0
12,19.0348868908,8.16581491402,0.0,42.0,30.7978553772,51.7142857143,101.0,25.0,18.2596354212,1086.0
12,19.0355412885,8.15000870764,0.0,33.0,30.7209453583,50.8571428571,105.0,31.0,18.1198391667,1068.0
12,19.052765533,8.14458408729,0.0,21.0,41.4384269714,58.0952380952,111.0,28.0,24.3965259041,1220.0
12,19.0531504603,8.14371329721,0.0,50.0,20.6949634552,43.7142857143,72.0,29.0,12.4504733129,918.0
12,19.0319105606,8.13010234519,0.0,4.0,43.9810447693,63.7619047619,124.0,35.0,24.4967441957,1339.0
12,19.0572397051,8.13412710882,0.0,16.0,37.3697357178,57.380952381,106.0,31.0,21.3973741157,1205.0
12,19.0879597946,8.13775360594,0.0,40.0,19.0900917053,45.5238095238,66.0,32.0,11.3429231136,956.0
12,18.9884985654,8.14050841102,0.0,6.0,20.0894508362,49.1428571429,90.0,34.0,13.4398129239,1032.0
12,19.0416450935,8.12799701479,0.0,31.0,20.5809516907,45.0476190476,72.0,24.0,12.6707386938,946.0
12,19.0263955601,8.15658504663,0.0,10.0,45.8451461792,66.6666666667,111.0,39.0,23.9443799948,1400.0
12,19.0560413225,8.14042445838,0.0,26.0,31.1208057404,55.0,92.0,34.0,17.6606908132,1155.0
12,19.0401224784,8.15485973972,0.0,22.0,40.3060264587,58.4761904762,110.0,30.0,21.3181121294,1228.0
12,19.0678999049,8.20075986105,0.0,44.0,24.2569389343,47.1904761905,88.0,29.0,15.6032658364,991.0
12,19.0375093903,8.15177246873,0.0,15.0,49.6975212097,63.0,145.0,33.0,28.4411673459,1323.0
12,19.0338622305,8.14975848953,0.0,35.0,34.4586486816,55.4285714286,102.0,29.0,19.1874214749,1164.0
12,19.0006191194,8.16030634955,0.0,3.0,40.966960907,61.380952381,123.0,33.0,23.1419018027,1289.0
12,19.0703813559,8.16076805434,0.0,30.0,18.2494087219,44.0952380952,70.0,27.0,10.7930753815,926.0
12,19.0773999476,8.16281674222,0.0,39.0,39.1754264832,57.2857142857,120.0,28.0,23.480082745,1203.0
12,19.0748952928,8.15924325479,0.0,46.0,30.7862300873,50.1904761905,103.0,29.0,19.7601089259,1054.0
12,19.0274932395,8.14686759616,0.0,14.0,50.7912635803,64.3333333333,146.0,35.0,28.0594606743,1351.0
12,19.0669650111,8.14792180892,0.0,27.0,33.2916603088,53.9047619048,102.0,23.0,19.2195337142,1132.0
12,19.0541327053,8.16739300612,0.0,23.0,43.2582321167,60.0,114.0,33.0,23.7191905427,1260.0
12,19.0436539751,8.13894450597,0.0,9.0,49.3629646301,66.7142857143,126.0,40.0,26.4974392294,1401.0
12,19.0588720049,8.16711461276,0.0,36.0,36.4410820007,54.619047619,112.0,27.0,22.0010822245,1147.0
12,19.0561074372,8.13058014121,0.0,45.0,12.9757442474,40.3333333333,62.0,30.0,8.42219290526,847.0
12,19.0391990615,8.12730386578,0.0,5.0,32.8419952393,54.0476190476,98.0,30.0,19.0721687033,1135.0
12,19.0491105433,8.16194340924,0.0,19.0,49.5462341309,65.9047619048,136.0,35.0,26.3664649923,1384.0
12,19.0149318739,8.15094391447,0.0,11.0,25.1351184845,47.380952381,84.0,28.0,17.0249117192,995.0
12,19.0327167029,8.16786557706,0.0,0.0,17.2119350433,49.619047619,70.0,34.0,10.5331675695,1042.0
12,19.0620632043,8.18567732295,0.0,32.0,28.2396755219,49.619047619,94.0,31.0,17.4312254029,1042.0
12,19.0796563791,8.16855788284,0.0,43.0,23.2635269165,46.9523809524,82.0,25.0,14.5652881553,986.0
12,19.0742840522,8.16188464781,0.0,38.0,21.5276222229,48.5714285714,75.0,33.0,10.7683398376,1020.0
12,19.0577901961,8.1447777493,0.0,28.0,23.5761184692,47.5238095238,74.0,29.0,13.8333620195,998.0
12,19.0670002198,8.16117246542,0.0,47.0,38.6013793945,56.380952381,115.0,35.0,21.6135980125,1184.0
12,19.0431877774,8.14355838314,0.0,24.0,28.5421581268,49.619047619,89.0,24.0,16.9896326931,1042.0
12,19.0195282183,8.14684577208,0.0,13.0,43.2411003113,60.1904761905,128.0,34.0,23.9741924736,1264.0
12,19.0407162212,8.15207329048,0.0,18.0,31.1282196045,51.380952381,103.0,27.0,18.35068443,1079.0
12,19.0252564385,8.13934152076,0.0,2.0,38.2770805359,58.4761904762,106.0,36.0,22.4535499367,1228.0
12,19.046562173,8.14962925655,0.0,7.0,28.0511245728,49.7142857143,89.0,19.0,17.4875465893,1044.0
12,19.0451932037,8.15958160336,0.0,12.0,44.2297515869,60.8571428571,142.0,35.0,25.7201977331,1278.0
12,19.068618766,8.15261088744,0.0,41.0,36.9636955261,56.5238095238,104.0,24.0,21.428063486,1187.0
12,19.0885120131,8.16935940865,0.0,34.0,16.8685073853,43.0952380952,79.0,25.0,11.5321496778,905.0
12,19.0422919523,8.15414961451,0.0,20.0,23.366355896,47.0476190476,78.0,24.0,13.7312642917,988.0
12,19.0148888566,8.13877281587,0.0,1.0,32.1187324524,59.0,96.0,36.0,16.8908259123,1239.0
12,19.0503684875,8.15974361773,0.0,29.0,27.4018859863,48.1904761905,97.0,26.0,16.0580791118,1012.0
12,19.0556924063,8.15957951356,0.0,37.0,32.7448272705,49.5714285714,98.0,27.0,20.3999299719,1041.0
13,23.4903349936,8.02075065688,0.0,0.0,18.0696468353,45.4761904762,81.0,28.0,12.9600117578,955.0
13,23.4447947819,8.01049524421,0.0,4.0,12.8711051941,41.8571428571,67.0,29.0,10.3502933016,879.0
13,23.5668817229,8.02087986528,0.0,5.0,14.3519611359,40.1904761905,68.0,26.0,10.8748289532,844.0
13,23.4799013935,8.02851207389,0.0,3.0,12.7203273773,43.4285714286,60.0,26.0,9.45289071433,912.0
13,23.3722232425,8.09223127068,0.0,2.0,12.847984314,41.4761904762,64.0,26.0,10.9846212844,871.0
13,23.4505932165,8.00589976767,0.0,1.0,18.5342254639,45.4285714286,77.0,29.0,13.0214109396,954.0
14,19.1445595306,9.76041815782,0.0,1.0,23.0599327087,48.8095238095,84.0,35.0,14.0414352814,1025.0
14,19.2094166561,9.73322479297,0.0,0.0,20.7642250061,48.7619047619,75.0,31.0,13.3562897614,1024.0
14,19.1552269762,9.85351406432,0.0,2.0,13.05772686,39.7142857143,62.0,25.0,10.7941783251,834.0
15,22.1949235184,12.5379584379,0.0,6.0,14.9011392593,43.619047619,77.0,30.0,11.2892700848,916.0
15,22.2191727133,12.5160180946,0.0,1.0,17.9728832245,51.1428571429,76.0,33.0,11.0375980824,1074.0
15,22.2309702512,12.5741844632,0.0,7.0,16.1340198517,43.7619047619,79.0,31.0,11.7298966829,919.0
15,22.2404463606,12.5729056663,0.0,0.0,16.1194267273,46.5714285714,70.0,21.0,11.3206511675,978.0
15,22.2772194148,12.5545895855,0.0,3.0,14.2609863281,44.7142857143,64.0,26.0,10.1051613403,939.0
15,22.2116922401,12.5227217156,0.0,4.0,14.6195497513,45.8095238095,70.0,26.0,13.1780842599,962.0
15,22.2744110931,12.5410240892,0.0,5.0,16.9945335388,50.4285714286,76.0,37.0,10.0527181825,1059.0
15,22.2062472506,12.490676251,0.0,2.0,12.7999229431,44.8095238095,68.0,32.0,8.97562837699,941.0
16,1.99574045884,10.686826969,0.0,1.0,12.2033624649,36.1428571429,54.0,19.0,9.4988721135,759.0
16,1.92878859818,10.7226284111,0.0,0.0,14.9782056808,38.1428571429,57.0,20.0,9.28054801338,801.0
16,2.03565673804,10.6311091262,0.0,2.0,13.8408164978,36.1428571429,67.0,23.0,10.0114220483,759.0
17,6.59409009965,12.9972168848,0.0,1.0,17.2193546295,40.3333333333,69.0,21.0,12.4230967691,847.0
17,6.66463892478,12.9816404109,0.0,0.0,23.5451564789,49.7619047619,82.0,27.0,14.7373836277,1045.0
18,36.7291046459,12.6555090631,0.0,1.0,15.1696424484,47.9523809524,67.0,32.0,8.65145184623,1007.0
18,36.5807201217,12.6370410109,0.0,4.0,16.7310905457,46.4285714286,69.0,31.0,11.9815334101,975.0
18,36.7957580085,12.7390447719,0.0,0.0,20.6126766205,48.8095238095,75.0,30.0,11.9483013337,1025.0
18,36.813731869,12.6325034497,0.0,3.0,18.1665534973,45.0476190476,72.0,25.0,12.7415705095,946.0
18,36.6290363191,12.5367099725,0.0,5.0,17.3593082428,42.4285714286,69.0,26.0,12.0729922909,891.0
18,36.7307101332,12.6864240212,0.0,2.0,15.3064508438,40.6666666667,69.0,23.0,12.2814222846,854.0
19,34.366282403,17.2342044714,0.0,2.0,18.3725318909,48.8571428571,81.0,31.0,14.8636661503,1026.0
19,34.5167865765,17.2173998419,0.0,0.0,16.758846283,49.1428571429,79.0,32.0,11.710190922,1032.0
19,34.5139212315,17.1744322587,0.0,1.0,14.0144472122,48.9047619048,76.0,34.0,10.9220179541,1027.0
20,30.4353398443,16.4231353624,0.0,5.0,13.4605817795,45.7619047619,65.0,29.0,10.7326826185,961.0
20,30.4240954603,16.4122513749,0.0,2.0,15.6642446518,46.2380952381,64.0,30.0,9.30540037776,971.0
20,30.4381849063,16.4540522174,0.0,6.0,21.485868454,49.2857142857,77.0,30.0,13.4169402516,1035.0
20,30.4421850338,16.4564118091,0.0,8.0,16.0540523529,46.0476190476,71.0,30.0,10.4186188647,967.0
20,30.3284255503,16.3661540389,0.0,7.0,13.170882225,41.8571428571,64.0,26.0,10.4272993353,879.0
20,30.4469164114,16.4250473771,0.0,1.0,16.4296207428,45.6666666667,71.0,29.0,11.5686357594,959.0
20,30.4346986654,16.3350572123,0.0,3.0,13.2612667084,44.9047619048,63.0,33.0,8.70002736723,943.0
20,30.3808913044,16.3742676858,0.0,0.0,16.6531143188,47.9523809524,71.0,34.0,11.7493667509,1007.0
20,30.4339291045,16.4452081889,0.0,4.0,12.9744358063,45.1428571429,63.0,33.0,9.23193216118,948.0
20,30.4614042194,16.3536973936,0.0,9.0,12.1735239029,46.1904761905,59.0,34.0,7.01868255173,970.0
21,6.0564163227,17.6888677361,0.0,37.0,17.4669094086,40.5714285714,70.0,20.0,12.5760543438,852.0
21,6.021182649,17.6580592847,0.0,14.0,16.6031665802,37.9047619048,64.0,22.0,12.4816055133,796.0
21,6.06390337621,17.7081469371,0.0,29.0,17.9814167023,39.0,69.0,24.0,12.5259730161,819.0
21,6.05236579321,17.635547044,0.0,39.0,23.5171203613,43.8571428571,73.0,22.0,14.5371445418,921.0
21,6.08266482456,17.6754115756,0.0,46.0,16.314043045,40.6666666667,70.0,26.0,10.9468412491,854.0
21,6.06682887266,17.6428973973,0.0,49.0,17.1553878784,38.8095238095,68.0,24.0,11.1383079847,815.0
21,6.04083998237,17.6944991057,0.0,27.0,18.8722190857,42.9047619048,66.0,27.0,12.4695820375,901.0
21,6.05009563727,17.6604077863,0.0,36.0,20.7645320892,44.6666666667,71.0,28.0,12.1463300356,938.0
21,6.05686189293,17.6970282338,0.0,9.0,21.0823841095,44.7619047619,78.0,22.0,13.8199303975,940.0
21,6.01846221524,17.6730982245,0.0,1.0,18.1995506287,44.0,69.0,27.0,12.4257796536,924.0
21,6.04034527214,17.6714948244,0.0,23.0,17.1677646637,40.4285714286,74.0,22.0,14.1370839588,849.0
21,6.04096260327,17.682485781,0.0,25.0,20.089925766,42.9523809524,81.0,24.0,13.9085448214,902.0
21,6.05315413625,17.6942992687,0.0,17.0,20.4255943298,41.0952380952,78.0,17.0,14.4530438383,863.0
21,6.03648670958,17.73141865,0.0,5.0,16.0988998413,37.9523809524,56.0,22.0,10.8971381127,797.0
21,6.04336515525,17.6720433823,0.0,42.0,27.8285522461,49.380952381,94.0,27.0,17.330540068,1037.0
21,6.06833428427,17.6394871721,0.0,45.0,22.1425876617,44.0,74.0,25.0,13.0919822792,924.0
21,6.05334333085,17.6788731105,0.0,19.0,21.4629421234,42.0952380952,79.0,23.0,16.6700472762,884.0
21,6.04361175203,17.7047009972,0.0,21.0,21.4865932465,43.380952381,73.0,21.0,13.973103415,911.0
21,6.06862302357,17.6788865744,0.0,33.0,20.1062870026,41.3333333333,72.0,18.0,13.4882665059,868.0
21,6.06664074346,17.7280178672,0.0,11.0,21.6667442322,42.5714285714,72.0,27.0,12.5919475403,894.0
21,6.0548919991,17.6590721756,0.0,50.0,31.0394248962,48.3333333333,96.0,29.0,19.2674163637,1015.0
21,6.03995898589,17.657499426,0.0,32.0,12.1303110123,37.4761904762,57.0,21.0,8.95890086796,787.0
21,6.08084633738,17.6397894027,0.0,40.0,18.5556755066,43.1904761905,65.0,30.0,10.4910392603,907.0
21,6.02310950774,17.7054350111,0.0,0.0,14.6466064453,41.7619047619,64.0,25.0,9.18098448918,877.0
21,6.05574863112,17.6923261156,0.0,43.0,26.7209720612,49.5238095238,87.0,26.0,17.7781299568,1040.0
21,6.02639440619,17.69043336,0.0,4.0,19.4837417603,41.7619047619,72.0,24.0,12.6012093146,877.0
21,6.04008015471,17.6741764875,0.0,31.0,19.1616611481,44.3333333333,79.0,30.0,13.8142438567,931.0
21,6.01498362726,17.6732301009,0.0,16.0,20.3313903809,41.1904761905,72.0,22.0,15.6288804705,865.0
21,6.05211495432,17.6543634069,0.0,47.0,22.7832431793,45.380952381,76.0,25.0,13.6142432418,953.0
21,6.02501128662,17.6855265837,0.0,6.0,20.9891376495,44.380952381,79.0,20.0,15.857099957,932.0
21,6.06899651298,17.6777743053,0.0,10.0,14.6057662964,39.8571428571,62.0,27.0,8.97934136942,837.0
21,6.0504131609,17.6991808258,0.0,28.0,23.6734638214,43.6666666667,82.0,24.0,14.6606048079,917.0
21,6.07593235766,17.6863785311,0.0,38.0,15.8045663834,40.9523809524,74.0,28.0,10.1758350541,860.0
21,6.02984547756,17.682886131,0.0,18.0,15.8326272964,40.9523809524,72.0,23.0,12.3226465927,860.0
21,6.05097415663,17.6627846956,0.0,26.0,19.541759491,42.5238095238,73.0,24.0,13.6514433216,893.0
21,6.02073873062,17.6734933801,0.0,13.0,17.7554473877,42.4285714286,69.0,25.0,13.1589187571,891.0
21,6.05195027286,17.6799768944,0.0,44.0,26.6683502197,49.6666666667,90.0,30.0,16.4144245508,1043.0
21,6.03644416643,17.6669661662,0.0,24.0,12.2031574249,38.7142857143,61.0,23.0,8.25313793137,813.0
21,6.01854598232,17.7107646726,0.0,22.0,13.2553482056,37.7619047619,65.0,25.0,10.029480355,793.0
21,6.08502562708,17.7084002696,0.0,15.0,15.9114675522,40.9047619048,69.0,27.0,11.6013135545,859.0
21,6.06204798609,17.6570016612,0.0,35.0,21.8686351776,43.3333333333,77.0,25.0,13.2262365521,910.0
21,6.02055677707,17.7273268295,0.0,2.0,23.1474647522,43.7142857143,79.0,24.0,15.2779018754,918.0
21,6.06036921767,17.6540311252,0.0,48.0,24.0173969269,46.619047619,81.0,25.0,13.687498641,979.0
21,6.08481222061,17.6592057156,0.0,7.0,22.3397769928,45.2380952381,75.0,25.0,13.6963672625,950.0
21,6.03291380289,17.6946428592,0.0,41.0,17.7211742401,42.0952380952,66.0,25.0,11.5191352189,884.0
21,6.0477138166,17.6736603109,0.0,12.0,24.5888557434,45.4285714286,81.0,24.0,15.4905501147,954.0
21,6.0530683556,17.6593533316,0.0,30.0,20.6603565216,41.2380952381,72.0,18.0,14.0460128218,866.0
21,6.0776145218,17.6822465189,0.0,34.0,22.1912822723,44.7619047619,85.0,26.0,13.3899393647,940.0
22,37.9906985894,19.72950433,0.0,1.0,14.0853652954,46.8571428571,64.0,35.0,9.02931732904,984.0
22,37.9290933391,19.7817541085,0.0,0.0,18.0357227325,48.1904761905,77.0,28.0,11.8263225375,1012.0
22,37.9411702,19.6568916684,0.0,4.0,20.6682624817,50.2857142857,75.0,33.0,12.2030441167,1056.0
22,37.9284717896,19.6738139995,0.0,2.0,14.6098585129,43.2380952381,63.0,30.0,9.76168408578,908.0
22,37.835464737,19.6610325446,0.0,5.0,19.9611206055,50.2380952381,75.0,32.0,12.6091425637,1055.0
22,37.8830477356,19.7549852285,0.0,6.0,29.0649013519,58.5238095238,99.0,34.0,18.9752972246,1229.0
22,37.9135651143,19.9056507489,0.0,8.0,14.4054708481,48.6666666667,72.0,34.0,10.2729418052,1022.0
22,37.9173458116,19.8073393658,0.0,7.0,17.1128578186,48.5238095238,64.0,26.0,11.4700437995,1019.0
23,11.312045683,20.1731781112,0.0,1.0,12.5171689987,40.2857142857,58.0,18.0,9.37092768696,846.0
23,11.332980264,20.1812238034,0.0,0.0,13.670126915,40.8095238095,71.0,23.0,11.320861485,857.0
24,35.9086332757,20.9088265915,0.0,1.0,14.4291944504,44.9047619048,63.0,29.0,10.8393023849,943.0
24,35.8897799709,20.9308036668,0.0,0.0,12.3656463623,45.0952380952,59.0,32.0,8.31808128059,947.0
24,35.9433717659,20.8965019882,0.0,2.0,14.0887069702,44.0,67.0,32.0,10.8258948822,924.0
25,33.4489686664,23.317315277,0.0,1.0,14.6213188171,46.9047619048,71.0,29.0,11.0720583538,985.0
25,33.5601081054,23.3403391822,0.0,0.0,21.2053756714,55.7619047619,82.0,32.0,12.7157570042,1171.0
26,17.1007680082,25.3556690961,0.0,1.0,26.5119132996,51.4761904762,90.0,25.0,15.6352775723,1081.0
26,17.2087059344,25.3312824285,0.0,3.0,18.5355987549,47.2857142857,73.0,26.0,12.3537154619,993.0
26,17.3055134268,25.3238238296,0.0,4.0,14.6322145462,46.1428571429,68.0,34.0,9.11748712248,969.0
26,17.0230185506,25.3652801863,0.0,0.0,22.1157989502,52.3333333333,85.0,36.0,13.1580140345,1099.0
26,17.2877843029,25.3695738714,0.0,2.0,29.5444011688,51.380952381,108.0,27.0,19.6786081583,1079.0
27,38.7005164321,25.0033061537,0.0,1.0,18.0127754211,44.9047619048,69.0,18.0,13.0648565316,943.0
27,38.6736056999,24.9965694711,0.0,0.0,14.4887924194,42.7619047619,68.0,31.0,9.74117427164,898.0
28,42.4429401346,26.1473524932,0.0,1.0,13.0278997421,43.0,72.0,29.0,10.9178752512,903.0
28,42.5359069075,26.1672682223,0.0,0.0,13.5677585602,47.1904761905,68.0,34.0,9.887461998,991.0
29,41.6385008658,27.4200300376,0.0,0.0,13.6763000488,45.2380952381,74.0,29.0,11.614235928,950.0
29,41.6766681455,27.4356055664,0.0,1.0,15.8592891693,46.0,80.0,30.0,12.9267165204,966.0
30,38.0889570563,28.5199301887,0.0,0.0,12.4780063629,40.9523809524,63.0,26.0,10.1905651977,860.0
30,37.9952827892,28.4982099906,0.0,2.0,12.4764242172,45.7142857143,62.0,30.0,9.0285262205,960.0
30,38.0931083069,28.5780967063,0.0,6.0,18.0952148438,45.380952381,78.0,27.0,12.4999047615,953.0
30,37.9317888337,28.4971039064,0.0,9.0,17.0129909515,47.9047619048,67.0,32.0,10.0045227867,1006.0
30,38.1529262061,28.5807508341,0.0,7.0,13.8244581223,42.7619047619,68.0,31.0,10.1089305167,898.0
30,37.9885991493,28.4326281743,0.0,8.0,14.9969263077,43.7619047619,65.0,24.0,11.549479477,919.0
30,38.1037896759,28.5952107613,0.0,3.0,24.6028709412,49.4761904762,95.0,25.0,16.2253476006,1039.0
30,38.1620994192,28.6074444735,0.0,4.0,17.4347743988,48.0952380952,76.0,31.0,12.1856668341,1010.0
30,38.06972147,28.5743282419,0.0,5.0,22.8378582001,45.7619047619,86.0,30.0,15.2115244532,961.0
30,38.1430451573,28.5967767071,0.0,1.0,16.7719860077,48.7619047619,77.0,28.0,11.5926906364,1024.0
31,40.1740556259,30.2593397769,0.0,0.0,14.7007112503,49.9523809524,75.0,35.0,10.5284195893,1049.0
31,40.1336449551,30.2787496654,0.0,2.0,19.3281555176,48.0476190476,80.0,33.0,13.5368984279,1009.0
31,40.2052915873,30.2714743522,0.0,6.0,18.5633106232,46.6666666667,77.0,29.0,13.5585151596,980.0
31,40.1573761328,30.3075204741,0.0,8.0,17.9596710205,49.1428571429,70.0,31.0,11.1278286934,1032.0
31,40.2150740229,30.3022647335,0.0,7.0,20.7336769104,48.8095238095,87.0,27.0,14.6274367119,1025.0
31,40.1331949606,30.2984899123,0.0,4.0,20.2369747162,50.7142857143,77.0,32.0,12.1578898545,1065.0
31,40.2029840018,30.2750126493,0.0,1.0,15.7459669113,47.619047619,78.0,31.0,12.0269538557,1000.0
31,40.2210308416,30.2847514635,0.0,5.0,19.4914932251,52.7619047619,85.0,34.0,13.2472818416,1108.0
31,40.2510390744,30.2948287979,0.0,3.0,16.7405281067,49.1904761905,68.0,25.0,11.9692065218,1033.0
32,31.1428599232,31.8708152873,0.0,5.0,20.2342834473,46.0476190476,80.0,26.0,14.6713196083,967.0
32,31.0537726294,31.8285614369,0.0,1.0,14.23873806,43.0476190476,65.0,21.0,10.7120315089,904.0
32,31.3362873324,31.9454383524,0.0,11.0,14.9706811905,42.8571428571,70.0,31.0,10.9054377,900.0
32,31.0644047435,31.8427271015,0.0,0.0,15.6513366699,43.2380952381,64.0,24.0,11.5883767712,908.0
32,31.2597035848,32.0217797803,0.0,10.0,29.4854431152,54.4761904762,97.0,21.0,20.14849634,1144.0
32,31.1267124844,31.8360654052,0.0,2.0,14.5995368958,43.2857142857,67.0,25.0,10.8818328288,909.0
32,31.242244754,31.9357394291,0.0,6.0,13.2518043518,43.9523809524,67.0,31.0,9.00819732508,923.0
32,31.299898021,31.9776484504,0.0,12.0,33.4399604797,55.5714285714,99.0,35.0,19.876044447,1167.0
32,31.3430731699,31.9927301087,0.0,7.0,19.8422851562,48.0,86.0,30.0,13.2589592352,1008.0
32,31.2752077133,32.0623771888,0.0,8.0,20.4532546997,52.5714285714,85.0,34.0,12.9983515438,1104.0
32,31.291803044,32.0778289854,0.0,9.0,28.6724662781,54.5714285714,92.0,30.0,17.185957723,1146.0
32,31.1715259998,31.7756459676,0.0,4.0,14.0425014496,46.6666666667,62.0,30.0,8.10760959428,980.0
33,6.67221242752,32.1608871677,0.0,1.0,24.3528385162,48.1428571429,82.0,25.0,17.3616984028,1011.0
33,6.66809134397,32.1637138934,0.0,3.0,33.6044998169,55.8095238095,96.0,25.0,20.2795933086,1172.0
33,6.65081982311,32.1534445939,0.0,0.0,21.4992713928,45.0952380952,78.0,27.0,14.7373836277,947.0
33,6.63631368066,32.137552607,0.0,2.0,19.7503356934,43.7142857143,72.0,28.0,11.6453546839,918.0
34,16.4314294356,32.0435760849,0.0,15.0,35.5561981201,55.619047619,107.0,30.0,22.0169847856,1168.0
34,16.4316031996,32.0327273714,0.0,7.0,33.3390541077,56.5238095238,110.0,32.0,18.4516098149,1187.0
34,16.4378480681,32.029579062,0.0,20.0,40.1124191284,59.1428571429,117.0,32.0,24.1584058131,1242.0
34,16.4049942884,32.0284914473,0.0,2.0,22.0120544434,49.1428571429,78.0,28.0,13.6758389662,1032.0
34,16.4355190102,32.0421485409,0.0,12.0,37.3542404175,58.1428571429,112.0,32.0,23.3115544619,1221.0
34,16.4516381152,32.050058138,0.0,30.0,26.8528232574,53.0952380952,82.0,27.0,16.0745288015,1115.0
34,16.4088745822,32.0477378289,0.0,3.0,14.9912967682,42.9523809524,65.0,23.0,11.0881747392,902.0
34,16.4350004824,32.041770866,0.0,29.0,18.5238265991,44.7619047619,72.0,28.0,12.3446537493,940.0
34,16.4397952887,32.016817568,0.0,14.0,55.6957359314,69.6666666667,135.0,32.0,30.4718449283,1463.0
34,16.4519598927,32.0011342142,0.0,27.0,38.1741485596,55.7142857143,90.0,28.0,23.1411815972,1170.0
34,16.4271152502,32.0458247219,0.0,25.0,22.7516365051,45.9047619048,88.0,28.0,15.6265951567,964.0
34,16.4418129021,32.0430980548,0.0,9.0,35.1739578247,57.1904761905,105.0,29.0,20.8461484395,1201.0
34,16.4542115129,32.0445710757,0.0,19.0,30.3791637421,56.7142857143,97.0,38.0,17.9447564964,1191.0
34,16.4429412006,32.046813858,0.0,17.0,34.9954910278,58.380952381,100.0,32.0,21.6413405095,1226.0
34,16.4224279615,32.0242839484,0.0,23.0,19.4636669159,45.1428571429,72.0,33.0,11.5077613561,948.0
34,16.4105721969,32.0269279891,0.0,11.0,25.8854064941,50.4761904762,89.0,31.0,15.8354635159,1060.0
34,16.4505736696,32.0406582919,0.0,21.0,41.5597229004,60.4761904762,121.0,33.0,25.4413424324,1270.0
34,16.4282806344,32.0325496561,0.0,1.0,23.0321655273,50.0476190476,79.0,26.0,13.8905586298,1051.0
34,16.4028573155,32.0297933661,0.0,5.0,21.7880134583,47.4761904762,75.0,25.0,13.9950671582,997.0
34,16.426446478,32.01312062,0.0,8.0,32.7300796509,60.4285714286,106.0,39.0,16.8717854081,1269.0
34,16.4582203889,32.0486960166,0.0,32.0,14.4591608047,40.0,65.0,23.0,9.88433103452,840.0
34,16.4332344565,32.0449255286,0.0,16.0,39.4547233582,60.9047619048,115.0,35.0,23.7295275172,1279.0
34,16.4289737098,32.0318858768,0.0,4.0,18.6403427124,46.5238095238,76.0,26.0,12.8709713993,977.0
34,16.4656219138,32.1003488331,0.0,31.0,18.9614715576,42.2857142857,74.0,26.0,12.9272690741,888.0
34,16.4471137955,32.0332714816,0.0,28.0,21.9924144745,44.2857142857,89.0,23.0,15.1299136056,930.0
34,16.4524409193,32.0435489972,0.0,18.0,28.5954761505,55.380952381,88.0,35.0,16.6477511709,1163.0
34,16.4146323237,32.0376766026,0.0,26.0,26.0845375061,49.9523809524,88.0,28.0,18.1534464785,1049.0
34,16.4214592583,32.0355300615,0.0,13.0,45.4825515747,68.1904761905,119.0,37.0,25.1845568705,1432.0
34,16.4314307685,32.0171994957,0.0,0.0,18.1262245178,45.5714285714,75.0,30.0,12.2211760014,957.0
34,16.4097993398,32.00356129,0.0,6.0,27.9432277679,51.619047619,95.0,34.0,17.2698471055,1084.0
34,16.4384208132,32.0564679794,0.0,10.0,40.8747825623,61.0476190476,117.0,34.0,24.4836194025,1282.0
34,16.4356499398,32.0412668814,0.0,24.0,17.8908596039,41.2380952381,80.0,23.0,13.5643089094,866.0
34,16.4283018528,32.1011093697,0.0,22.0,25.5152301788,47.9523809524,100.0,32.0,16.1445848212,1007.0
35,2.44330627489,33.4422330388,0.0,5.0,16.4802951813,38.619047619,56.0,26.0,9.60456240792,811.0
35,2.36945707833,33.4295317869,0.0,1.0,12.9926662445,34.1904761905,61.0,12.0,10.3374031924,718.0
35,2.34188234889,33.399349173,0.0,3.0,12.9059171677,31.8095238095,63.0,15.0,10.1568649081,668.0
35,2.43657579905,33.5243524422,0.0,0.0,13.0155134201,37.6666666667,50.0,20.0,8.65062618157,791.0
35,2.36631322282,33.3901462726,0.0,2.0,15.7572517395,37.380952381,63.0,24.0,10.5426571151,785.0
35,2.41319609916,33.3732764132,0.0,8.0,15.6056537628,37.619047619,59.0,18.0,11.2359965756,790.0
35,2.36088215778,33.3685788393,0.0,6.0,13.0871953964,36.3333333333,66.0,22.0,10.7672342472,763.0
35,2.36996936264,33.3469472391,0.0,7.0,12.5665130615,36.9047619048,59.0,19.0,9.47578367157,775.0
36,44.3820330218,38.0783527827,0.0,2.0,21.8058948517,50.4761904762,83.0,33.0,12.6199011391,1060.0
36,44.5450796797,38.024493839,0.0,9.0,20.224565506,50.0,80.0,29.0,13.6967149346,1050.0
36,44.4185444185,37.9435379435,0.0,8.0,14.5549297333,47.2380952381,70.0,35.0,10.4637696931,992.0
36,44.5390842065,37.9731994506,0.0,7.0,22.6566314697,50.4761904762,88.0,30.0,13.3627057425,1060.0
36,44.4304479832,37.904526162,0.0,11.0,15.7268238068,46.4285714286,76.0,25.0,11.6214088155,975.0
36,44.4117438296,37.9796821996,0.0,1.0,27.7931556702,56.9523809524,108.0,26.0,16.6717611262,1196.0
36,44.3664992893,37.9858235585,0.0,3.0,23.0980319977,52.9047619048,82.0,28.0,14.1205692587,1111.0
36,44.4170814961,38.0379657614,0.0,4.0,16.6093196869,47.7619047619,70.0,27.0,11.5538078654,1003.0
36,44.4738855831,37.9780789878,0.0,5.0,15.4301481247,45.619047619,74.0,30.0,13.5221159235,958.0
36,44.3931585241,37.8583785133,0.0,0.0,18.8194618225,51.9523809524,72.0,37.0,11.1645698102,1091.0
36,44.4322658942,37.9412754529,0.0,10.0,14.2882623672,45.8571428571,73.0,35.0,10.7670131155,963.0
37,27.075451141,35.8168263771,0.0,4.0,27.2745170593,56.4761904762,90.0,34.0,17.8370935066,1186.0
37,27.2200199764,35.703747324,0.0,1.0,25.8120212555,54.380952381,94.0,28.0,15.7527019602,1142.0
37,27.0236020797,35.7879637467,0.0,3.0,24.8787765503,54.5238095238,92.0,32.0,16.7021526984,1145.0
37,27.2064659169,35.6510490531,0.0,0.0,20.9466381073,50.9523809524,75.0,38.0,11.6467857818,1070.0
37,27.1293529689,35.758381376,0.0,2.0,27.0690822601,55.5714285714,86.0,35.0,17.1101473651,1167.0
38,31.8860094769,37.9444127042,0.0,6.0,23.1048412323,50.1904761905,76.0,29.0,14.2183650524,1054.0
38,31.9004556605,37.9295069323,0.0,9.0,28.5133647919,52.9523809524,96.0,27.0,16.7435844146,1112.0
38,31.9005166893,37.9265655121,0.0,11.0,23.6536808014,52.5714285714,94.0,28.0,16.110777227,1104.0
38,31.9463350057,37.9521652328,0.0,1.0,24.4483604431,52.7619047619,87.0,34.0,14.2509815869,1108.0
38,31.9140707887,37.9537646724,0.0,5.0,22.8965911865,49.0952380952,76.0,26.0,15.9464878952,1031.0
38,31.8847476849,37.924687519,0.0,2.0,19.8278980255,47.7619047619,75.0,33.0,12.5176066479,1003.0
38,31.9108442781,37.912895306,0.0,8.0,15.1281833649,45.0476190476,66.0,31.0,9.95728974408,946.0
38,31.9365405156,37.9555203675,0.0,12.0,17.0040378571,44.4761904762,75.0,29.0,11.7882104139,934.0
38,31.8792007097,37.9491452012,0.0,7.0,19.0024280548,45.0952380952,75.0,17.0,14.2755201723,947.0
38,31.9285376679,37.9755573618,0.0,4.0,21.575460434,52.1904761905,88.0,32.0,14.6581685337,1096.0
38,31.8900152034,37.9613833349,0.0,3.0,26.6972408295,52.1904761905,88.0,32.0,16.735050187,1096.0
38,31.9029129835,37.8745918298,0.0,14.0,20.0806427002,44.8571428571,81.0,26.0,15.7616170309,942.0
38,31.9189161367,37.9621245719,0.0,13.0,20.0040988922,48.1428571429,81.0,31.0,12.5191282216,1011.0
38,31.8984050203,37.9435083601,0.0,0.0,17.5598697662,47.4285714286,69.0,32.0,10.9433606747,996.0
38,31.9004626704,37.9316789521,0.0,10.0,17.4343700409,46.5714285714,73.0,31.0,12.1308343842,978.0
39,43.4761342953,27.2835209633,0.0,2.0,13.2501049042,42.9523809524,68.0,22.0,9.09107359159,902.0
39,43.3740745526,27.2910670584,0.0,3.0,14.1095666885,42.4761904762,60.0,27.0,10.2157674583,892.0
40,30.5191966077,26.1476904921,0.0,2.0,15.3214607239,46.8095238095,74.0,24.0,11.2987567795,983.0
40,30.4719537171,26.2195933836,0.0,4.0,15.7082929611,47.380952381,72.0,25.0,11.7024620934,995.0
40,30.462700572,26.2292168279,0.0,3.0,17.3037815094,47.3333333333,77.0,34.0,11.1280426551,994.0
41,39.5202684855,28.8306670435,0.0,2.0,12.7293643951,48.7619047619,67.0,30.0,9.44936379819,1024.0
41,39.5188803004,28.921106425,0.0,3.0,19.8352031708,49.2380952381,89.0,30.0,13.4903845827,1034.0
42,17.804072667,31.6834633978,0.0,5.0,21.769443512,48.1904761905,80.0,24.0,14.7228361657,1012.0
42,17.7114625684,31.6701096308,0.0,6.0,14.6220369339,45.0952380952,61.0,25.0,9.16463180878,947.0
42,17.7413490235,31.7821009133,0.0,2.0,18.9696559906,45.5238095238,78.0,27.0,11.9105795309,956.0
42,17.7480118039,31.8594904571,0.0,3.0,19.063085556,44.5238095238,78.0,26.0,12.2499757045,935.0
42,17.8008397698,31.8388503765,0.0,4.0,17.3209781647,45.5714285714,71.0,26.0,10.5478501533,957.0
43,12.9898907368,31.985164813,0.0,1.0,15.725771904,40.4761904762,65.0,29.0,10.462404349,850.0
43,12.99562215,31.9787105995,0.0,3.0,14.0631198883,38.9047619048,66.0,22.0,10.8623421135,817.0
43,13.0244305619,32.0037052665,0.0,2.0,13.5030565262,38.9047619048,65.0,19.0,11.0358722442,817.0
44,28.4331155009,36.5816226906,0.0,15.0,19.7712440491,47.4761904762,81.0,30.0,13.7862940909,997.0
44,28.6514897925,36.8328374695,0.0,20.0,23.2379398346,48.619047619,85.0,31.0,15.0780509035,1021.0
44,28.8864534857,36.7558351116,0.0,30.0,22.0918140411,48.0,77.0,27.0,13.0766968306,1008.0
44,28.6216524008,36.8927246253,0.0,2.0,21.2132434845,48.1904761905,84.0,29.0,14.0947474175,1012.0
44,28.390620155,36.3678257045,0.0,12.0,19.2474193573,46.4285714286,93.0,29.0,13.2648838237,975.0
44,28.6000320911,36.5244257201,0.0,7.0,12.7708940506,41.0952380952,66.0,23.0,11.0041117856,863.0
44,28.7574733519,36.7802496184,0.0,29.0,27.0342025757,50.0476190476,85.0,25.0,16.6537569049,1051.0
44,28.6668404191,36.8795313605,0.0,3.0,24.1465606689,51.1904761905,82.0,23.0,14.9118042088,1075.0
44,28.4815879707,36.5999016191,0.0,14.0,22.725353241,47.619047619,82.0,26.0,16.6206985126,1000.0
44,28.6181669878,36.7800393504,0.0,19.0,31.4944381714,57.5714285714,105.0,39.0,16.3418830879,1209.0
44,28.8009924349,36.8884653435,0.0,25.0,21.5846424103,47.6666666667,85.0,25.0,14.6742404687,1001.0
44,28.6241494587,36.6933127805,0.0,17.0,15.1612644196,43.7142857143,65.0,29.0,10.1643635174,918.0
44,28.8864869051,36.8013101127,0.0,23.0,16.9202957153,47.8095238095,77.0,29.0,11.7499746707,1004.0
44,28.7688453982,36.9733984389,0.0,27.0,15.720208168,46.1904761905,69.0,29.0,10.3277250526,970.0
44,28.3339122777,36.5107605609,0.0,9.0,14.9556360245,45.0476190476,69.0,25.0,9.24378813299,946.0
44,28.8043564396,36.7728729925,0.0,21.0,19.3971729279,46.4285714286,80.0,29.0,15.1906926392,975.0
44,28.469514435,36.4099202763,0.0,11.0,14.1346025467,43.0,65.0,27.0,9.36482781475,903.0
44,28.6828149081,36.7752271982,0.0,5.0,29.2759628296,54.7619047619,113.0,29.0,18.606194565,1150.0
44,28.468385634,36.5021089249,0.0,8.0,18.9891490936,52.0952380952,78.0,35.0,12.2552224048,1094.0
44,28.4912874963,36.6234583043,0.0,16.0,20.9943962097,48.2380952381,77.0,34.0,12.3284417584,1013.0
44,28.8194956905,36.7819645335,0.0,28.0,23.5848884583,46.4285714286,88.0,25.0,15.7593509656,975.0
44,28.5292141058,36.8759857864,0.0,4.0,18.5042247772,47.7142857143,72.0,31.0,11.2300616968,1002.0
44,28.6744161204,36.5768711965,0.0,18.0,20.9413356781,49.7142857143,78.0,33.0,12.5544528242,1044.0
44,28.7811219892,36.9051198369,0.0,26.0,18.8669319153,48.6666666667,88.0,27.0,13.0089712635,1022.0
44,28.8803394688,36.7827063751,0.0,24.0,31.2890300751,51.9523809524,95.0,28.0,19.8102907361,1091.0
44,28.4321197959,36.532158243,0.0,13.0,19.0468673706,48.8095238095,85.0,32.0,12.9600117578,1025.0
44,28.4601475551,36.4935872964,0.0,10.0,29.7397499084,49.8095238095,109.0,27.0,19.7499849307,1046.0
44,28.7633941735,36.6144460264,0.0,6.0,14.7438755035,43.1428571429,60.0,25.0,10.1748990869,906.0
44,29.0163347519,36.7205900178,0.0,22.0,24.0464000702,49.4761904762,88.0,33.0,15.4162869966,1039.0
45,30.5155114686,1.87468495994,0.0,6.0,24.4747028351,52.2857142857,96.0,31.0,15.1365215857,1098.0
45,30.6808030721,1.82109238445,0.0,3.0,15.1195192337,42.2857142857,62.0,25.0,10.1101080961,888.0
45,30.5601856112,1.800968079,0.0,4.0,14.0489177704,43.0,62.0,27.0,9.2736184955,903.0
45,30.5515009122,1.87871489824,0.0,5.0,16.7977390289,41.7142857143,64.0,27.0,11.1899189324,876.0
45,30.6162082195,1.81016269806,0.0,2.0,14.4050207138,43.3333333333,65.0,29.0,10.0316166859,910.0
46,22.2300491887,7.17876074903,0.0,3.0,15.9804782867,43.8095238095,66.0,26.0,11.5785104725,920.0
46,22.3118790474,7.23216880417,0.0,4.0,14.1023855209,43.2857142857,57.0,29.0,8.01961880106,909.0
46,22.201019707,7.22435143608,0.0,2.0,13.8191566467,41.8571428571,64.0,31.0,10.6690473534,879.0
47,29.0707742663,12.2225638169,0.0,7.0,22.0306053162,51.0,83.0,32.0,16.1338154198,1071.0
47,28.869467465,12.2029684393,0.0,11.0,17.4660949707,47.9523809524,74.0,29.0,10.6417864594,1007.0
47,29.0843937683,12.1031873257,0.0,8.0,14.5015449524,47.619047619,62.0,26.0,9.91703680782,1000.0
47,29.0139485516,12.1680572611,0.0,1.0,13.9043664932,42.8571428571,69.0,30.0,9.67618578928,900.0
47,29.119329587,12.333768659,0.0,4.0,27.6368904114,56.0,105.0,30.0,17.0146995272,1176.0
47,28.7757250359,12.1946214844,0.0,12.0,15.1480302811,42.5238095238,69.0,24.0,11.320861485,893.0
47,28.9853545523,12.1791662645,0.0,10.0,23.1153182983,53.380952381,89.0,38.0,13.3808676493,1121.0
47,29.1123459702,12.2635447861,0.0,3.0,27.9523468018,54.9047619048,95.0,34.0,17.2363127203,1153.0
47,29.1829352367,12.1690960208,0.0,9.0,21.2386436462,51.4761904762,81.0,32.0,13.6734013604,1081.0
47,29.0210501225,12.3692951635,0.0,5.0,28.503786087,52.5714285714,95.0,32.0,19.3017393739,1104.0
47,29.0972636186,12.1989618152,0.0,2.0,18.0174293518,47.619047619,78.0,33.0,12.1469180885,1000.0
47,28.9987923631,12.3824688437,0.0,6.0,27.3505020142,57.5714285714,86.0,33.0,15.714870119,1209.0
48,35.4533095076,15.8127009003,0.0,37.0,26.0650157928,47.2857142857,104.0,25.0,18.169047463,993.0
48,35.4583711089,15.7975233676,0.0,29.0,35.8625335693,59.2857142857,105.0,38.0,18.5637896377,1245.0
48,35.4470416338,15.7999527426,0.0,39.0,21.6357421875,48.5238095238,77.0,23.0,13.3364877221,1019.0
48,35.4596245378,15.8234339906,0.0,46.0,17.1323261261,46.0,69.0,22.0,11.0679718106,966.0
48,35.452632222,15.811336673,0.0,14.0,25.6852169037,49.1428571429,90.0,25.0,16.5930277957,1032.0
48,35.4597478786,15.803722841,0.0,36.0,19.2619609833,45.380952381,73.0,27.0,12.7415705095,953.0
48,35.4030680857,15.8419636652,0.0,1.0,16.2481079102,46.3333333333,72.0,29.0,11.1280426551,973.0
48,35.441037345,15.797265044,0.0,27.0,27.9075107574,54.7142857143,96.0,32.0,17.8693672444,1149.0
48,35.4229864665,15.7967557324,0.0,23.0,28.0530319214,53.4285714286,87.0,26.0,16.719962406,1122.0
48,35.4413216845,15.7874717953,0.0,25.0,33.4244384766,57.4761904762,104.0,35.0,18.4217780022,1207.0
48,35.4030020229,15.7908789382,0.0,9.0,18.9962596893,44.7142857143,85.0,30.0,13.8533131674,939.0
48,35.4537423797,15.8178666883,0.0,17.0,31.1914367676,52.619047619,95.0,34.0,17.4369612905,1105.0
48,35.4330100243,15.8307373801,0.0,5.0,18.3650226593,49.4761904762,78.0,29.0,11.9189724709,1039.0
48,35.4564950711,15.8135525048,0.0,45.0,22.3819389343,48.2857142857,80.0,33.0,12.9774529748,1014.0
48,35.4478052528,15.8075400884,0.0,42.0,20.8787651062,49.2857142857,84.0,30.0,12.6615277796,1035.0
48,35.4366650342,15.7971714634,0.0,19.0,32.7674026489,56.8571428571,98.0,30.0,20.1972416787,1194.0
48,35.3895615992,15.8632550841,0.0,8.0,16.593164444,45.0,68.0,30.0,11.6404467268,945.0
48,35.4507124754,15.8153290207,0.0,11.0,30.3249759674,56.4285714286,104.0,39.0,17.042803257,1185.0
48,35.4343230889,15.7954627502,0.0,21.0,27.0023994446,55.1904761905,102.0,36.0,15.9393194573,1159.0
48,35.4490451372,15.8241074911,0.0,33.0,20.2919940948,47.6666666667,76.0,33.0,11.3240157777,1001.0
48,35.4216882456,15.7924268273,0.0,32.0,32.2877311707,57.1428571429,112.0,29.0,19.7516726236,1200.0
48,35.4053287619,15.7985901619,0.0,40.0,31.3738040924,54.380952381,99.0,24.0,20.3800789755,1142.0
48,35.4404398298,15.8014334101,0.0,43.0,27.235332489,51.9047619048,96.0,36.0,15.2771226411,1090.0
48,35.4286913717,15.8773237232,0.0,4.0,18.9743232727,51.1428571429,85.0,29.0,13.3164774407,1074.0
48,35.4358355271,15.8130691707,0.0,16.0,17.5047836304,45.9047619048,68.0,27.0,10.4589902089,964.0
48,35.4676792721,15.8228838777,0.0,6.0,18.219045639,48.4761904762,71.0,28.0,10.8610268742,1018.0
48,35.4649422858,15.8241347993,0.0,31.0,29.1414432526,55.1904761905,94.0,29.0,17.3856810267,1159.0
48,35.4480986814,15.7940326016,0.0,28.0,29.0285758972,54.9047619048,92.0,31.0,17.3922533385,1153.0
48,35.4519476201,15.7876303831,0.0,26.0,31.7892780304,54.8571428571,108.0,34.0,18.1005130156,1152.0
48,35.4705962349,15.7970650949,0.0,38.0,19.1225357056,49.7619047619,83.0,33.0,11.8865670482,1045.0
48,35.4728165946,15.8069933412,0.0,18.0,30.8625793457,55.4761904762,100.0,33.0,17.4029280514,1165.0
48,35.4666868548,15.8113737697,0.0,24.0,21.8707790375,50.7142857143,84.0,35.0,12.9427309991,1065.0
48,35.4545536502,15.8431645924,0.0,10.0,22.5808868408,50.3333333333,79.0,29.0,13.9403491109,1057.0
48,35.4541641652,15.8002117165,0.0,22.0,31.0417709351,56.1904761905,94.0,32.0,17.2789439713,1180.0
48,35.438280495,15.8102650928,0.0,13.0,32.1443367004,59.3333333333,100.0,38.0,17.1415674118,1246.0
48,35.4600018199,15.8286874634,0.0,44.0,34.1765899658,59.5714285714,96.0,33.0,19.5078738682,1251.0
48,35.455385654,15.8112651209,0.0,15.0,52.8509292603,71.4761904762,138.0,42.0,27.3963848849,1501.0
48,35.4617034507,15.8150752362,0.0,35.0,39.6987800598,61.7619047619,119.0,40.0,20.5253617798,1297.0
48,35.4600315544,15.8293664553,0.0,2.0,16.7401599884,46.4761904762,74.0,30.0,10.717364637,976.0
48,35.4201259965,15.8536532561,0.0,7.0,18.6808223724,49.5714285714,76.0,28.0,12.9134481397,1041.0
48,35.4320019669,15.8268325157,0.0,41.0,25.2009716034,53.2380952381,88.0,33.0,14.296519723,1118.0
48,35.451849249,15.791058265,0.0,12.0,28.4143314362,54.0,104.0,32.0,16.7779617356,1134.0
48,35.4513633059,15.8171002827,0.0,30.0,31.9711494446,55.5238095238,114.0,32.0,20.0514813608,1166.0
48,35.4336229721,15.8169613434,0.0,34.0,20.9160289764,49.0476190476,72.0,35.0,12.5677213148,1030.0
48,35.4811523138,15.8903780227,0.0,3.0,20.0670814514,47.7619047619,82.0,27.0,13.1715783485,1003.0
49,39.9781041862,18.506268207,0.0,9.0,19.5426540375,52.3333333333,80.0,29.0,12.6820082532,1099.0
49,39.834802051,18.4128962447,0.0,5.0,19.8932666779,53.8095238095,78.0,35.0,11.8516625316,1130.0
49,39.8973710997,18.2443854521,0.0,4.0,25.9261627197,50.9047619048,85.0,26.0,16.1644819339,1069.0
49,40.0405851867,18.2601505487,0.0,2.0,19.458896637,47.7619047619,74.0,29.0,11.827530435,1003.0
49,39.880167328,18.4616296725,0.0,6.0,24.6486644745,55.2857142857,83.0,29.0,15.4633206561,1161.0
49,39.9848955437,18.5218134234,0.0,8.0,19.6986484528,51.6666666667,79.0,26.0,13.3316665625,1085.0
49,39.88970212,18.4911714599,0.0,7.0,21.7657642365,54.7142857143,80.0,33.0,12.7637880629,1149.0
49,40.0168571927,18.4434751596,0.0,10.0,19.4382343292,51.4285714286,76.0,34.0,12.4762631768,1080.0
49,40.1001982016,18.2939591613,0.0,1.0,17.3785991669,43.5238095238,71.0,28.0,12.1639592552,914.0
49,39.9163781279,18.2435234121,0.0,3.0,29.7880020142,53.4761904762,110.0,35.0,19.1458064537,1123.0
50,17.1075610647,21.0760868311,0.0,3.0,14.5126171112,40.1428571429,74.0,25.0,10.8686968597,843.0
50,17.1157270574,21.1164572985,0.0,2.0,13.4400472641,38.5238095238,55.0,23.0,9.14122009154,809.0
51,29.0392928696,23.0280301864,0.0,3.0,29.1412963867,56.2857142857,110.0,32.0,18.404192069,1182.0
51,29.1667237478,22.9650745935,0.0,2.0,29.5077152252,53.2857142857,100.0,26.0,19.1863046394,1119.0
52,13.1921354902,24.7050230623,0.0,1.0,15.732049942,44.1428571429,71.0,28.0,9.72258049226,927.0
52,13.1123523454,24.4814125058,0.0,3.0,19.66381073,44.0,74.0,25.0,13.7804208934,924.0
52,13.0965049297,24.7212045317,0.0,2.0,13.963013649,42.7619047619,61.0,31.0,9.01612312419,898.0
53,17.7827945847,15.751290277,0.0,2.0,15.4777460098,46.7619047619,78.0,30.0,12.4213717516,982.0
53,17.6106393578,15.7003087922,0.0,1.0,18.2588367462,48.4285714286,77.0,21.0,13.8873014966,1017.0
54,22.5548296052,13.4638175768,0.0,1.0,17.5127983093,48.4761904762,80.0,32.0,11.2143615405,1018.0
54,22.6121381995,13.4245897357,0.0,2.0,13.3831882477,46.0952380952,70.0,31.0,9.0934303863,968.0
55,33.6555895254,38.9354768544,0.0,2.0,12.3959236145,42.9047619048,62.0,28.0,8.69427835939,901.0
55,33.5780243406,39.0484522785,0.0,1.0,14.2725973129,42.4761904762,67.0,26.0,11.8220939246,892.0
56,37.7207972082,0.652661151734,0.0,1.0,15.2822952271,42.8095238095,70.0,27.0,9.96804417937,899.0
56,37.6485391196,0.747500987074,0.0,2.0,17.3282794952,43.1904761905,72.0,27.0,12.436313954,907.0
57,14.6401665508,1.82477106985,0.0,8.0,13.9182243347,39.619047619,61.0,26.0,10.0223559629,832.0
57,14.6550067119,1.67574595528,0.0,7.0,18.4004039764,46.4285714286,62.0,29.0,10.6610104051,975.0
57,14.5218643618,1.68913034485,0.0,6.0,19.0750961304,42.8095238095,77.0,23.0,13.0331080239,899.0
57,14.4417757465,1.58995802344,0.0,4.0,25.8384418488,48.7619047619,79.0,29.0,16.376522103,1024.0
57,14.5456874605,1.5804550693,0.0,3.0,19.1919269562,43.9523809524,70.0,29.0,12.753337565,923.0
57,14.4745429707,1.56617826458,0.0,5.0,21.7663402557,45.9523809524,66.0,25.0,13.4591091476,965.0
58,30.1198676683,4.45545738101,0.0,4.0,15.4663438797,46.5238095238,70.0,27.0,12.2090910703,977.0
58,29.6776540709,4.21556097168,0.0,13.0,15.5033855438,42.7619047619,65.0,25.0,11.8613016229,898.0
58,29.9055015633,4.37218731333,0.0,5.0,20.3043117523,46.0952380952,84.0,28.0,13.645163106,968.0
58,29.732788992,4.3089635491,0.0,11.0,14.1789989471,44.6666666667,64.0,28.0,9.81495457622,938.0
58,29.9277126371,4.40631684526,0.0,8.0,16.659318924,45.0476190476,74.0,28.0,10.5094062177,946.0
58,29.9236232256,4.4363895342,0.0,6.0,16.1308078766,43.8095238095,66.0,26.0,11.5222352329,920.0
58,29.8944454441,4.34997770922,0.0,9.0,19.7814617157,47.4761904762,74.0,26.0,14.3722616439,997.0
58,29.8549115387,4.43337883273,0.0,10.0,12.6338882446,42.6666666667,76.0,26.0,11.5383418797,896.0
58,29.6643038309,4.18743819299,0.0,12.0,14.6787605286,43.0,73.0,28.0,9.96995486449,903.0
59,17.3034849955,13.4380454567,0.0,4.0,13.1508827209,41.5714285714,65.0,24.0,9.97783257312,873.0
59,17.3848515844,13.4220107392,0.0,5.0,14.2023162842,44.6666666667,65.0,22.0,10.3553528831,938.0
60,19.0818471961,14.3966089499,0.0,6.0,15.0266170502,44.2380952381,71.0,34.0,8.72871560944,929.0
60,18.9387480597,14.5090511323,0.0,8.0,16.7313632965,46.0476190476,70.0,29.0,10.5899772921,967.0
60,18.9827687877,14.4402712407,0.0,7.0,15.4925575256,44.1428571429,72.0,27.0,12.1625890101,927.0
60,18.9940950306,14.5399236235,0.0,4.0,19.875328064,50.7619047619,74.0,35.0,11.4756470925,1066.0
60,19.0897853904,14.468944995,0.0,5.0,20.0650367737,49.0952380952,77.0,27.0,12.3608444772,1031.0
61,30.2561974498,17.3732941501,0.0,5.0,24.8404026031,51.8571428571,88.0,33.0,15.8438811984,1089.0
61,30.2723191844,17.3068836247,0.0,4.0,12.1162309647,46.1904761905,64.0,26.0,10.02306863,970.0
61,30.2645924833,17.3536184544,0.0,6.0,14.0514554977,45.7142857143,61.0,31.0,8.94507047006,960.0
62,14.3265665669,22.0284993825,0.0,4.0,14.7524003983,40.380952381,67.0,25.0,11.4388644125,848.0
62,14.3011440775,22.0032427684,0.0,5.0,16.0555706024,42.8095238095,73.0,31.0,11.0481629587,899.0
62,14.2686628063,21.9626590796,0.0,6.0,13.2724218369,41.2380952381,65.0,25.0,10.3291081992,866.0
63,11.2811637994,20.1952810541,0.0,4.0,13.4039020538,39.4285714286,58.0,27.0,8.88015443881,828.0
63,11.3618125631,20.1933936432,0.0,5.0,13.3858098984,40.380952381,56.0,24.0,9.07455888997,848.0
64,41.5338222577,27.5877864033,0.0,7.0,15.7064800262,44.0476190476,64.0,21.0,11.0926831311,925.0
64,41.5454504986,27.6298075916,0.0,8.0,12.2866649628,40.9523809524,65.0,28.0,9.74923684437,860.0
64,41.514364834,27.477966406,0.0,4.0,15.8364562988,43.1428571429,77.0,28.0,11.3414536735,906.0
64,41.4534722796,27.4295824724,0.0,5.0,15.600856781,44.380952381,69.0,27.0,9.89179554215,932.0
64,41.5173765608,27.4523850148,0.0,6.0,14.4700660706,45.619047619,63.0,28.0,10.1905651977,958.0
65,34.6492465411,28.7026320903,0.0,7.0,20.4994506836,52.8571428571,81.0,30.0,13.573082606,1110.0
65,34.7007144408,28.7496298132,0.0,8.0,22.1788825989,51.5714285714,81.0,31.0,13.5076697789,1083.0
65,34.7678334119,28.6067730407,0.0,12.0,15.6623487473,47.9047619048,81.0,33.0,11.4319935353,1006.0
65,34.5591448982,28.5971375067,0.0,16.0,13.4604911804,46.0952380952,67.0,26.0,10.265986372,968.0
65,34.631041495,28.6997904556,0.0,4.0,14.9405736923,47.4761904762,77.0,32.0,11.2321816564,997.0
65,34.5808306205,28.699714342,0.0,3.0,25.724647522,53.3333333333,87.0,32.0,16.4539762165,1120.0
65,34.5969118702,28.673101089,0.0,6.0,21.2130699158,50.8571428571,77.0,24.0,13.9258239048,1068.0
65,34.6415810938,28.7386662586,0.0,10.0,21.04255867,51.0952380952,79.0,28.0,13.899297687,1073.0
65,34.6160654493,28.5143641049,0.0,13.0,14.5921850204,49.0476190476,72.0,32.0,10.6933446146,1030.0
65,34.6407961407,28.7436821665,0.0,9.0,18.0123634338,48.6666666667,88.0,31.0,12.2936297867,1022.0
65,34.5623244365,28.4607709705,0.0,15.0,16.4379405975,49.1428571429,74.0,33.0,12.3259308544,1032.0
65,34.7014102013,28.6705776324,0.0,11.0,21.2809562683,48.2857142857,77.0,31.0,13.138275599,1014.0
65,34.5677038844,28.7047468977,0.0,5.0,15.2343130112,46.0952380952,70.0,23.0,10.8208352816,968.0
66,44.910405101,32.8823538644,0.0,4.0,17.5423183441,44.5714285714,72.0,29.0,10.9707403058,936.0
66,44.9208575253,32.9441312631,0.0,5.0,14.9923458099,44.0476190476,75.0,33.0,10.1709202655,925.0
66,44.8869734595,33.0332992241,0.0,6.0,16.3309841156,43.2857142857,70.0,25.0,10.2671459381,909.0
67,35.6516752773,34.2423837491,0.0,4.0,13.5346193314,47.6666666667,66.0,27.0,10.3456915348,1001.0
67,35.6449224798,34.2168045769,0.0,5.0,22.0418395996,49.0,91.0,27.0,15.8713578499,1029.0
67,35.7691255986,34.2170145592,0.0,6.0,22.4480018616,52.1904761905,87.0,30.0,14.7703048297,1096.0
67,35.6956732784,34.1407398487,0.0,8.0,21.9158287048,56.9523809524,83.0,41.0,11.447603201,1196.0
67,35.7565367904,34.1677635207,0.0,7.0,20.4518222809,51.0952380952,79.0,23.0,12.8565343771,1073.0
68,43.1361405075,36.9604448456,0.0,6.0,15.0502843857,47.7619047619,68.0,30.0,11.1395904858,1003.0
68,43.1044907763,37.0066051803,0.0,7.0,17.123167038,48.4285714286,75.0,27.0,12.1060787564,1017.0
68,42.9956422404,37.0654988506,0.0,4.0,23.746547699,53.380952381,94.0,31.0,15.1376226353,1121.0
68,43.0440363976,36.9838818191,0.0,5.0,12.8697309494,45.7619047619,66.0,31.0,10.7652438983,961.0
69,4.40722127303,38.464566605,0.0,4.0,13.4912996292,36.0476190476,58.0,27.0,8.32752178308,757.0
69,4.38410850332,38.4567716455,0.0,3.0,14.3422689438,39.0,56.0,20.0,8.31264097625,819.0
70,22.8169773871,14.1411862335,0.0,3.0,12.1787862778,44.1428571429,64.0,31.0,9.89083269642,927.0
70,22.9162322645,14.1179045866,0.0,4.0,15.1861667633,43.5714285714,68.0,26.0,10.7683398376,915.0
71,25.6539073465,2.74018196605,0.0,5.0,14.2520856857,44.380952381,74.0,29.0,9.91199369691,932.0
71,25.9294409531,2.78002198155,0.0,8.0,12.083779335,41.8095238095,62.0,20.0,9.5478743583,878.0
71,25.925287439,2.49244623306,0.0,11.0,14.3178596497,43.1428571429,68.0,23.0,10.2336978375,906.0
71,25.8005203296,2.73938757635,0.0,6.0,14.2447967529,44.9047619048,73.0,27.0,10.4685469952,943.0
71,25.9397957061,2.71130213606,0.0,7.0,16.637588501,42.3333333333,66.0,22.0,12.0637197138,889.0
71,25.8796022742,2.53198194926,0.0,9.0,18.5414867401,48.1904761905,66.0,29.0,11.8727378798,1012.0
71,25.9336191109,2.597583332,0.0,12.0,21.0478649139,45.7619047619,89.0,32.0,13.401137123,961.0
71,25.9623376902,2.49414348122,0.0,10.0,16.476890564,41.619047619,69.0,27.0,12.0269538557,874.0
71,26.0407594168,2.56937859405,0.0,13.0,15.9687538147,43.4285714286,61.0,31.0,8.99205998963,912.0
72,18.4409009004,3.98912107551,0.0,5.0,15.218003273,43.4761904762,70.0,25.0,11.8769484617,913.0
72,18.3796654746,4.00834894589,0.0,7.0,12.6369476318,41.0,70.0,27.0,9.89949493661,861.0
72,18.4221669143,4.01789688046,0.0,6.0,13.8463773727,40.1428571429,60.0,23.0,10.0313793383,843.0
73,33.2913571163,20.8461071911,0.0,7.0,20.0729007721,49.4285714286,75.0,30.0,12.2701728943,1038.0
73,33.24960184,20.7922082051,0.0,5.0,14.0220355988,42.7619047619,69.0,29.0,11.6743512107,898.0
73,33.2754170719,20.7948711696,0.0,6.0,15.0339946747,45.1428571429,69.0,25.0,11.6502605734,948.0
74,12.8599983096,20.2759614581,0.0,5.0,16.9184265137,41.6666666667,80.0,25.0,12.8698614341,875.0
74,12.918324086,20.1999996467,0.0,6.0,17.3147201538,45.0952380952,72.0,29.0,11.7681976611,947.0
74,13.1220238918,20.2954420017,0.0,8.0,18.6125793457,44.9047619048,72.0,26.0,11.3793882169,943.0
74,13.0089561621,20.2615807313,0.0,7.0,12.795083046,41.9047619048,69.0,23.0,10.8393023849,880.0
75,25.2596792404,32.3162863367,0.0,5.0,13.8194036484,40.9523809524,62.0,25.0,10.5094062177,860.0
75,25.3166543445,32.2977069795,0.0,6.0,14.4494047165,43.5714285714,63.0,22.0,10.0477431723,915.0
76,42.7878192208,35.5398578959,0.0,7.0,23.8549060822,55.7142857143,91.0,36.0,16.1125505651,1170.0
76,42.8581073469,35.5149657122,0.0,8.0,31.896188736,58.5714285714,99.0,35.0,18.1702268246,1230.0
76,42.9038754991,35.5861515895,0.0,15.0,19.0756320953,50.5238095238,80.0,27.0,13.0637630399,1061.0
76,43.0596286194,35.542877289,0.0,11.0,16.4219055176,50.2380952381,81.0,36.0,11.6786333186,1055.0
76,42.6228876667,35.3174756832,0.0,5.0,15.0356397629,45.8571428571,67.0,29.0,9.13392420751,963.0
76,42.9323388146,35.685322459,0.0,14.0,21.161026001,51.619047619,81.0,30.0,14.7562738877,1084.0
76,42.9826166429,35.5010139318,0.0,10.0,26.2184200287,54.8571428571,99.0,32.0,15.3045278081,1152.0
76,42.9912647193,35.571935247,0.0,13.0,23.0096797943,53.1428571429,80.0,31.0,13.712351054,1116.0
76,42.7469742048,35.5461110347,0.0,6.0,30.6776180267,60.2380952381,116.0,39.0,20.508302616,1265.0
76,42.9590191314,35.5854972564,0.0,9.0,21.7168712616,55.4761904762,75.0,35.0,13.1248582759,1165.0
76,43.0247099011,35.4794900212,0.0,12.0,21.2589149475,49.4285714286,88.0,32.0,14.3267980672,1038.0
77,18.124638767,38.8441410673,0.0,10.0,13.0139904022,40.619047619,63.0,31.0,8.33352380735,853.0
77,18.2223480717,38.7351109178,0.0,9.0,19.1812839508,46.3333333333,69.0,28.0,11.9721899974,973.0
77,18.1403442631,38.7883058417,0.0,8.0,15.4278297424,44.1904761905,70.0,30.0,9.99309285266,928.0
77,18.2567905209,38.7191306363,0.0,6.0,20.4682483673,43.380952381,90.0,25.0,13.6068960108,911.0
77,18.2703398206,38.7280222054,0.0,7.0,16.4647541046,40.7619047619,67.0,29.0,9.81786515443,856.0
77,18.1447696897,38.7295907771,0.0,11.0,17.7912044525,45.7142857143,67.0,32.0,11.3408238552,960.0
78,37.8177455455,14.1648831319,0.0,6.0,15.3156366348,43.619047619,65.0,28.0,10.3512134094,916.0
78,37.599939888,14.263372719,0.0,8.0,13.4604587555,44.0952380952,59.0,29.0,8.34808218638,926.0
78,37.5903030352,14.1791303546,0.0,7.0,15.4111700058,42.8095238095,64.0,22.0,10.9481461792,899.0
78,37.5245394284,14.3358063819,0.0,9.0,15.0822896957,42.9523809524,62.0,24.0,9.24378813299,902.0
79,11.15416361,16.9367959677,0.0,6.0,13.4532155991,40.5238095238,58.0,18.0,10.02306863,851.0
79,11.1234275781,16.9176040196,0.0,8.0,14.890039444,40.2857142857,78.0,22.0,12.2969217983,846.0
79,11.139960894,16.9503685196,0.0,7.0,13.4689207077,40.7142857143,57.0,27.0,8.65530390652,855.0
80,37.2544502425,18.3649520382,0.0,9.0,17.2027568817,43.6666666667,67.0,26.0,11.6890261927,917.0
80,37.2080993217,18.3820440305,0.0,11.0,16.4719200134,45.380952381,70.0,29.0,11.7238056555,953.0
80,37.1881125225,18.3498207319,0.0,14.0,12.4866609573,43.8571428571,59.0,30.0,7.39111435635,921.0
80,37.1963848022,18.3612114572,0.0,6.0,23.4239253998,50.4285714286,76.0,32.0,14.5278058514,1059.0
80,37.2348852728,18.3458870317,0.0,8.0,16.1403579712,42.0476190476,69.0,26.0,12.2044098197,883.0
80,37.2094161895,18.3653391115,0.0,7.0,15.2056903839,45.6666666667,67.0,33.0,8.97960652442,959.0
80,37.2449400489,18.3631933549,0.0,10.0,19.632598877,45.6666666667,82.0,29.0,14.2032860048,959.0
80,37.186560386,18.429231562,0.0,13.0,20.814535141,45.380952381,81.0,30.0,14.0373651035,953.0
80,37.2305644088,18.4456119966,0.0,12.0,15.0953636169,45.6666666667,67.0,25.0,11.79547936,959.0
81,31.9078487737,27.9392316514,0.0,6.0,13.6326971054,47.1904761905,63.0,28.0,8.4653354784,991.0
81,31.7939968292,28.0243685182,0.0,7.0,13.6861114502,45.4761904762,65.0,28.0,10.9937211517,955.0
81,31.8615256148,27.9627555517,0.0,8.0,14.4675521851,45.7619047619,69.0,32.0,9.12088132751,961.0
82,17.327248113,25.2996732932,0.0,8.0,13.8197002411,43.4761904762,66.0,28.0,10.3325652556,913.0
82,17.2614541808,25.2410925877,0.0,7.0,13.9969806671,41.2380952381,67.0,26.0,10.8577380789,866.0
82,17.1537207343,25.3729296552,0.0,12.0,18.5404415131,47.2857142857,74.0,30.0,11.6796526367,993.0
82,17.0162964315,25.1966786444,0.0,20.0,26.7006664276,53.1904761905,91.0,23.0,18.7739688069,1117.0
82,17.0200073406,25.275903422,0.0,16.0,19.5071964264,45.6666666667,70.0,22.0,12.9897395406,959.0
82,17.077095386,25.3034066278,0.0,14.0,21.0797615051,49.5714285714,75.0,29.0,13.0060425517,1041.0
82,16.8822979441,25.1041487999,0.0,26.0,23.348493576,54.0952380952,83.0,35.0,14.6523198228,1136.0
82,17.026419627,24.9904344731,0.0,28.0,15.7395181656,45.2380952381,69.0,31.0,11.5581346328,950.0
82,17.0955202716,25.3909024564,0.0,10.0,16.0700912476,43.8571428571,60.0,31.0,10.1748990869,921.0
82,16.9926978094,25.0105912338,0.0,27.0,16.692741394,47.619047619,70.0,34.0,10.3705168168,1000.0
82,16.8577592769,25.2349583583,0.0,23.0,19.5795478821,48.0,70.0,26.0,11.6404467268,1008.0
82,17.0624574813,25.3470003438,0.0,13.0,16.276556015,44.1428571429,73.0,31.0,10.1994397605,927.0
82,16.8077470739,25.2381609287,0.0,24.0,22.1355113983,47.2380952381,80.0,27.0,13.4458349012,992.0
82,17.1032242893,25.2548382061,0.0,15.0,23.0238647461,47.9523809524,76.0,30.0,14.2354353305,1007.0
82,17.1363589619,25.3305392607,0.0,9.0,25.4624137878,52.2857142857,81.0,21.0,16.6617611828,1098.0
82,16.8677874322,25.110457826,0.0,25.0,21.4437122345,48.4761904762,83.0,32.0,12.9908392632,1018.0
82,16.9281964051,25.1975856683,0.0,22.0,14.3265390396,44.5714285714,66.0,25.0,10.8100482357,936.0
82,17.1034154136,25.2369246477,0.0,17.0,22.1507930756,49.6666666667,88.0,33.0,12.1627847688,1043.0
82,17.0991743832,25.1996490038,0.0,19.0,17.822555542,44.380952381,77.0,24.0,14.3159917242,932.0
82,16.8690659265,25.1310332212,0.0,21.0,14.7705125809,45.0476190476,65.0,32.0,9.04143899209,946.0
83,30.7136161287,34.0578356103,0.0,9.0,17.368478775,45.5714285714,66.0,32.0,11.3691311391,957.0
83,30.9123864116,34.2909189182,0.0,7.0,12.4303092957,40.8571428571,56.0,24.0,9.80961627326,858.0
83,30.7749040937,34.1623039111,0.0,8.0,16.2167873383,46.4285714286,69.0,33.0,9.9074286703,975.0
84,32.1375454833,36.8053026058,0.0,7.0,14.1602983475,41.0952380952,70.0,23.0,12.79806533,863.0
84,32.0899417272,36.7992110799,0.0,8.0,18.8280334473,45.619047619,70.0,28.0,12.179803736,958.0
85,13.7728912366,4.68145677093,0.0,8.0,12.7079982758,39.2857142857,62.0,25.0,9.91535605585,825.0
85,13.5987714737,4.68867057903,0.0,7.0,12.819144249,37.9523809524,56.0,21.0,9.46296037441,797.0
86,13.3512632962,7.08529959622,0.0,10.0,16.3875236511,43.0952380952,67.0,29.0,11.2734411867,905.0
86,13.4275744188,6.88350907297,0.0,11.0,13.0536174774,39.380952381,60.0,21.0,9.33528891077,827.0
86,13.3185834231,7.13297025446,0.0,8.0,14.2178945541,40.2380952381,63.0,27.0,9.96947722754,845.0
86,13.4521031315,7.09485368976,0.0,7.0,16.7002410889,42.5238095238,67.0,26.0,11.5439120216,893.0
87,10.7291912248,7.18984064419,0.0,9.0,12.0876951218,36.7142857143,60.0,22.0,10.5600324675,771.0
87,10.6446834468,6.99024948372,0.0,8.0,12.713145256,37.0952380952,52.0,22.0,9.21360278015,779.0
87,10.6567776809,6.99145666343,0.0,7.0,13.5452022552,38.8095238095,64.0,21.0,11.2143615405,815.0
88,31.8764306483,13.9396064244,0.0,8.0,18.2728309631,44.2857142857,74.0,27.0,12.4705367051,930.0
88,31.991753197,13.9954354377,0.0,7.0,14.4656219482,43.8095238095,61.0,29.0,9.67790807778,920.0
88,31.8437781706,13.8829568557,0.0,9.0,14.1629953384,42.0,72.0,24.0,10.9681356666,882.0
89,30.4241822861,0.515723317182,0.0,8.0,18.99883461,44.5238095238,80.0,29.0,12.7146334891,935.0
89,30.4310824158,0.386675550849,0.0,9.0,13.2302789688,44.619047619,61.0,33.0,7.51316305211,937.0
89,30.6026457414,0.505625066721,0.0,10.0,13.8732748032,40.8095238095,62.0,24.0,9.60530607331,857.0
90,22.3800922754,7.23843718728,0.0,10.0,20.6891155243,44.8095238095,84.0,28.0,13.8478122735,941.0
90,22.5085913653,7.23521049844,0.0,9.0,17.9978027344,46.2857142857,68.0,33.0,9.31741840395,972.0
90,22.3264841494,7.24839305465,0.0,12.0,13.082526207,40.4285714286,59.0,28.0,9.20636425833,849.0
90,22.2637493846,7.27423222719,0.0,13.0,19.7658157349,44.5714285714,75.0,28.0,12.278320034,936.0
90,22.3379688647,7.2255097682,0.0,11.0,16.8430099487,45.4285714286,71.0,27.0,11.3427132053,954.0
90,22.4969524155,7.27742761768,0.0,8.0,15.522690773,43.380952381,74.0,26.0,12.068455537,911.0
90,22.424961496,7.23774952425,0.0,14.0,16.8265399933,46.7619047619,70.0,30.0,10.1188179246,982.0
91,1.99160498445,10.6680882502,0.0,9.0,22.3719024658,42.4285714286,86.0,19.0,16.5123330531,891.0
91,2.07503876877,10.639933511,0.0,8.0,21.0331611633,40.8571428571,74.0,23.0,13.7087042214,858.0
92,9.12815552013,20.9436865643,0.0,9.0,12.7548360825,36.4761904762,54.0,22.0,10.5575520251,766.0
92,9.17608994673,20.9541667897,0.0,8.0,12.5726099014,36.6666666667,58.0,26.0,8.09526610639,770.0
92,9.08824725507,20.9125006102,0.0,10.0,13.0219726562,37.4285714286,56.0,26.0,9.39984802309,786.0
93,32.4405435956,21.4806918778,0.0,9.0,12.3460044861,44.380952381,64.0,32.0,8.46449165914,932.0
93,32.2888348281,21.3404978,0.0,11.0,16.0768089294,47.0476190476,67.0,33.0,10.0522444781,988.0
93,32.3295366138,21.588921938,0.0,8.0,14.0364551544,43.0952380952,68.0,31.0,10.1730268942,905.0
93,32.3317520811,21.3804433138,0.0,12.0,14.7764320374,43.2857142857,62.0,25.0,10.4935354249,909.0
94,30.4744523227,26.1109851753,0.0,8.0,14.2830076218,48.4285714286,82.0,34.0,11.6985957643,1017.0
94,30.3401156829,26.3060099449,0.0,9.0,16.6147880554,56.9523809524,79.0,38.0,12.2412262069,1196.0
94,30.5156214826,26.1329686934,0.0,12.0,12.1310939789,47.380952381,73.0,36.0,8.93574949557,995.0
94,30.5810962773,26.1459752615,0.0,13.0,13.6948900223,44.8571428571,68.0,31.0,9.63994665071,942.0
94,30.5891456211,26.1406970722,0.0,15.0,12.3156223297,40.0,59.0,25.0,10.6911178087,840.0
94,30.5845705514,26.0788256686,0.0,16.0,12.3638124466,40.619047619,70.0,19.0,12.273859175,853.0
94,30.4533329061,26.2340216292,0.0,11.0,28.0240650177,63.0,91.0,39.0,16.9646691686,1323.0
94,30.5961158771,26.0951036359,0.0,14.0,13.5664434433,44.8095238095,75.0,31.0,11.0436363921,941.0
95,39.7686851235,31.4060092859,0.0,10.0,18.727558136,47.8571428571,73.0,31.0,13.1881981873,1005.0
95,39.679270291,31.3560830154,0.0,9.0,22.5463867188,46.380952381,82.0,28.0,15.7018348943,974.0
95,39.8067065546,31.341151231,0.0,12.0,17.8222312927,48.2380952381,73.0,32.0,11.6099300683,1013.0
95,39.6778139626,31.409170212,0.0,8.0,12.3616838455,42.8095238095,68.0,28.0,11.5265738518,899.0
95,39.755836643,31.3671271472,0.0,11.0,14.5044965744,43.2380952381,64.0,30.0,9.13731230672,908.0
96,24.7197179319,25.7907306557,0.0,12.0,30.5565738678,57.5238095238,95.0,32.0,17.2876228777,1208.0
96,24.6888523441,25.7939792881,0.0,13.0,45.9202613831,67.9523809524,131.0,36.0,26.732893952,1427.0
96,24.677234611,25.7954808558,0.0,14.0,25.3365917206,52.4285714286,83.0,29.0,16.4303725721,1101.0
97,31.7815256085,27.781752068,0.0,12.0,16.8791389465,50.8095238095,82.0,30.0,11.8432218911,1067.0
97,31.7117863372,27.7955808568,0.0,13.0,13.2825241089,46.7142857143,73.0,29.0,10.4553472307,981.0
97,31.8416761702,27.7156706814,0.0,15.0,20.7257633209,56.380952381,83.0,39.0,12.4518118781,1184.0
97,31.9254606784,27.7539607573,0.0,17.0,18.8572292328,51.2380952381,83.0,28.0,12.7706881643,1076.0
97,31.8781199142,27.7384525803,0.0,16.0,21.600566864,50.4285714286,83.0,31.0,13.7133928281,1059.0
97,31.831052639,27.767275614,0.0,14.0,14.0582799911,47.4285714286,73.0,30.0,11.6814871852,996.0
97,32.1009903263,27.5933964683,0.0,18.0,16.6938724518,47.7619047619,71.0,33.0,9.77192285021,1003.0
98,42.5008874242,28.2512399071,0.0,10.0,21.4224510193,47.380952381,82.0,28.0,14.1013339457,995.0
98,42.3575319658,28.3437382233,0.0,14.0,22.1753444672,46.8095238095,87.0,29.0,13.2008296998,983.0
98,42.4606662425,28.3686063344,0.0,12.0,27.9577331543,54.3333333333,92.0,31.0,17.1328145187,1141.0
98,42.3804366646,28.2806127583,0.0,13.0,21.3587779999,49.8571428571,80.0,29.0,14.3954357846,1047.0
98,42.4316815003,28.2313525588,0.0,9.0,19.4053230286,46.4285714286,72.0,31.0,13.0021976164,975.0
98,42.4147276147,28.3144372338,0.0,15.0,23.8952331543,54.619047619,87.0,39.0,14.7087599426,1147.0
98,42.4966593754,28.2584164492,0.0,16.0,21.4770488739,49.1904761905,79.0,37.0,11.792451177,1033.0
99,12.7602602491,34.5319281199,0.0,15.0,12.3912744522,37.5714285714,62.0,20.0,9.79066610896,789.0
99,12.9214023378,34.3564703642,0.0,16.0,15.8375205994,42.1904761905,68.0,30.0,10.543334613,886.0
99,12.7753560263,34.4441512048,0.0,13.0,12.8455581665,38.1428571429,69.0,25.0,9.88071715153,801.0
99,12.8542543412,34.3920142933,0.0,12.0,21.0843238831,46.619047619,72.0,30.0,12.8237131537,979.0
100,30.7957595859,33.8150441019,0.0,15.0,16.7929878235,46.1904761905,66.0,31.0,9.45843035402,970.0
100,30.7377576538,33.8959101858,0.0,14.0,15.6883049011,44.7142857143,61.0,27.0,10.1791102614,939.0
100,30.7894554775,33.8820225189,0.0,13.0,16.1453895569,46.0476190476,72.0,31.0,10.8787691881,967.0
100,30.7936783193,33.8650629503,0.0,12.0,20.2236785889,46.8095238095,73.0,23.0,14.490062276,983.0
101,33.4712817359,36.8063613011,0.0,12.0,21.8895645142,47.0952380952,80.0,28.0,14.9696518393,989.0
101,33.3893188013,36.7638379909,0.0,15.0,30.6778125763,53.5714285714,106.0,37.0,17.6283051612,1125.0
101,33.1955938681,36.781804691,0.0,18.0,18.893447876,46.8095238095,72.0,29.0,11.9608488312,983.0
101,33.5327259851,36.7699283376,0.0,11.0,21.4911270142,46.8571428571,79.0,33.0,13.1654309245,984.0
101,33.3186998113,36.7028845809,0.0,16.0,22.2302780151,49.8095238095,82.0,27.0,14.6513448107,1046.0
101,33.395872791,36.8405812262,0.0,14.0,14.7228221893,46.9047619048,66.0,30.0,9.63797054314,985.0
101,33.0288762132,36.7449220788,0.0,19.0,17.6163520813,43.380952381,60.0,20.0,11.753621529,911.0
101,33.4467051965,36.78436002,0.0,13.0,21.9098682404,47.619047619,79.0,29.0,14.4273219638,1000.0
101,33.2880457965,36.643191495,0.0,17.0,23.4097862244,49.4285714286,80.0,27.0,12.7772118577,1038.0
102,39.0880669086,0.802253394519,0.0,11.0,17.4786567688,44.7619047619,67.0,27.0,13.1335629663,940.0
102,39.3464491584,0.619047110007,0.0,15.0,18.56224823,43.1904761905,77.0,29.0,12.8242701454,907.0
102,39.2167599466,0.623042820492,0.0,12.0,18.7119827271,48.5238095238,74.0,31.0,10.6142312374,1019.0
102,39.2553014353,0.627693534585,0.0,14.0,25.3694572449,50.5238095238,100.0,28.0,17.1336483202,1061.0
102,39.2471278468,0.63009489051,0.0,13.0,18.3125076294,45.9523809524,82.0,29.0,11.2493386049,965.0
103,19.3082290004,4.80561425968,0.0,12.0,19.3817958832,45.5238095238,72.0,28.0,11.3956967651,956.0
103,19.2837728496,4.80125876111,0.0,13.0,19.4759864807,46.0952380952,75.0,29.0,10.8162135792,968.0
103,19.257642183,4.65971747204,0.0,15.0,17.7467079163,43.619047619,73.0,30.0,10.8833643258,916.0
103,19.1889211566,4.88920395533,0.0,11.0,13.4441461563,42.9047619048,70.0,31.0,9.67938408115,901.0
103,19.2824042052,4.68894434609,0.0,14.0,18.5346755981,43.4761904762,73.0,22.0,12.7813107607,913.0
103,19.1319029869,4.90339385557,0.0,10.0,15.6361894608,43.1904761905,66.0,29.0,9.53215110885,907.0
103,19.1453459137,4.92035285763,0.0,9.0,15.0054597855,41.9047619048,61.0,30.0,8.82555812345,880.0
104,23.7171957118,8.01502087895,0.0,10.0,12.1277503967,41.619047619,60.0,25.0,9.59414503995,874.0
104,23.7329901451,7.95811466718,0.0,12.0,15.7542848587,44.0952380952,68.0,25.0,12.9842395307,926.0
104,23.78729105,8.07272921169,0.0,13.0,22.5987796783,50.3333333333,87.0,28.0,14.8503647542,1057.0
104,23.865316527,8.01319018433,0.0,15.0,16.2079639435,43.7142857143,69.0,24.0,10.1889295667,918.0
104,23.6737674855,7.98925908042,0.0,11.0,18.4305477142,48.5238095238,80.0,28.0,12.8709713993,1019.0
104,23.8274258389,8.0132598306,0.0,14.0,17.6685943604,45.5238095238,75.0,24.0,12.0980124302,956.0
105,31.7467194446,14.0376643889,0.0,12.0,16.6976451874,46.9523809524,70.0,26.0,11.8594948901,986.0
105,31.6496907104,14.0239950171,0.0,13.0,12.5718870163,45.2380952381,70.0,27.0,10.3484528404,950.0
106,19.0060908797,14.2385238814,0.0,14.0,15.6426525116,44.6666666667,82.0,32.0,10.2290436177,938.0
106,18.980118528,14.215869738,0.0,28.0,15.5594949722,43.6666666667,66.0,29.0,10.441902764,917.0
106,19.1872232181,14.4615227843,0.0,10.0,17.7332344055,48.2380952381,73.0,29.0,12.2837484585,1013.0
106,19.1232976153,14.1872357775,0.0,24.0,14.2922687531,44.5238095238,61.0,25.0,9.9379024327,935.0
106,19.0913863108,14.18443901,0.0,26.0,19.2200107574,49.6666666667,84.0,31.0,13.6833231831,1043.0
106,19.1432363785,14.1553772578,0.0,27.0,14.1079750061,43.2857142857,67.0,23.0,10.1348056575,909.0
106,19.2631935671,14.3536015122,0.0,18.0,26.2001628876,49.2857142857,90.0,24.0,17.3785582174,1035.0
106,19.02868113,14.2750336635,0.0,13.0,22.6615962982,51.0952380952,83.0,36.0,12.6605875136,1073.0
106,19.1570986104,14.2170840053,0.0,23.0,16.3335781097,44.4285714286,69.0,30.0,10.3902426756,933.0
106,19.1623437912,14.2408757371,0.0,15.0,25.7516536713,51.7619047619,101.0,29.0,15.3000155618,1087.0
106,19.1961021295,14.3609427989,0.0,17.0,28.661108017,50.9523809524,108.0,30.0,18.2304036995,1070.0
106,19.097171301,14.2479391052,0.0,22.0,31.1591892242,54.6666666667,100.0,26.0,19.3554471231,1148.0
106,19.099632947,14.28901672,0.0,19.0,21.1081562042,48.7619047619,76.0,27.0,13.7728165671,1024.0
106,19.1647306817,14.45527667,0.0,11.0,24.3785858154,50.5714285714,88.0,26.0,14.6784584632,1062.0
106,19.0658066167,14.3677839885,0.0,12.0,25.5015602112,51.4285714286,89.0,30.0,16.1138804407,1080.0
106,19.2111195091,14.3615226182,0.0,16.0,24.0914154053,52.380952381,88.0,36.0,13.3246995856,1100.0
106,19.0899475819,14.3054167427,0.0,20.0,16.3508071899,44.0952380952,69.0,29.0,11.2955954332,926.0
107,25.1434698584,18.0274872636,0.0,15.0,25.6870536804,53.9523809524,99.0,36.0,14.8542121652,1133.0
107,24.9516958531,17.926818701,0.0,16.0,12.3150997162,46.7142857143,69.0,25.0,10.0605310851,981.0
107,25.0929776703,18.007206008,0.0,14.0,14.223156929,47.3333333333,73.0,27.0,13.4845590708,994.0
107,25.1915972657,18.0209915768,0.0,12.0,23.540304184,55.0952380952,85.0,35.0,13.6414983118,1157.0
107,25.1842232106,18.0737645613,0.0,13.0,19.4316539764,54.7619047619,83.0,26.0,14.3628157473,1150.0
108,11.0447257985,10.6371924341,0.0,19.0,16.787694931,39.2857142857,65.0,20.0,11.5850889386,825.0
108,11.130395115,10.6227124419,0.0,22.0,16.9784641266,41.9047619048,65.0,28.0,10.3725829083,880.0
108,11.0690217094,10.7615862443,0.0,23.0,14.6997861862,38.1428571429,69.0,17.0,11.2839962526,801.0
108,10.9578031125,10.553510208,0.0,20.0,16.7322120667,44.6666666667,70.0,30.0,11.2531477078,938.0
109,28.7482233881,22.9969898946,0.0,25.0,17.2997512817,46.1428571429,70.0,30.0,12.2240979802,969.0
109,28.6953728709,22.8544782778,0.0,23.0,16.0655727386,41.4285714286,76.0,21.0,13.2195742313,870.0
109,28.8437782737,22.9133321746,0.0,20.0,15.2874345779,44.7142857143,83.0,30.0,11.1271867835,939.0
109,28.7612911147,22.7935647034,0.0,17.0,18.7620620728,45.2857142857,72.0,31.0,12.1537766029,951.0
109,28.9119437969,22.8899672405,0.0,15.0,14.6929607391,45.1428571429,66.0,27.0,9.87059124007,948.0
109,28.7674078062,22.7936203749,0.0,16.0,13.4213705063,42.5714285714,59.0,31.0,9.53190132435,894.0
109,28.8934433368,22.923665976,0.0,19.0,13.8416872025,41.3333333333,65.0,32.0,9.40389990022,868.0
109,28.7871046044,22.9397883935,0.0,22.0,12.9631099701,40.5714285714,60.0,27.0,8.99205998963,852.0
109,29.0110196893,22.8320946585,0.0,14.0,15.6415996552,43.6666666667,67.0,23.0,12.0138808606,917.0
109,28.6360115606,23.0045143794,0.0,24.0,15.0797662735,43.619047619,71.0,29.0,11.5129326867,916.0
109,28.6977895242,22.9013837167,0.0,26.0,16.4533977509,45.9523809524,69.0,28.0,12.1510336617,965.0
110,40.2021999785,30.3097129474,0.0,33.0,27.0595798492,52.1428571429,91.0,22.0,18.9427709543,1095.0
110,40.158993238,30.3052144828,0.0,20.0,14.2329034805,43.9047619048,64.0,27.0,9.36431931271,922.0
110,40.2091819201,30.2879925963,0.0,30.0,17.7837791443,47.4761904762,70.0,31.0,11.9984125934,997.0
110,40.1349765975,30.287676545,0.0,32.0,16.9103507996,45.8095238095,80.0,31.0,11.9105795309,962.0
110,40.1981474397,30.2843530217,0.0,31.0,18.5426940918,45.5714285714,82.0,28.0,13.3438054114,957.0
110,40.1764729058,30.2829443657,0.0,16.0,13.2788228989,45.2380952381,61.0,29.0,10.1286956806,950.0
110,40.1874625691,30.3088898224,0.0,14.0,15.5361909866,45.9523809524,70.0,27.0,10.6839889109,965.0
110,40.2038611664,30.2972746099,0.0,28.0,22.9740009308,51.9523809524,79.0,28.0,14.8542121652,1091.0
110,40.2155266755,30.3022108113,0.0,18.0,19.718629837,49.619047619,79.0,28.0,14.3229752163,1042.0
110,40.1635366829,30.3201603139,0.0,29.0,26.7548847198,53.5238095238,89.0,30.0,15.7054737198,1124.0
110,40.185973915,30.3097891807,0.0,27.0,19.6732730865,49.1904761905,81.0,29.0,12.3151088002,1033.0
110,40.1411422167,30.330323622,0.0,26.0,12.3164920807,44.9523809524,60.0,31.0,8.90772805196,944.0
110,40.2266446386,30.2916252921,0.0,24.0,15.8990955353,46.619047619,73.0,31.0,10.5994159767,979.0
110,40.1887404848,30.2916941508,0.0,19.0,20.3156719208,49.0,84.0,37.0,11.9833217432,1029.0
110,40.2291418945,30.2876974715,0.0,22.0,20.1056251526,46.8095238095,88.0,31.0,13.8550317489,983.0
110,40.2028163145,30.3034697303,0.0,23.0,16.6778526306,47.3333333333,71.0,34.0,10.3360211558,994.0
110,40.1791715846,30.3004722817,0.0,17.0,22.5287361145,49.9047619048,83.0,25.0,14.1594659571,1048.0
110,40.1992808542,30.3070596557,0.0,15.0,18.1818695068,47.0,81.0,30.0,12.3288280059,987.0
111,43.080266722,36.822476465,0.0,21.0,20.4437408447,51.9047619048,76.0,37.0,11.2690051109,1090.0
111,43.0726363193,36.8676003435,0.0,15.0,21.8546867371,49.7142857143,91.0,24.0,15.8844038514,1044.0
111,43.1215700534,36.7789877566,0.0,20.0,28.8262996674,55.0952380952,85.0,32.0,16.4161650878,1157.0
111,43.0158368369,36.8631349772,0.0,30.0,21.2408103943,51.8095238095,82.0,25.0,14.0485552553,1088.0
111,42.9678543438,36.7810629099,0.0,16.0,27.632938385,55.0952380952,86.0,36.0,16.2908095622,1157.0
111,43.0441710433,36.7654648011,0.0,18.0,23.5853977203,57.8571428571,90.0,44.0,13.4843825008,1215.0
111,43.0509071513,36.878207435,0.0,28.0,23.7493114471,55.1904761905,92.0,39.0,14.8546930215,1159.0
111,42.9374899875,36.8452783628,0.0,29.0,18.9186344147,50.3333333333,83.0,29.0,12.6583305903,1057.0
111,43.000954577,36.763225979,0.0,26.0,22.1041851044,52.0476190476,80.0,38.0,14.0124094662,1093.0
111,43.1055838103,36.8517355168,0.0,14.0,23.7529335022,54.1904761905,95.0,33.0,15.042004679,1138.0
111,42.9588476096,36.7253286908,0.0,25.0,23.3384304047,56.5714285714,91.0,38.0,14.9618562638,1188.0
111,43.085139914,36.8730542855,0.0,27.0,21.7983913422,54.2380952381,79.0,35.0,13.5052018197,1139.0
111,43.0985794886,36.806796754,0.0,19.0,36.7020683289,60.8095238095,122.0,29.0,21.7568817794,1277.0
111,43.0054590416,36.7480408096,0.0,24.0,25.0708427429,54.5238095238,85.0,37.0,15.1908493759,1145.0
111,43.0067805405,36.7560064437,0.0,17.0,23.2095890045,55.0476190476,88.0,38.0,12.3671993211,1156.0
111,43.0044492679,36.7693550748,0.0,22.0,22.0488796234,51.380952381,81.0,36.0,13.2229958424,1079.0
111,42.9887262397,36.7851293281,0.0,23.0,36.0313034058,61.2857142857,109.0,33.0,19.5144635005,1287.0
112,25.6586945779,2.84799377005,0.0,22.0,17.1413974762,44.3333333333,67.0,16.0,13.184586961,931.0
112,25.8999198943,2.74850815107,0.0,18.0,21.2791194916,46.619047619,70.0,33.0,11.8679239569,979.0
112,26.0308600671,2.71933809404,0.0,17.0,12.5942277908,41.5714285714,59.0,31.0,7.94714683752,873.0
112,25.8193815563,2.75531073748,0.0,20.0,17.0761108398,44.9523809524,69.0,23.0,13.0517285847,944.0
112,25.8738183529,2.6049448873,0.0,19.0,20.7879123688,46.0476190476,74.0,18.0,15.5514507056,967.0
112,25.8016145447,2.89196522125,0.0,21.0,14.0775432587,43.6666666667,63.0,30.0,8.54595420847,917.0
113,44.4809054645,37.979987735,0.0,22.0,19.2862930298,50.5714285714,80.0,30.0,12.8474566688,1062.0
113,44.4498493085,37.9463760322,0.0,21.0,18.007686615,48.4761904762,81.0,33.0,10.9207099019,1018.0
113,44.4591140274,37.951163717,0.0,18.0,12.824005127,44.2380952381,66.0,30.0,8.81989093983,929.0
113,44.4495315539,37.9710506766,0.0,26.0,13.8104124069,44.9523809524,69.0,31.0,9.14043866823,944.0
113,44.4316605965,37.8966577211,0.0,20.0,14.8519992828,44.7619047619,68.0,25.0,11.0041117856,940.0
113,44.4605579234,38.0165107116,0.0,25.0,18.1931838989,48.619047619,76.0,29.0,12.4518118781,1021.0
113,44.422301754,37.9883273415,0.0,23.0,19.9000549316,44.619047619,78.0,31.0,13.4850887668,937.0
113,44.3740303523,37.9081113858,0.0,19.0,13.6121845245,44.4761904762,67.0,25.0,11.5309108383,934.0
113,44.4929158723,37.9624174722,0.0,27.0,21.4106826782,52.5714285714,81.0,31.0,12.1308343842,1104.0
114,21.9903446759,10.7434795507,0.0,11.0,13.7210121155,44.0,63.0,23.0,11.1310376875,924.0
114,22.0356988714,10.733882753,0.0,10.0,13.6183853149,45.2857142857,73.0,23.0,10.5220856162,951.0
114,22.0159694661,10.7847293068,0.0,9.0,18.4264736176,47.1428571429,79.0,29.0,12.5947835007,990.0
115,3.689160067,1.02478307811,0.0,10.0,12.3314199448,32.1428571429,53.0,20.0,9.10102035096,675.0
115,3.70941362798,0.948800319195,0.0,9.0,12.1976728439,34.1904761905,57.0,21.0,9.34675905124,718.0
116,30.4351828742,0.779946040789,0.0,15.0,21.3589935303,47.0476190476,71.0,29.0,13.0823399684,988.0
116,30.4562449609,0.677052256584,0.0,17.0,22.0551109314,48.7619047619,75.0,26.0,12.7354024746,1024.0
116,30.4597340012,0.692232037725,0.0,16.0,16.8868751526,47.2857142857,66.0,34.0,10.0853500541,993.0
116,30.4922896173,0.617038636434,0.0,14.0,15.0156450272,43.9047619048,65.0,31.0,8.91013334302,922.0
116,30.415594782,0.463312702056,0.0,19.0,12.234577179,41.7619047619,57.0,30.0,8.34808218638,877.0
116,30.4635509125,0.593839440264,0.0,18.0,18.5318222046,44.5714285714,70.0,27.0,12.8201849775,936.0
117,14.5397470219,1.6591173141,0.0,18.0,19.9306602478,44.5714285714,67.0,26.0,12.035661297,936.0
117,14.4706920159,1.6155793538,0.0,17.0,14.466753006,40.8571428571,63.0,26.0,10.7577214794,858.0
117,14.5005272927,1.70163344638,0.0,11.0,19.7951011658,43.9047619048,71.0,27.0,11.7256332959,922.0
117,14.6251312579,1.66928344269,0.0,15.0,18.6387577057,43.7142857143,70.0,26.0,11.9922594082,918.0
117,14.6249439772,1.65354503036,0.0,16.0,23.4718799591,51.0476190476,75.0,34.0,13.0746938414,1072.0
117,14.5371430307,1.63396736182,0.0,14.0,18.4703407288,44.5238095238,70.0,25.0,12.5603305992,935.0
117,14.5063103816,1.54722711496,0.0,19.0,19.4632129669,41.3333333333,61.0,24.0,12.0720061851,868.0
117,14.5915621654,1.76945466013,0.0,12.0,17.6923885345,43.1428571429,74.0,29.0,11.7442995291,906.0
118,29.792531365,4.41844304075,0.0,15.0,18.6140613556,45.2380952381,76.0,27.0,11.9159756709,950.0
118,29.6665276,4.41996558302,0.0,16.0,13.5818128586,42.8095238095,61.0,27.0,9.2715643104,899.0
119,13.9652178731,4.77433962781,0.0,26.0,13.031621933,36.7142857143,56.0,22.0,10.5078202171,771.0
119,13.8628559677,5.01224982564,0.0,21.0,18.5378170013,45.2380952381,69.0,21.0,11.7341585208,950.0
119,13.9199597702,4.81581810644,0.0,25.0,16.7616958618,42.0,66.0,23.0,11.5238882327,882.0
119,13.946019855,4.89297205132,0.0,24.0,13.4051361084,41.1428571429,68.0,30.0,8.9066588252,864.0
119,13.9639065341,4.99541163083,0.0,18.0,16.3613166809,42.380952381,66.0,29.0,11.7918454471,890.0
119,13.8506034367,4.92351024013,0.0,22.0,20.4854068756,45.1428571429,82.0,28.0,12.5908129773,948.0
119,13.8568624462,5.02497472197,0.0,17.0,19.0850162506,46.1904761905,75.0,31.0,11.3120247861,970.0
119,13.8173899069,4.78705842381,0.0,15.0,15.0106687546,40.0476190476,65.0,29.0,10.1758350541,841.0
119,13.9154385303,4.90214979167,0.0,16.0,18.1702041626,43.0,67.0,28.0,11.6404467268,903.0
119,13.8329208776,5.0638874702,0.0,19.0,16.7700653076,42.1428571429,62.0,26.0,11.0602247458,885.0
120,22.2342738503,12.5189796494,0.0,14.0,15.1582632065,44.5238095238,72.0,31.0,11.1786360868,935.0
120,22.1877004762,12.5887540844,0.0,13.0,15.1972322464,46.6666666667,63.0,32.0,8.54595420847,980.0
120,22.203194892,12.5335420242,0.0,17.0,20.5439777374,48.619047619,86.0,28.0,13.8328456598,1021.0
120,22.2589687044,12.5843389341,0.0,16.0,17.3988761902,43.7619047619,75.0,28.0,11.7554445339,919.0
120,22.2164560575,12.589969335,0.0,15.0,14.220500946,44.5714285714,63.0,21.0,10.5478501533,936.0
121,11.2826298356,20.1543686314,0.0,17.0,13.6073703766,40.0,65.0,25.0,11.0045445158,840.0
121,11.2589051084,20.176602726,0.0,15.0,15.3748502731,40.9523809524,64.0,32.0,8.87398552217,860.0
121,11.2877713739,20.1621633221,0.0,16.0,13.5660858154,40.8571428571,58.0,30.0,8.26610981227,858.0
121,11.3154303829,20.177034098,0.0,14.0,13.3070659637,38.380952381,54.0,21.0,10.1265798297,806.0
122,41.5743720394,27.4889628858,0.0,15.0,13.0543069839,39.8095238095,58.0,25.0,9.91271429841,836.0
122,41.3148237323,27.5581756028,0.0,17.0,16.2556800842,43.5238095238,70.0,27.0,12.3110480773,914.0
122,41.3623846667,27.4197258316,0.0,16.0,12.8427629471,44.0476190476,73.0,29.0,10.2590262232,925.0
123,38.878654943,30.4092811451,0.0,14.0,12.515089035,43.3333333333,69.0,23.0,10.7486433252,910.0
123,38.9345305663,30.4728064078,0.0,15.0,14.5012140274,44.5238095238,68.0,28.0,10.9115491458,935.0
123,38.9744465016,30.5851560896,0.0,16.0,18.0182361603,47.4285714286,76.0,35.0,10.5998652283,996.0
124,41.5582716977,31.7310174674,0.0,16.0,13.9403991699,45.5714285714,64.0,32.0,9.79577168258,957.0
124,41.6330316756,31.6961552642,0.0,14.0,12.3202371597,44.6666666667,65.0,22.0,10.4131327339,938.0
124,41.6063174827,31.7097991247,0.0,15.0,16.3519477844,49.1428571429,71.0,28.0,10.5654423205,1032.0
125,45.9725459725,38.591038591,0.0,22.0,12.6512393951,36.7142857143,72.0,23.0,11.9337456699,771.0
125,45.9725459725,38.591038591,0.0,23.0,20.9207859039,45.7619047619,75.0,29.0,13.1030712503,961.0
125,45.9725459725,38.4615384615,0.0,27.0,24.5515537262,54.1428571429,90.0,30.0,16.4112330868,1137.0
125,45.7222805454,38.375918392,0.0,35.0,12.7838592529,41.5238095238,64.0,22.0,10.2353263144,872.0
125,45.689315018,38.5588773351,0.0,33.0,16.1511611938,44.8571428571,76.0,27.0,12.5510386594,942.0
125,45.718088574,38.4854006833,0.0,34.0,18.8410682678,46.4761904762,75.0,26.0,13.8550317489,976.0
125,45.9725459725,38.4615384615,0.0,30.0,17.8882751465,47.2380952381,90.0,29.0,16.7776779141,992.0
125,45.7708917112,38.4360849816,0.0,32.0,17.9655227661,47.9523809524,78.0,29.0,13.7494588638,1007.0
125,45.8504092091,38.4484404089,0.0,31.0,25.0443477631,59.0952380952,102.0,29.0,22.367174077,1241.0
125,45.9725459725,38.591038591,0.0,37.0,13.0107154846,43.4761904762,63.0,31.0,9.40010131658,913.0
125,45.8865079868,38.4581277277,0.0,29.0,16.2018623352,50.1428571429,70.0,31.0,11.359074409,1053.0
125,45.8027151169,38.5844682261,0.0,38.0,14.8473234177,47.6666666667,71.0,27.0,13.2790561914,1001.0
125,45.7505920837,38.4916874538,0.0,36.0,18.2519512177,43.8095238095,89.0,25.0,15.2204436454,920.0
125,45.9725459725,38.4615384615,0.0,26.0,16.7594013214,42.380952381,69.0,27.0,12.4397596057,890.0
125,45.9725459725,38.4615384615,0.0,24.0,22.1533584595,50.2857142857,74.0,37.0,12.3941230313,1056.0
125,45.9725459725,38.4615384615,0.0,25.0,17.1576023102,44.1904761905,69.0,29.0,11.6816910061,928.0
126,30.3942795538,16.4507928753,0.0,20.0,13.6162672043,43.0,67.0,24.0,10.6395488626,903.0
126,30.3774348661,16.4468626131,0.0,29.0,15.3486843109,42.5714285714,71.0,23.0,12.0481178139,894.0
126,30.3422079442,16.4379058222,0.0,28.0,13.9433107376,42.2380952381,64.0,27.0,9.54413307695,887.0
126,30.388533057,16.4201275543,0.0,26.0,12.8594818115,44.7142857143,62.0,28.0,9.48758587388,939.0
126,30.3646316357,16.4071411495,0.0,24.0,14.7195014954,41.9047619048,63.0,29.0,10.2513646014,880.0
126,30.3768548915,16.4634023203,0.0,18.0,14.873459816,45.5714285714,83.0,18.0,11.8725373386,957.0
126,30.3789616763,16.4192596555,0.0,27.0,13.13808918,44.0,69.0,28.0,9.42337519151,924.0
126,30.3832234287,16.3588005717,0.0,23.0,16.1474227905,45.9523809524,73.0,26.0,12.6312160558,965.0
126,30.3670978389,16.4238719392,0.0,25.0,13.6562871933,44.0952380952,63.0,33.0,9.42286984896,926.0
126,30.379006329,16.4026699324,0.0,17.0,13.3024139404,45.5714285714,65.0,31.0,8.10290953036,957.0
126,30.3580445487,16.348023549,0.0,22.0,13.152557373,45.380952381,61.0,31.0,8.59928014706,953.0
126,30.3194844487,16.3668971296,0.0,21.0,19.2543087006,46.380952381,81.0,22.0,13.9121392693,974.0
126,30.3795291598,16.4269527107,0.0,30.0,16.2521247864,45.5238095238,70.0,28.0,10.7313514881,956.0
127,19.4205499257,18.4246956804,0.0,22.0,20.2016849518,47.6666666667,91.0,31.0,13.6137185711,1001.0
127,19.4506342143,18.4025489425,0.0,20.0,16.5450496674,41.6666666667,71.0,26.0,12.150445808,875.0
127,19.446107237,18.43393587,0.0,25.0,17.3771247864,45.5714285714,73.0,26.0,12.8979511108,957.0
127,19.4090298756,18.4072135895,0.0,21.0,18.4335002899,44.4761904762,77.0,27.0,14.1513923259,934.0
127,19.5263849161,18.4825769142,0.0,28.0,14.6459417343,43.0476190476,82.0,21.0,13.1585568756,904.0
127,19.5355324532,18.4570652939,0.0,26.0,15.0555734634,45.8571428571,68.0,28.0,12.4349737205,963.0
127,19.3341287788,18.4296878429,0.0,23.0,22.364233017,49.9523809524,87.0,32.0,14.4273219638,1049.0
127,19.5106520717,18.4886585972,0.0,24.0,12.9346570969,49.2857142857,64.0,30.0,7.71455026001,1035.0
127,19.5683870399,18.5120010251,0.0,27.0,13.0513744354,43.9523809524,70.0,28.0,8.65722929393,923.0
128,22.9824332878,22.2780135342,0.0,23.0,22.5403270721,47.2857142857,78.0,22.0,15.5889154759,993.0
128,22.9866309527,22.2451719761,0.0,22.0,23.5151977539,51.4285714286,84.0,28.0,15.8668567416,1080.0
128,22.9646557081,22.2318855059,0.0,21.0,15.208480835,46.4285714286,70.0,30.0,10.5146156781,975.0
129,34.7255251522,28.5018506395,0.0,26.0,15.1350488663,45.6666666667,71.0,29.0,10.7439905684,959.0
129,34.7865529114,28.4835071915,0.0,24.0,12.2832021713,40.4761904762,63.0,20.0,10.5148421178,850.0
129,34.7015716231,28.4840490106,0.0,25.0,12.7053432465,42.5714285714,57.0,32.0,8.62885524604,894.0
129,34.6347037275,28.5202002741,0.0,23.0,18.6674880981,44.5238095238,76.0,27.0,13.3364877221,935.0
129,34.5625636203,28.591310942,0.0,22.0,14.4201498032,47.4285714286,62.0,33.0,8.7096006141,996.0
130,18.9605249472,30.5424872168,0.0,20.0,12.7938709259,39.1428571429,55.0,22.0,9.70714022916,822.0
130,18.8928542474,30.5476311257,0.0,22.0,15.6196146011,41.9047619048,60.0,23.0,11.2955954332,880.0
130,18.8551175016,30.4317538665,0.0,23.0,13.6066961288,44.1428571429,60.0,31.0,9.69167536748,927.0
130,18.9493854023,30.4969060457,0.0,21.0,15.433836937,41.5714285714,68.0,23.0,13.0098863507,873.0
131,18.0097183185,31.4614579393,0.0,24.0,24.6193771362,48.6666666667,83.0,28.0,14.1433140859,1022.0
131,18.0692500747,31.5946090724,0.0,25.0,16.3518791199,43.8571428571,63.0,25.0,11.5900203377,921.0
131,17.8478793245,31.2859833575,0.0,23.0,16.977678299,43.619047619,68.0,23.0,11.9435178673,916.0
131,17.7754887046,31.2112907032,0.0,22.0,15.043217659,42.380952381,66.0,22.0,11.4781365669,890.0
132,13.8562479384,4.8236292998,0.0,11.0,17.4761714935,43.4285714286,63.0,24.0,10.0328033399,912.0
132,13.9749245158,4.83733058774,0.0,12.0,12.1569223404,38.0476190476,62.0,23.0,10.1660031009,799.0
133,17.3681615234,23.582544097,0.0,12.0,12.3931074142,41.1428571429,65.0,29.0,7.82486878028,864.0
133,17.3175002901,23.5339899671,0.0,11.0,12.8217554092,38.7619047619,55.0,24.0,9.25151210292,814.0
134,38.5418441807,21.8034040159,0.0,22.0,12.8822126389,44.4761904762,67.0,25.0,10.4241021082,934.0
134,38.3748234563,22.0113344985,0.0,20.0,18.224407196,44.9523809524,81.0,27.0,11.9686097375,944.0
134,38.3560511471,22.0318944937,0.0,21.0,15.1705493927,43.4761904762,70.0,27.0,9.66756974435,913.0
135,11.6032121512,22.6741381485,0.0,22.0,12.4723186493,39.0952380952,60.0,27.0,9.5336496784,821.0
135,11.6636169731,22.6294142785,0.0,21.0,20.3725967407,43.380952381,74.0,23.0,13.4516771834,911.0
136,4.90138675488,38.6449871798,0.0,35.0,12.3765325546,34.1428571429,50.0,19.0,8.14423547232,717.0
136,4.50788142097,38.4122603766,0.0,23.0,16.0610847473,38.7142857143,62.0,24.0,10.4935354249,813.0
136,4.6590701423,38.4473293682,0.0,27.0,24.2801437378,41.619047619,72.0,24.0,14.1791261736,874.0
136,4.75887223355,38.531850197,0.0,42.0,21.2445678711,42.5238095238,71.0,21.0,13.8225144153,893.0
136,4.89262395439,38.6111750704,0.0,41.0,13.8725528717,34.4285714286,55.0,21.0,8.78960424918,723.0
136,4.88451437905,38.6305435946,0.0,33.0,20.0053710938,39.4761904762,70.0,22.0,13.7390649158,829.0
136,4.93783845849,38.6896983311,0.0,34.0,16.5630207062,36.6666666667,67.0,21.0,10.7950605989,770.0
136,4.76119985428,38.4663757284,0.0,43.0,19.2355632782,39.5238095238,66.0,24.0,11.864312233,830.0
136,4.66189721159,38.6961310875,0.0,30.0,13.0882415771,32.1904761905,62.0,21.0,10.1568649081,676.0
136,4.73410713572,38.6072877122,0.0,31.0,13.1024208069,32.8095238095,56.0,21.0,10.0877105808,689.0
136,4.94927836924,38.6571637264,0.0,37.0,21.2397842407,43.1904761905,72.0,23.0,13.7390649158,907.0
136,4.83586955727,38.7034059434,0.0,32.0,13.4590530396,34.1428571429,56.0,22.0,9.34497573183,717.0
136,4.76283819582,38.6061087247,0.0,28.0,12.6821918488,35.4761904762,57.0,23.0,8.1462816525,745.0
136,4.81678101057,38.6892879961,0.0,39.0,16.088350296,37.6666666667,60.0,24.0,10.1406771635,791.0
136,4.89448209716,38.7066869007,0.0,38.0,17.3191642761,35.2380952381,57.0,15.0,11.7128338241,740.0
136,4.66431589047,38.4685336461,0.0,26.0,13.521361351,35.9523809524,58.0,19.0,8.08997027483,755.0
136,4.65098104059,38.4911896334,0.0,25.0,18.7344055176,40.0476190476,74.0,17.0,14.5515504001,841.0
136,5.02223728651,38.656694456,0.0,36.0,14.90812397,35.0952380952,61.0,16.0,12.1938704352,737.0
136,4.61698059488,38.3955559216,0.0,24.0,12.8712701797,35.619047619,64.0,23.0,9.64611937764,748.0
137,6.47139395479,11.58083693,0.0,24.0,13.8042430878,34.619047619,58.0,21.0,9.48934239279,727.0
137,6.48758452786,11.6067415637,0.0,23.0,15.2372198105,38.9523809524,59.0,25.0,10.5663436934,818.0
138,32.4217451232,13.9841899043,0.0,26.0,15.4028787613,43.1904761905,62.0,26.0,9.88240379472,907.0
138,32.4476489313,14.1654142312,0.0,23.0,12.5840005875,41.5714285714,62.0,31.0,8.98649780822,873.0
138,32.4128777317,14.1916805895,0.0,24.0,12.2730779648,40.7619047619,64.0,26.0,9.72576352738,856.0
138,32.4161351841,14.0881332328,0.0,25.0,12.7949333191,44.6666666667,61.0,30.0,7.91412239818,938.0
139,32.7782620496,15.9818609776,0.0,29.0,20.0492839813,49.8571428571,72.0,33.0,12.4148528557,1047.0
139,32.8455509034,15.925204429,0.0,28.0,15.1938705444,45.7142857143,67.0,28.0,11.78194745,960.0
139,32.771298773,15.9571404441,0.0,27.0,19.3739395142,46.4285714286,74.0,24.0,13.5224680757,975.0
139,32.8154663085,16.0395483925,0.0,26.0,23.260389328,52.380952381,79.0,31.0,13.6911511221,1100.0
139,32.6703600777,16.0599507791,0.0,24.0,13.8749198914,42.9523809524,63.0,22.0,10.6699399739,902.0
139,32.7192388035,16.0407763886,0.0,23.0,24.7752513885,49.4761904762,80.0,25.0,16.2345897627,1039.0
140,30.3598042902,26.1982260598,0.0,24.0,12.8147115707,45.3333333333,61.0,29.0,8.79393730552,952.0
140,30.2843912909,26.2353862878,0.0,23.0,12.9757890701,45.380952381,69.0,35.0,8.92455147599,953.0
141,36.2932036333,28.7921693673,0.0,24.0,18.6396217346,49.4285714286,84.0,31.0,12.1925035517,1038.0
141,36.4023496421,28.8488024096,0.0,25.0,23.8899745941,51.2380952381,85.0,29.0,13.7000173792,1076.0
141,36.2698687364,28.7312540553,0.0,23.0,16.2923202515,47.0952380952,62.0,33.0,9.14278273779,989.0
142,14.6387504996,12.7326071086,0.0,25.0,12.191608429,40.5714285714,59.0,27.0,9.67766205533,852.0
142,14.5756577884,12.7655486843,0.0,24.0,12.1931152344,39.8571428571,65.0,17.0,10.8870827786,837.0
143,25.1567699322,18.2501945935,0.0,24.0,24.8096218109,58.3333333333,95.0,36.0,13.7925100447,1225.0
143,25.2525252525,18.13001813,0.0,25.0,14.3886737823,52.2380952381,71.0,35.0,10.2757226603,1097.0
144,44.7926952304,32.8843086409,0.0,11.0,13.4694032669,40.8571428571,71.0,24.0,10.3502933016,858.0
144,44.8393996346,32.9710454831,0.0,10.0,19.6000232697,45.2857142857,74.0,24.0,13.892958134,951.0
145,14.5629219538,7.70888828457,0.0,27.0,13.8019065857,40.6666666667,69.0,25.0,11.9261617184,854.0
145,14.7112390693,7.69058532742,0.0,38.0,14.3795433044,39.8571428571,70.0,25.0,11.5121054299,837.0
145,14.8039850689,7.83734443909,0.0,36.0,22.4711380005,48.0476190476,77.0,32.0,13.9552004302,1009.0
145,14.8698492037,7.86829190496,0.0,35.0,13.8410129547,40.7619047619,57.0,27.0,8.21525874154,856.0
145,14.8629916965,7.90581413819,0.0,33.0,22.0495491028,44.0,72.0,23.0,13.4981480211,924.0
145,14.9082950636,7.89184778286,0.0,32.0,19.7781906128,47.3333333333,72.0,24.0,11.7231963787,994.0
145,14.8929984569,7.8476897153,0.0,30.0,13.9967689514,42.8571428571,60.0,25.0,11.2306977267,900.0
145,14.861327004,7.85889165464,0.0,34.0,22.5004234314,48.4761904762,75.0,29.0,12.5961067303,1018.0
145,14.5866268519,7.75072965826,0.0,39.0,14.3500041962,40.7619047619,72.0,27.0,10.714031743,856.0
145,14.8052677893,7.74735981987,0.0,29.0,18.216381073,41.5238095238,66.0,26.0,12.0566124912,872.0
145,14.9680580113,7.86146362953,0.0,31.0,21.7177124023,48.6666666667,80.0,29.0,12.5989417545,1022.0
145,14.7732769433,7.79895600968,0.0,37.0,22.4539527893,48.380952381,81.0,33.0,12.3550645101,1016.0
145,14.7538545528,7.78204565235,0.0,28.0,16.9871807098,43.2380952381,66.0,29.0,11.0946147383,908.0
146,25.1872152653,18.1507885419,0.0,29.0,12.6238470078,49.0,66.0,34.0,8.53814968245,1029.0
146,25.2606843317,18.252874691,0.0,28.0,25.9820098877,54.619047619,110.0,36.0,16.1817063083,1147.0
146,25.2559088594,18.3850515375,0.0,27.0,24.5561904907,55.7142857143,89.0,37.0,14.9001438152,1170.0
147,20.8963630238,21.467316795,0.0,35.0,20.7106761932,48.8571428571,88.0,31.0,13.4025583912,1026.0
147,20.9274724116,21.3550726841,0.0,29.0,15.7280750275,45.9047619048,65.0,32.0,10.059347702,964.0
147,20.8043401123,21.5016813633,0.0,31.0,22.4216766357,47.3333333333,83.0,29.0,15.6503461091,994.0
147,20.8789511991,21.6088837445,0.0,33.0,25.6658096313,50.0952380952,95.0,33.0,15.6521716126,1052.0
147,20.7782044177,21.4711132925,0.0,28.0,16.4226055145,45.4285714286,72.0,29.0,11.1380942202,954.0
147,20.9144787733,21.4713297048,0.0,27.0,15.2934188843,42.4761904762,63.0,24.0,11.9900752609,892.0
147,20.8721104918,21.5614513593,0.0,34.0,14.346912384,44.7142857143,64.0,33.0,10.020692876,939.0
147,20.8720748859,21.5155096401,0.0,32.0,28.112909317,51.5714285714,94.0,35.0,15.9955350913,1083.0
148,39.075885653,28.1253091119,0.0,28.0,17.2889881134,46.4285714286,85.0,33.0,12.7419442338,975.0
148,39.1019311217,28.0838752079,0.0,26.0,13.6481180191,43.1428571429,61.0,28.0,10.2190298673,906.0
148,39.1096994634,28.1046185317,0.0,27.0,18.9067192078,47.4285714286,68.0,30.0,10.9250694669,996.0
148,38.8714347452,27.8171579324,0.0,34.0,20.319355011,46.5238095238,73.0,30.0,13.1057966092,977.0
148,38.9467395739,28.0143472574,0.0,32.0,20.9354324341,47.619047619,81.0,29.0,13.5442836299,1000.0
148,38.9657876384,28.1100986815,0.0,30.0,13.4391155243,45.1428571429,76.0,33.0,9.012689467,948.0
148,38.8120994017,27.8164396824,0.0,35.0,12.882481575,43.380952381,62.0,30.0,7.71022820983,911.0
148,38.96536058,28.0347809657,0.0,31.0,23.7312660217,49.0952380952,83.0,18.0,15.750888108,1031.0
148,39.0365140779,28.1420119621,0.0,29.0,12.3308744431,44.6666666667,66.0,29.0,10.0266312056,938.0
148,38.8598280945,27.9201932798,0.0,33.0,23.4230709076,50.7142857143,87.0,27.0,15.4179857866,1065.0
149,44.5963941891,30.7463026557,0.0,28.0,16.7769641876,45.8571428571,70.0,28.0,10.1945363518,963.0
149,44.5773298123,30.8198635057,0.0,29.0,16.5483055115,46.0,65.0,28.0,10.1242283657,966.0
149,44.5690950994,30.7836300453,0.0,27.0,16.2901763916,45.7142857143,73.0,27.0,10.3544331431,960.0
149,44.4316215446,30.7070546616,0.0,26.0,16.6865329742,48.3333333333,65.0,36.0,9.29157324318,1015.0
150,30.440311602,0.460557974968,0.0,25.0,15.0260181427,39.4285714286,63.0,21.0,11.9439165627,828.0
150,30.5582961648,0.598140943907,0.0,36.0,16.0365772247,44.4761904762,64.0,28.0,11.0707680295,934.0
150,30.4906667268,0.799267311723,0.0,35.0,17.0117759705,43.4285714286,72.0,24.0,12.9327933122,912.0
150,30.2370087675,0.822263582289,0.0,33.0,14.5629425049,44.0,71.0,31.0,9.74166310237,924.0
150,30.2707379407,0.799539420178,0.0,32.0,16.8526496887,42.9047619048,70.0,23.0,12.848753877,901.0
150,30.3855676136,0.854295794635,0.0,34.0,16.9769363403,44.1428571429,70.0,24.0,11.7187273809,927.0
150,30.341255133,0.670258516,0.0,28.0,19.1251716614,44.9047619048,78.0,26.0,12.9379471397,943.0
150,30.31385665,0.600784197886,0.0,30.0,12.6866369247,42.0476190476,69.0,25.0,10.002380669,883.0
150,30.4189242874,0.781216021838,0.0,29.0,19.8458652496,45.8095238095,93.0,26.0,13.800793628,962.0
150,30.4358887615,0.494881742884,0.0,37.0,17.9501438141,41.7142857143,76.0,24.0,11.9880893271,876.0
150,30.2017316837,0.625548260784,0.0,31.0,15.2782506943,43.619047619,65.0,26.0,9.66683086888,916.0
150,30.3177247272,0.636536703401,0.0,27.0,17.0658245087,45.3333333333,77.0,24.0,11.6590451296,952.0
150,30.4548560328,0.522258660214,0.0,26.0,16.4052848816,43.0,68.0,28.0,10.4976187776,903.0
151,25.5140751266,3.13283595134,0.0,28.0,16.1455154419,42.5238095238,72.0,24.0,10.5859295653,893.0
151,25.5433753672,3.1542813285,0.0,29.0,16.3742809296,46.1904761905,74.0,33.0,11.4482271449,970.0
151,25.3428839303,3.02002043683,0.0,27.0,12.2615737915,38.8571428571,54.0,22.0,8.54567559814,816.0
152,15.9555517675,38.3960268973,0.0,15.0,20.9178562164,42.3333333333,75.0,26.0,14.9610605685,889.0
152,15.9311948092,38.4071298907,0.0,14.0,13.2413129807,39.8571428571,56.0,23.0,9.5199039611,837.0
153,25.6969159169,21.6141064421,0.0,17.0,14.4998445511,43.5714285714,67.0,26.0,11.3118143044,915.0
153,25.6030315805,21.6210727523,0.0,16.0,14.0804691315,42.6666666667,73.0,23.0,11.4338678204,896.0
154,6.64274559727,11.5242104954,0.0,17.0,12.3917865753,38.8571428571,60.0,23.0,8.72516884814,816.0
154,6.69458093884,11.5827878003,0.0,16.0,12.6852798462,39.6666666667,61.0,24.0,8.65640418034,833.0
155,14.6062542522,12.5756788039,0.0,31.0,15.6380195618,41.7142857143,59.0,30.0,8.78147400579,876.0
155,14.5361819191,12.6252714003,0.0,32.0,13.4818630219,40.7142857143,63.0,27.0,9.68061391206,855.0
156,28.9342782933,12.3576601846,0.0,31.0,20.0529251099,48.9523809524,77.0,30.0,13.4479596611,1028.0
156,28.9318931647,12.4468742663,0.0,28.0,18.2048587799,49.5238095238,72.0,35.0,12.3758597585,1040.0
156,29.0293696281,12.44194247,0.0,33.0,28.0585899353,57.2380952381,97.0,35.0,15.1654368942,1202.0
156,28.9521559718,12.4806752693,0.0,32.0,25.5766639709,50.4761904762,88.0,25.0,17.6057349964,1060.0
156,28.9633055923,12.426311178,0.0,30.0,23.3069839478,52.1904761905,82.0,35.0,14.462430804,1096.0
156,28.8841343583,12.4823433268,0.0,29.0,14.2926988602,44.619047619,65.0,27.0,9.84619820274,937.0
157,19.0246359349,20.2929542032,0.0,31.0,19.6085567474,48.4285714286,76.0,29.0,12.1719818788,1017.0
157,19.2798741022,20.5785677312,0.0,33.0,23.7690925598,50.5714285714,98.0,29.0,14.9718784011,1062.0
157,19.2669996766,20.4039580243,0.0,32.0,20.6667461395,49.1904761905,82.0,32.0,13.5853562619,1033.0
157,18.998853572,20.1871541793,0.0,30.0,14.6015396118,45.7142857143,76.0,31.0,10.1002121618,960.0
158,41.3203802498,22.9455244905,0.0,30.0,16.715681076,47.0952380952,63.0,30.0,10.2903098199,989.0
158,41.1985246928,23.1050072138,0.0,32.0,14.3423061371,44.619047619,65.0,26.0,10.0123732975,937.0
158,41.2818883786,23.040467482,0.0,31.0,21.1033535004,46.380952381,96.0,21.0,15.622023526,974.0
158,41.3544104857,23.183077767,0.0,29.0,16.053730011,42.7619047619,68.0,25.0,11.4625684814,898.0
158,41.4439512961,23.1538103128,0.0,28.0,13.4099168777,42.0,58.0,28.0,9.38083151965,882.0
159,21.6813225397,27.9629130801,0.0,32.0,13.5769910812,41.4761904762,56.0,23.0,10.24509174,871.0
159,21.5703318776,27.9602710349,0.0,31.0,12.9617376328,43.4761904762,62.0,31.0,9.01453852185,913.0
159,21.7080101291,27.9071927728,0.0,33.0,13.8726587296,41.3333333333,69.0,17.0,11.3416636052,868.0
160,31.8658779591,27.5556490103,0.0,34.0,12.0157642365,46.5238095238,66.0,31.0,10.395282813,977.0
160,31.822823625,27.5519728643,0.0,32.0,16.8447360992,52.0476190476,67.0,34.0,8.94693349968,1093.0
160,31.8118378124,27.6166350257,0.0,30.0,26.1721763611,52.8571428571,94.0,28.0,17.7828167462,1110.0
160,31.6887086224,27.581284654,0.0,35.0,19.5646362305,47.3333333333,73.0,28.0,11.8420155942,994.0
160,31.7998785919,27.5901544703,0.0,31.0,20.5562648773,50.4285714286,79.0,32.0,13.5593931596,1059.0
160,31.8271130378,27.7026032224,0.0,29.0,13.2375583649,46.4285714286,74.0,27.0,10.5383652839,975.0
160,31.786425475,27.565899366,0.0,33.0,16.6438446045,50.9523809524,72.0,30.0,10.0721208813,1070.0
160,31.9409392398,27.7246935142,0.0,28.0,15.9669809341,43.5714285714,78.0,26.0,12.0190325258,915.0
161,34.8287616212,28.4289407893,0.0,33.0,16.7844161987,50.1904761905,75.0,35.0,11.2810418296,1054.0
161,34.8173315596,28.3115145463,0.0,34.0,19.6837711334,50.2857142857,79.0,33.0,12.4464567534,1056.0
161,34.7379994643,28.4419289251,0.0,32.0,13.7228679657,44.619047619,73.0,26.0,11.2759753036,937.0
161,34.6502068984,28.513784572,0.0,30.0,12.9510803223,42.0952380952,63.0,21.0,10.2269485278,884.0
161,34.6852930295,28.5009742517,0.0,31.0,18.9082584381,47.1904761905,75.0,29.0,10.6000898469,991.0
161,34.7840215586,28.5839978651,0.0,29.0,12.5211992264,41.9047619048,65.0,28.0,9.72062118336,880.0
162,36.3271442712,29.0566043186,0.0,33.0,18.3442764282,45.8571428571,77.0,29.0,13.3464816123,963.0
162,36.2543501392,29.0713602027,0.0,32.0,21.422246933,47.3333333333,78.0,26.0,14.4718116811,994.0
162,36.277151768,28.898473271,0.0,30.0,24.3969917297,49.9047619048,79.0,28.0,15.1159014349,1048.0
162,36.2764671811,28.9980423625,0.0,29.0,12.8344097137,41.3333333333,63.0,26.0,9.7945563112,868.0
162,36.2844455475,29.0227339139,0.0,31.0,20.3052139282,46.5714285714,77.0,28.0,12.7537109446,978.0
163,27.6239279368,33.7561974641,0.0,31.0,13.9986906052,43.2380952381,73.0,24.0,11.7554445339,908.0
163,27.5877935972,33.7632883683,0.0,33.0,13.4937210083,41.8095238095,63.0,22.0,11.338514222,878.0
163,27.5412408302,33.7510918626,0.0,30.0,15.6912202835,45.2380952381,68.0,27.0,11.5581346328,950.0
163,27.6084981184,33.7774388287,0.0,32.0,13.8710718155,42.0952380952,63.0,25.0,9.57029133258,884.0
164,8.01546411367,29.871482531,0.0,33.0,12.9234771729,38.0476190476,49.0,27.0,6.93163898711,799.0
164,8.04039540625,29.9190153585,0.0,34.0,13.1211671829,33.8571428571,54.0,19.0,9.52515466691,711.0
164,8.09594724313,29.9008253941,0.0,32.0,13.7031784058,35.1428571429,67.0,18.0,11.2262447608,738.0
165,19.9427240726,32.1026632361,0.0,38.0,14.2340736389,39.5714285714,72.0,24.0,9.95776796562,831.0
165,19.95792142,32.1054439086,0.0,39.0,16.8120155334,43.4761904762,66.0,24.0,11.8051643259,913.0
165,19.8032576451,32.1724649694,0.0,36.0,14.2090969086,41.2857142857,59.0,25.0,9.81398419167,867.0
165,19.8080252583,32.0974340422,0.0,33.0,17.6882648468,44.5714285714,74.0,25.0,11.4392806967,936.0
165,19.7973256111,32.1516885681,0.0,34.0,12.8296318054,41.1428571429,60.0,27.0,9.4988721135,864.0
165,19.8532253613,32.1570941769,0.0,37.0,17.3622341156,45.0,74.0,31.0,11.8279330401,945.0
165,19.825795339,32.0800225573,0.0,32.0,15.888338089,44.0476190476,67.0,26.0,10.7166981411,925.0
165,19.9666819,32.1514786374,0.0,40.0,14.6894950867,44.0476190476,64.0,27.0,11.2892700848,925.0
166,32.4288006476,14.1179685909,0.0,33.0,14.01151371,45.4761904762,65.0,27.0,9.26077236314,955.0
166,32.4186750078,14.1434424948,0.0,32.0,12.6621446609,43.8095238095,60.0,33.0,7.48744981699,920.0
167,13.9726439094,18.0456919679,0.0,33.0,15.5824356079,40.8571428571,79.0,25.0,12.3704717545,858.0
167,13.8969984931,18.0025449463,0.0,32.0,12.4735097885,37.9047619048,70.0,23.0,11.0404019941,796.0
168,13.0814259816,24.504389074,0.0,34.0,20.250087738,45.0,76.0,24.0,12.5099960032,945.0
168,12.9782270991,24.4419448263,0.0,35.0,12.4732303619,40.8571428571,62.0,27.0,8.56904728827,858.0
169,13.1186482661,34.0172362551,0.0,36.0,13.2742261887,37.0476190476,59.0,18.0,11.7067339189,778.0
169,13.1594658281,34.2388290217,0.0,34.0,15.1270370483,38.4761904762,65.0,19.0,12.5004761814,808.0
169,13.0932124067,34.265470098,0.0,35.0,14.8615236282,40.3333333333,61.0,28.0,9.13965717811,847.0
170,31.3874713644,36.8858398324,0.0,37.0,26.3729286194,52.6666666667,97.0,27.0,17.2201432437,1106.0
170,31.1656898414,36.9062889889,0.0,40.0,20.5505065918,48.5714285714,70.0,30.0,12.0023807162,1020.0
170,31.2930296019,36.9061242914,0.0,39.0,23.9135322571,49.1904761905,75.0,28.0,14.2850237928,1033.0
170,31.2275943893,37.0075745876,0.0,41.0,26.4317989349,52.0,92.0,33.0,15.1228304229,1092.0
170,31.1790727276,36.8423829648,0.0,38.0,21.9996490479,48.0952380952,88.0,32.0,15.6265951567,1010.0
170,31.4263970424,36.6593034488,0.0,34.0,16.0458106995,42.5714285714,73.0,23.0,11.7327380801,894.0
170,31.3438184052,36.8181506967,0.0,36.0,18.5182876587,46.2857142857,75.0,31.0,11.6023396655,972.0
170,31.2221677488,37.0211110224,0.0,43.0,18.2579441071,46.1904761905,72.0,24.0,12.0275477452,970.0
170,31.2153870216,36.9538585692,0.0,44.0,15.2125043869,44.4761904762,65.0,23.0,10.2108718904,934.0
170,31.2957800533,37.1084939111,0.0,42.0,17.3594589233,45.8571428571,70.0,24.0,11.6072637356,963.0
170,31.3128088077,36.707913711,0.0,35.0,13.4236097336,42.5714285714,59.0,26.0,10.1861250168,894.0
171,27.2712844371,36.1078922222,0.0,39.0,14.9507808685,43.2857142857,74.0,29.0,9.87999421631,909.0
171,27.2327449354,36.0758701863,0.0,41.0,15.8667221069,46.8095238095,67.0,30.0,9.34140807169,983.0
171,27.2258980815,36.1184902912,0.0,38.0,17.0732040405,41.8571428571,73.0,29.0,11.4860163429,879.0
171,27.1949865434,36.1610031406,0.0,33.0,19.666765213,45.0,74.0,26.0,12.7003936947,945.0
171,27.2750856261,36.1408138909,0.0,36.0,17.9720401764,44.8095238095,70.0,28.0,11.3517357599,941.0
171,27.2283565269,36.1113679868,0.0,34.0,13.8543338776,43.0,60.0,25.0,9.06090503206,903.0
171,27.1468815768,36.1244316514,0.0,42.0,19.9879436493,48.7142857143,73.0,34.0,12.1661121857,1023.0
171,27.2013611654,36.0919904332,0.0,35.0,17.8681659698,45.4761904762,70.0,32.0,10.5195962262,955.0
171,27.2266491288,36.1259114114,0.0,37.0,13.9904880524,43.4285714286,64.0,22.0,9.91247410373,912.0
171,27.2658141439,36.1320874154,0.0,40.0,14.9987354279,40.9523809524,64.0,21.0,10.9017255078,860.0
172,28.9740074311,36.8615100476,0.0,37.0,15.6701545715,44.1904761905,66.0,24.0,10.9252873995,928.0
172,29.1466116895,36.8097148464,0.0,39.0,21.3086166382,49.1428571429,83.0,31.0,12.1790217763,1032.0
172,29.1237157606,36.9342204619,0.0,38.0,21.7363319397,47.8095238095,83.0,30.0,12.5682896514,1004.0
172,29.1037329761,36.8304336235,0.0,33.0,12.9305257797,42.7142857143,65.0,27.0,9.80378935485,897.0
172,29.0236523051,36.8355418798,0.0,36.0,14.3058338165,45.380952381,68.0,26.0,11.377504957,953.0
172,28.9734014484,36.7269947502,0.0,34.0,21.4022655487,47.8571428571,83.0,23.0,14.8164965977,1005.0
172,28.8874036234,36.7539544636,0.0,35.0,28.734992981,51.3333333333,101.0,32.0,16.9803808359,1078.0
172,29.1483041552,36.8638126999,0.0,40.0,14.0752573013,40.8095238095,71.0,28.0,10.4432707885,857.0
173,14.4958991914,1.77663111948,0.0,36.0,15.5733118057,40.0952380952,60.0,26.0,8.94373949702,842.0
173,14.6863764504,1.71396465892,0.0,34.0,14.8408317566,42.7619047619,61.0,27.0,9.93933982669,898.0
173,14.5270667263,1.88548197922,0.0,37.0,17.210767746,41.5238095238,71.0,23.0,12.5124699705,872.0
173,14.5134978685,1.81673577431,0.0,35.0,13.0649204254,41.4285714286,64.0,23.0,8.26783785866,870.0
173,14.5581081405,1.82911825242,0.0,38.0,12.8194828033,39.5238095238,70.0,26.0,10.2743323268,830.0
174,14.2000574325,12.6726491282,0.0,36.0,15.1912403107,38.8095238095,70.0,28.0,10.4576242408,815.0
174,14.2397836351,12.7052750465,0.0,35.0,13.5828523636,41.0952380952,56.0,20.0,9.16463180878,863.0
174,14.2672875107,12.578258111,0.0,37.0,15.7221307755,39.5714285714,62.0,27.0,10.2935486037,831.0
175,31.3780028543,26.6423666289,0.0,35.0,21.4414138794,47.4761904762,79.0,27.0,15.0619356247,997.0
175,31.4635204842,26.5770797159,0.0,36.0,16.2294406891,47.619047619,78.0,35.0,10.8741721086,1000.0
176,16.443166495,32.0589923986,0.0,43.0,16.512670517,40.7619047619,69.0,19.0,11.7511904159,856.0
176,16.4149500739,32.044929747,0.0,40.0,22.1071014404,47.4761904762,78.0,23.0,13.485618442,997.0
176,16.41384796,32.0553335343,0.0,47.0,19.6977233887,44.9523809524,72.0,27.0,13.1509550622,944.0
176,16.444332511,32.0623534891,0.0,37.0,36.1278610229,55.4285714286,126.0,31.0,23.0294842074,1164.0
176,16.4534261976,32.0299655599,0.0,39.0,20.7702026367,45.5714285714,84.0,21.0,14.1900367462,957.0
176,16.4362971912,32.0431299655,0.0,46.0,19.2154464722,43.9047619048,69.0,20.0,12.8331787251,922.0
176,16.4135148205,32.0953075544,0.0,38.0,15.458322525,40.0476190476,62.0,19.0,11.0610857988,841.0
176,16.4217135027,32.067341492,0.0,36.0,23.2742233276,49.4285714286,76.0,32.0,14.5071410987,1038.0
176,16.4420830111,32.0305418094,0.0,44.0,23.732673645,44.619047619,96.0,24.0,15.929457588,937.0
176,16.3806121035,32.0399507081,0.0,45.0,20.4863090515,43.3333333333,86.0,23.0,16.3778305442,910.0
176,16.4031274738,32.0487657248,0.0,42.0,19.1019287109,49.7619047619,75.0,33.0,12.899243241,1045.0
176,16.4875157568,32.0485791504,0.0,35.0,19.1038131714,44.0952380952,72.0,27.0,13.5052018197,926.0
176,16.4349273258,32.0347241179,0.0,41.0,14.5852003098,38.2380952381,63.0,20.0,11.1843853738,803.0
177,13.0626395084,36.4113739853,0.0,36.0,19.246919632,41.1904761905,76.0,27.0,12.7773982,865.0
177,13.052894704,36.400274105,0.0,35.0,17.7951526642,38.8095238095,71.0,21.0,11.3473302923,815.0
178,25.6838288591,2.96940378136,0.0,38.0,24.0303382874,49.2380952381,87.0,31.0,14.4599611407,1034.0
178,25.7556949472,2.70475756199,0.0,47.0,15.8317165375,45.9047619048,68.0,33.0,9.34828733996,964.0
178,25.6310008236,2.6083607722,0.0,45.0,16.7807846069,42.380952381,71.0,26.0,11.7663766321,890.0
178,25.7926987343,2.97093138136,0.0,49.0,13.6132287979,39.9523809524,58.0,24.0,8.52922147957,839.0
178,25.5130701305,3.21827593565,0.0,36.0,19.4828662872,44.4285714286,72.0,27.0,12.1184628917,933.0
178,25.5502960816,2.76286389161,0.0,44.0,15.1206493378,45.0,70.0,27.0,11.1265448366,945.0
178,25.5866321463,2.96142188601,0.0,42.0,17.0512580872,42.1428571429,78.0,25.0,12.697581322,885.0
178,25.7470588771,3.07321442341,0.0,51.0,15.5955190659,42.7619047619,63.0,30.0,10.5399466882,898.0
178,25.5884462596,3.14087241918,0.0,33.0,12.2918605804,41.9523809524,66.0,21.0,9.84619820274,881.0
178,25.6433827567,2.99639406911,0.0,41.0,14.9594192505,40.7142857143,64.0,28.0,9.59761875229,855.0
178,25.7916934713,2.70184285706,0.0,48.0,17.9379005432,42.2380952381,74.0,27.0,12.1033250056,887.0
178,25.6312445142,3.06876293733,0.0,34.0,15.5299663544,43.4285714286,67.0,29.0,9.27130750526,912.0
178,25.723075723,3.05520978753,0.0,50.0,14.2862052917,43.0476190476,78.0,30.0,11.2671034009,904.0
178,25.6739199894,3.00189575396,0.0,39.0,20.715341568,48.0952380952,84.0,26.0,13.6121444376,1010.0
178,25.6470569065,2.92645822595,0.0,43.0,13.2917566299,42.0,61.0,29.0,8.14861951499,882.0
178,25.6393892432,2.99348661764,0.0,40.0,19.3089675903,44.7142857143,68.0,28.0,11.8496534006,939.0
178,25.6340737159,3.21238862099,0.0,37.0,12.2747955322,39.2380952381,59.0,21.0,9.42286984896,824.0
179,38.6103126324,15.375709689,0.0,37.0,18.2504253387,45.619047619,79.0,28.0,14.1438191111,958.0
179,38.7199630171,15.3212244828,0.0,39.0,15.1839036942,44.4761904762,69.0,33.0,8.68688118728,934.0
179,38.5995622479,15.245495498,0.0,38.0,17.8219642639,45.2380952381,77.0,30.0,11.8613016229,950.0
179,38.5571348604,15.3730668183,0.0,36.0,16.7166976929,46.1904761905,66.0,30.0,11.487467291,970.0
179,38.6153425531,15.2097320889,0.0,41.0,13.8478050232,43.3333333333,71.0,27.0,11.4426104248,910.0
179,38.5780777908,15.2003666996,0.0,40.0,14.3822717667,43.1904761905,59.0,25.0,10.67529413,907.0
180,18.6218452731,20.4347696472,0.0,37.0,21.2893676758,47.2380952381,78.0,27.0,12.4896147335,992.0
180,18.9159904707,20.4003823003,0.0,36.0,16.7055644989,48.9523809524,68.0,33.0,9.38336928015,1028.0
181,26.5993038132,20.8634651674,0.0,40.0,19.9772396088,48.9047619048,78.0,24.0,13.645163106,1027.0
181,26.7799239412,20.7196490452,0.0,37.0,24.8937969208,53.6666666667,91.0,35.0,14.4821729493,1127.0
181,26.6199691851,20.8233103831,0.0,39.0,26.6870307922,57.0952380952,86.0,25.0,16.2938784883,1199.0
181,26.7152485696,20.8398922801,0.0,38.0,23.3777942657,50.619047619,76.0,35.0,13.2946462551,1063.0
181,26.7665270087,20.6601992423,0.0,36.0,18.9126434326,50.619047619,81.0,28.0,13.0440645141,1063.0
181,26.5424211802,20.8541392121,0.0,41.0,16.5215930939,46.2380952381,71.0,30.0,11.2690051109,971.0
182,19.5770685101,20.7511376285,0.0,37.0,12.9400424957,40.9523809524,65.0,28.0,10.0870024808,860.0
182,19.5613606499,20.6402196532,0.0,38.0,15.3956775665,44.7619047619,75.0,28.0,10.6531908924,940.0
182,19.5423587378,20.723190998,0.0,36.0,13.4488945007,41.0476190476,67.0,26.0,11.740852569,862.0
183,24.8498700914,22.0231330385,0.0,37.0,14.9932641983,45.9047619048,68.0,34.0,8.57848915547,964.0
183,24.8895207751,22.038972281,0.0,36.0,12.2589960098,42.7142857143,57.0,30.0,7.87491496553,897.0
184,11.0205097358,0.309204713513,0.0,14.0,13.81361866,41.6666666667,63.0,28.0,9.93646483078,875.0
184,11.2318870453,0.378771528641,0.0,13.0,12.0650863647,40.7619047619,52.0,29.0,7.99315183082,856.0
185,32.0196178527,12.793766573,0.0,14.0,23.6613388062,49.7142857143,84.0,27.0,14.6087058193,1044.0
185,31.9782753326,12.881077219,0.0,13.0,15.0895719528,46.9523809524,71.0,32.0,9.23837751164,986.0
186,12.8545201903,20.1381679676,0.0,13.0,15.8384838104,42.619047619,72.0,27.0,11.9183731712,895.0
186,12.9564078283,20.0662105617,0.0,14.0,17.6483421326,44.0,76.0,29.0,11.1085552616,924.0
187,13.0255376269,31.9789043037,0.0,14.0,12.085650444,38.5714285714,57.0,23.0,9.76509820008,810.0
187,13.0430725825,32.0288067653,0.0,13.0,13.5270900726,39.5238095238,65.0,22.0,10.5148421178,830.0
188,29.103351044,2.81712948699,0.0,38.0,12.3305873871,40.7142857143,56.0,26.0,8.65530390652,855.0
188,29.0664104061,3.04434436885,0.0,41.0,17.7476711273,44.619047619,65.0,23.0,12.1345629937,937.0
188,28.8610878333,3.17783027835,0.0,45.0,14.4498701096,42.4285714286,67.0,27.0,10.6234242529,891.0
188,29.1968345808,2.85874716814,0.0,39.0,15.8212633133,43.7619047619,69.0,30.0,10.4876344421,919.0
188,29.0018939696,3.17201141128,0.0,44.0,17.7808189392,46.4285714286,71.0,27.0,11.7071406781,975.0
188,29.0938175053,3.09876507234,0.0,40.0,12.8151130676,43.0476190476,63.0,30.0,8.21264994065,904.0
188,29.1063345225,3.11135291671,0.0,42.0,21.1339988708,45.9047619048,78.0,28.0,13.9459842317,964.0
189,18.9221771856,14.4879534184,0.0,39.0,14.3271331787,40.8571428571,62.0,27.0,11.0285344189,858.0
189,18.9150324312,14.3698381683,0.0,46.0,19.0395355225,46.6666666667,69.0,26.0,11.637582796,980.0
189,19.0978090345,14.369708651,0.0,42.0,22.5536804199,48.2857142857,81.0,21.0,14.9370106017,1014.0
189,18.9115278058,14.3125188765,0.0,48.0,12.7821979523,42.4761904762,64.0,29.0,9.60530607331,892.0
189,19.0123462846,14.5180586207,0.0,38.0,15.6859378815,42.1904761905,75.0,25.0,12.1516214869,886.0
189,19.0489549215,14.3886295363,0.0,41.0,24.0845279694,49.8571428571,88.0,29.0,13.8790695448,1047.0
189,19.0675139983,14.432836983,0.0,49.0,12.7513599396,39.9047619048,67.0,27.0,9.72062118336,838.0
189,19.1123569292,14.4089688822,0.0,44.0,21.1782646179,47.7142857143,81.0,33.0,15.1464281504,1002.0
189,19.1053845897,14.3390797062,0.0,45.0,30.6505069733,58.380952381,110.0,38.0,17.8619041272,1226.0
189,19.1438498973,14.4078681758,0.0,43.0,25.9488048553,51.619047619,84.0,26.0,15.0015872176,1084.0
190,23.7587157227,8.25249162656,0.0,38.0,16.2916278839,49.9047619048,69.0,35.0,8.78581107186,1048.0
190,23.8433757663,8.08225112465,0.0,39.0,13.5780715942,44.9047619048,72.0,28.0,9.46522457158,943.0
191,21.6662501864,27.7652858676,0.0,37.0,15.6924409866,44.4285714286,66.0,30.0,10.7497508277,933.0
191,21.6453186877,27.9876990986,0.0,40.0,16.0905666351,41.4285714286,76.0,28.0,10.9980517755,870.0
191,21.5240328889,27.8636262645,0.0,38.0,15.0992422104,41.7142857143,72.0,25.0,11.9504931159,876.0
191,21.6131356059,27.8660075743,0.0,39.0,16.222410202,44.380952381,69.0,27.0,9.79528555212,932.0
192,18.9317144856,30.4251732695,0.0,43.0,17.7140884399,41.9523809524,73.0,18.0,13.4813804578,881.0
192,18.8786705023,30.576886875,0.0,40.0,16.5456447601,42.9523809524,68.0,25.0,11.1196950969,902.0
192,18.9902143395,30.4395000443,0.0,42.0,19.4737319946,45.6666666667,81.0,29.0,12.5631736967,959.0
192,18.9636307376,30.5919034486,0.0,39.0,14.0428342819,42.6666666667,65.0,26.0,9.54637802171,896.0
192,19.0454872435,30.6615952337,0.0,38.0,14.3896017075,40.4761904762,69.0,30.0,10.2206606813,850.0
193,11.4935343421,1.20992048672,0.0,41.0,12.9734163284,38.9047619048,61.0,24.0,9.45465367903,817.0
193,11.468078913,1.09363230681,0.0,39.0,13.9685211182,38.2380952381,71.0,27.0,11.2601277164,803.0
193,11.5908244667,1.18793977416,0.0,42.0,13.3146829605,37.6666666667,52.0,20.0,9.34523051258,791.0
193,11.4098581909,1.06787067612,0.0,38.0,12.1203422546,36.7619047619,59.0,20.0,9.82804539013,772.0
194,19.6163009722,18.5280979118,0.0,40.0,14.5674476624,45.5714285714,76.0,29.0,11.5653423147,957.0
194,19.5101046507,18.5297705712,0.0,43.0,19.988861084,46.0,78.0,26.0,13.1984847615,966.0
194,19.5556830868,18.4423344415,0.0,42.0,21.8851070404,48.8571428571,80.0,22.0,15.0973034489,1026.0
194,19.8027588652,18.6226859293,0.0,39.0,14.3820066452,42.380952381,75.0,28.0,11.2359965756,890.0
194,19.4177544279,18.3476591958,0.0,45.0,13.8924226761,44.3333333333,62.0,27.0,9.11226279984,931.0
194,19.4067286319,18.282757784,0.0,46.0,15.9907550812,43.619047619,68.0,21.0,11.3555105146,916.0
194,19.6712031874,18.6471385008,0.0,41.0,13.2085638046,44.0,79.0,30.0,10.0399203184,924.0
194,19.5208359667,18.4091308833,0.0,44.0,22.340057373,50.0,82.0,34.0,13.3041346957,1050.0
195,29.9454086579,21.1301707999,0.0,40.0,13.8477048874,44.7142857143,65.0,36.0,8.49201305429,939.0
195,29.8996289019,21.0646386978,0.0,39.0,15.5475101471,45.5238095238,68.0,32.0,9.7858011814,956.0
196,13.0737049251,24.823435962,0.0,43.0,18.895898819,45.7142857143,64.0,30.0,11.172031405,960.0
196,13.2155850805,24.6819591871,0.0,42.0,13.0085163116,40.2857142857,76.0,21.0,12.2071407674,846.0
196,13.229779768,24.5475482678,0.0,40.0,12.3790016174,39.2857142857,61.0,25.0,9.13861508733,825.0
196,13.3051687775,24.5962099589,0.0,39.0,15.5505952835,39.5238095238,61.0,24.0,11.6431054604,830.0
196,13.3295880646,24.6976184185,0.0,44.0,13.9217681885,39.2857142857,61.0,23.0,10.7988094582,825.0
197,30.430858007,25.8909036185,0.0,40.0,13.7576150894,44.0952380952,70.0,29.0,10.848524148,926.0
197,30.2537167342,26.2452629282,0.0,39.0,16.0495204926,44.3333333333,71.0,23.0,13.3466600067,931.0
198,29.5712085018,1.14777324263,0.0,44.0,12.5970211029,40.9047619048,55.0,28.0,7.79040924409,859.0
198,29.5125513097,0.976568284008,0.0,39.0,16.2770118713,41.9523809524,85.0,29.0,12.2248770565,881.0
198,29.4957007976,0.942184450901,0.0,40.0,16.0424461365,42.7619047619,61.0,25.0,11.1799139617,898.0
198,29.4956778653,0.983046328875,0.0,42.0,13.3951911926,42.8095238095,59.0,29.0,9.17942834614,899.0
198,29.481675564,0.934068881032,0.0,43.0,15.7996120453,43.1428571429,68.0,29.0,11.0647445261,906.0
198,29.5057703942,0.966091258942,0.0,41.0,14.049246788,42.0476190476,64.0,29.0,10.1610835568,883.0
199,30.4377806581,36.2727363005,0.0,41.0,12.9428882599,41.0,57.0,25.0,9.95991967839,861.0
199,30.2850045857,36.1523370055,0.0,43.0,13.2793092728,40.7142857143,55.0,29.0,7.49094691707,855.0
199,30.3150930397,36.3116314615,0.0,42.0,14.9139490128,40.7142857143,72.0,18.0,13.3159410375,855.0
200,24.4776860394,0.353463596726,0.0,40.0,20.8662014008,44.1904761905,81.0,28.0,13.4707796642,928.0
200,24.5151013996,0.407029247935,0.0,42.0,15.1267681122,39.380952381,66.0,26.0,10.4569411898,827.0
200,24.4718506704,0.469844796763,0.0,41.0,15.1376943588,40.7619047619,70.0,23.0,11.5581346328,856.0
201,1.7654412637,2.6586743942,0.0,41.0,15.0677652359,36.3333333333,51.0,20.0,9.8047607484,763.0
201,1.77878290144,2.66518121162,0.0,40.0,12.8027505875,32.380952381,58.0,19.0,10.730685861,680.0
201,1.772182847,2.63036323689,0.0,42.0,13.4066123962,32.1428571429,57.0,17.0,9.46723673669,675.0
202,23.5802194593,8.37219681253,0.0,41.0,14.8559007645,44.7142857143,67.0,25.0,9.9556157878,939.0
202,23.5341096731,8.41251843859,0.0,42.0,19.3475990295,50.2380952381,69.0,34.0,10.4637696931,1055.0
203,31.5789664899,26.4689279683,0.0,42.0,22.6581840515,49.5714285714,81.0,28.0,14.1900367462,1041.0
203,31.6162474905,26.5308635673,0.0,41.0,18.7441101074,47.0476190476,75.0,30.0,12.0394193817,988.0
204,16.0304452017,23.2850673547,0.0,19.0,14.9527950287,40.0,60.0,26.0,10.2323017938,840.0
204,16.0802063524,23.2256782872,0.0,18.0,17.6894950867,43.2857142857,68.0,25.0,11.7309115466,909.0
205,30.1622278163,0.372064682663,0.0,44.0,17.2369709015,43.1904761905,70.0,29.0,11.8009281314,907.0
205,30.2566524214,0.429981240934,0.0,43.0,13.9833507538,42.5714285714,68.0,30.0,10.4430427969,894.0
205,30.2020060411,0.540839974719,0.0,42.0,13.1632881165,41.9047619048,59.0,29.0,9.31614062745,880.0
205,29.9984154598,0.24179790962,0.0,45.0,15.3920154572,41.380952381,82.0,28.0,12.6034764667,869.0
206,27.420589544,25.6270305504,0.0,44.0,12.608259201,45.1904761905,60.0,26.0,8.12169346638,949.0
206,27.4543543759,25.6113333692,0.0,43.0,18.6789989471,48.0476190476,67.0,35.0,10.5805301875,1009.0
206,27.5091785612,25.5455468401,0.0,47.0,14.1781072617,44.6666666667,65.0,28.0,10.5751280528,938.0
206,27.51358343,25.5981902422,0.0,48.0,22.6284065247,49.2380952381,83.0,25.0,15.915102142,1034.0
206,27.4482782713,25.6829561264,0.0,42.0,16.8479804993,45.8095238095,63.0,28.0,11.0978333364,962.0
206,27.4894235751,25.5547245042,0.0,46.0,15.9882135391,43.9047619048,66.0,25.0,10.8393023849,922.0
207,34.8208171213,28.3116686301,0.0,43.0,17.5535144806,49.5238095238,70.0,34.0,9.76022052834,1040.0
207,34.817017114,28.2207479254,0.0,44.0,14.312040329,43.9047619048,61.0,26.0,10.3774021889,922.0
208,19.9317251346,32.2103593597,0.0,44.0,14.5467195511,43.9523809524,65.0,29.0,9.47352199805,923.0
208,19.9675511262,32.1660721594,0.0,43.0,13.6782083511,41.619047619,61.0,29.0,8.83445635269,874.0
209,28.2630920325,32.2224432053,0.0,44.0,21.7541942596,50.1904761905,93.0,39.0,13.5706265427,1054.0
209,28.251347546,32.2304173192,0.0,45.0,32.3553962708,52.0952380952,100.0,25.0,20.1094623546,1094.0
209,28.2835678729,32.2347805461,0.0,43.0,27.5005264282,51.2857142857,101.0,32.0,18.6122079753,1077.0
210,13.1023686276,34.1277122187,0.0,46.0,19.2854366302,43.4761904762,78.0,25.0,13.4670674151,913.0
210,13.0546933165,33.8612988726,0.0,52.0,18.8696498871,44.6666666667,81.0,25.0,12.4110166116,938.0
210,13.0042783861,33.9476163898,0.0,50.0,24.3278274536,44.380952381,88.0,25.0,16.007736225,932.0
210,13.0777922419,34.1836549973,0.0,44.0,19.0095558167,43.4761904762,80.0,23.0,11.4656837895,913.0
210,13.132318583,34.2655291317,0.0,45.0,14.5647983551,42.0476190476,69.0,30.0,9.99237804767,883.0
210,13.018842236,33.9961324892,0.0,47.0,20.9808635712,46.2380952381,70.0,27.0,14.1876874857,971.0
210,13.0365884527,34.0816333141,0.0,48.0,22.5313434601,45.7142857143,85.0,28.0,14.8799961598,960.0
210,13.0996813359,33.999705995,0.0,49.0,13.8239002228,39.5238095238,62.0,25.0,10.2840607136,830.0
210,13.0531744682,33.9058616446,0.0,51.0,26.0959262848,49.1428571429,88.0,28.0,14.8063692858,1032.0
211,31.0133094814,14.8349685669,0.0,46.0,13.5973386765,44.0952380952,71.0,29.0,10.9174390857,926.0
211,30.9813951111,14.6979398432,0.0,44.0,13.4452819824,41.2380952381,71.0,27.0,10.5589050659,866.0
211,30.9420426972,14.7875602363,0.0,45.0,16.9058971405,42.8571428571,76.0,24.0,12.4430129562,900.0
212,13.2124418672,34.1615912308,0.0,41.0,13.12977314,40.4285714286,66.0,20.0,9.7034603548,849.0
212,13.0555193042,34.240522712,0.0,40.0,13.9082078934,42.9523809524,62.0,19.0,9.26539902258,902.0
213,39.199841338,0.5440421161,0.0,40.0,14.6231966019,41.5238095238,65.0,27.0,10.9481461792,872.0
213,39.2238659952,0.490295990261,0.0,41.0,12.8185758591,39.2380952381,53.0,21.0,9.53889281785,824.0
214,42.6358116982,26.0917900024,0.0,45.0,12.8562135696,44.2857142857,66.0,31.0,9.56108182761,930.0
214,42.6088219471,26.0658701231,0.0,46.0,15.7749557495,46.1904761905,77.0,34.0,9.97305894708,970.0
215,45.3724892079,34.5298869539,0.0,46.0,18.4001407623,47.8095238095,70.0,32.0,10.6330571691,1004.0
215,45.3699548019,34.4737349028,0.0,45.0,12.9201221466,42.0952380952,61.0,28.0,10.0145132778,884.0
216,17.3692549542,23.578454548,0.0,47.0,12.0247001648,40.8571428571,60.0,29.0,9.16670995661,858.0
216,17.3314726157,23.6233393498,0.0,48.0,12.6813325882,40.4285714286,60.0,28.0,9.0253610929,849.0
217,13.2108526344,24.7318484338,0.0,47.0,13.5689849854,40.2857142857,58.0,18.0,11.041480232,846.0
217,13.1905592381,24.6992904078,0.0,48.0,16.2526817322,40.0476190476,74.0,28.0,12.8159127278,841.0
217,13.3218789434,24.5556522641,0.0,51.0,13.5430660248,38.6666666667,60.0,21.0,10.2241544068,812.0
217,13.312077688,24.7400177438,0.0,52.0,12.9042634964,39.0476190476,62.0,16.0,10.3849708256,820.0
217,13.2191290359,24.6044993303,0.0,50.0,17.7280082703,44.9047619048,77.0,30.0,11.2245479281,943.0
218,19.0087682423,30.3770267106,0.0,52.0,16.3353881836,44.6666666667,67.0,21.0,12.5830573921,938.0
218,19.0774010271,30.1974704208,0.0,50.0,18.1707839966,46.8095238095,75.0,26.0,11.9900752609,983.0
218,19.0541733025,30.3881423331,0.0,54.0,26.0681400299,51.6666666667,92.0,35.0,14.6606048079,1085.0
218,19.0231587331,30.3004380924,0.0,47.0,23.7672138214,46.8095238095,79.0,25.0,13.8514224815,983.0
218,19.0115195872,30.2813322607,0.0,51.0,24.4475135803,49.7619047619,77.0,28.0,14.2228856492,1045.0
218,19.0138888837,30.3555413666,0.0,53.0,25.5353355408,50.4761904762,78.0,28.0,15.8733079338,1060.0
218,19.0592211223,30.3111861409,0.0,48.0,27.7662906647,47.8571428571,83.0,25.0,16.778813171,1005.0
219,1.55581904376,33.6669898128,0.0,50.0,14.7836933136,33.1904761905,56.0,13.0,10.5005668781,697.0
219,1.68042479886,33.6556710867,0.0,47.0,14.3412246704,33.0952380952,56.0,19.0,9.12088132751,695.0
219,1.58157975691,33.6771323991,0.0,48.0,13.2045164108,34.5714285714,52.0,19.0,8.01605531774,726.0
219,1.61897243385,33.6498232008,0.0,49.0,14.7146511078,35.9047619048,59.0,17.0,11.7511904159,754.0
220,29.0018182559,36.7791507588,0.0,47.0,16.5666618347,42.5714285714,65.0,28.0,9.20636425833,894.0
220,29.109533022,36.6667689479,0.0,48.0,14.4170780182,40.7619047619,58.0,25.0,9.47050559318,856.0
221,25.3409473706,0.114181473194,0.0,49.0,12.6059522629,47.4285714286,65.0,24.0,11.8514616338,996.0
221,25.3783322056,0.274690846438,0.0,52.0,16.715171814,42.8571428571,83.0,29.0,12.4951419131,900.0
221,25.3662004371,0.329433692024,0.0,57.0,23.7993679047,48.1904761905,98.0,27.0,17.0077013368,1012.0
221,25.1934853628,0.328197800295,0.0,63.0,15.9934873581,44.1428571429,76.0,29.0,12.1872298505,927.0
221,25.3385207596,0.337089054112,0.0,51.0,16.2371425629,44.7142857143,69.0,25.0,12.1331894288,939.0
221,25.3012718627,0.241053317439,0.0,60.0,12.7474145889,42.3333333333,64.0,27.0,9.68676072448,889.0
221,25.2525252525,0.0,0.0,48.0,12.2902584076,42.9523809524,64.0,24.0,11.2137245841,902.0
221,25.3758488987,0.316721531831,0.0,58.0,19.3304004669,46.380952381,79.0,25.0,14.4792133435,974.0
221,25.2524842219,0.353934184643,0.0,65.0,12.1957941055,38.2857142857,60.0,22.0,10.2378848262,804.0
221,25.4050510096,0.279194531188,0.0,53.0,15.9480810165,43.4761904762,76.0,33.0,11.1338180676,913.0
221,25.3770667639,0.352562470895,0.0,54.0,18.9393882751,46.2857142857,71.0,23.0,11.9839177949,972.0
221,25.2758200768,0.315654679212,0.0,62.0,18.3222198486,45.7619047619,81.0,26.0,12.8681963068,961.0
221,25.3863811438,0.335955600697,0.0,56.0,18.9826641083,47.5714285714,70.0,29.0,11.2141492257,999.0
221,25.2329088216,0.301377259808,0.0,64.0,13.348742485,44.8571428571,66.0,25.0,9.90093790651,942.0
221,25.3481475605,0.26982189817,0.0,59.0,12.7085971832,42.619047619,72.0,31.0,10.6558725146,895.0
222,29.4647479167,28.0470325968,0.0,48.0,27.9671459198,53.5714285714,99.0,29.0,18.386330326,1125.0
222,29.4767158,28.0867688257,0.0,49.0,21.2387084961,50.6666666667,78.0,25.0,14.2454671153,1064.0
223,19.0647747765,32.7242113013,0.0,48.0,14.7218284607,41.6666666667,67.0,29.0,9.83531053568,875.0
223,19.1730704672,32.7359471314,0.0,49.0,14.1844148636,41.5238095238,62.0,27.0,10.4767315878,872.0
224,34.6302283198,28.1174223754,0.0,37.0,15.7957201004,46.4761904762,71.0,27.0,10.722028948,976.0
224,34.5889961647,28.116902778,0.0,38.0,16.1621799469,45.4285714286,74.0,34.0,9.6673234588,954.0
225,19.0179105372,32.8939043312,0.0,38.0,13.8762483597,39.6666666667,64.0,26.0,9.85054990005,833.0
225,19.0975972667,32.8479004677,0.0,37.0,13.149023056,40.0952380952,61.0,24.0,10.4971651502,842.0
226,11.1343993109,0.409279503574,0.0,49.0,14.3574056625,41.2857142857,63.0,26.0,9.67544757178,867.0
226,11.0477428415,0.238354566696,0.0,50.0,21.0734977722,47.4761904762,79.0,31.0,13.6477802137,997.0
226,11.0696574048,0.209843807773,0.0,52.0,13.6504936218,42.619047619,66.0,28.0,10.8049812146,895.0
226,11.256396034,0.23361531657,0.0,54.0,16.8878822327,44.9523809524,73.0,31.0,11.5042435235,944.0
226,11.1940115277,0.355698748099,0.0,53.0,13.059463501,42.7619047619,59.0,28.0,6.8768071218,898.0
226,11.0184202432,0.278455848897,0.0,51.0,12.6030597687,39.0,62.0,24.0,9.088454214,819.0
227,6.05246960439,0.756864643387,0.0,50.0,13.7249231339,35.2380952381,61.0,17.0,10.2171657611,740.0
227,6.08239435329,0.712721081287,0.0,49.0,16.7643737793,37.7142857143,65.0,20.0,12.0297250889,792.0
227,5.82393279969,0.761556879116,0.0,52.0,13.2018823624,35.0952380952,52.0,23.0,8.12345223353,737.0
227,5.8076059947,0.754454472345,0.0,54.0,14.804189682,37.0476190476,54.0,21.0,9.74410688815,778.0
227,5.82557779222,0.770882425134,0.0,53.0,16.297203064,35.8571428571,58.0,23.0,10.6784161479,753.0
227,5.96076334933,0.819256906499,0.0,51.0,13.9592676163,35.0952380952,52.0,20.0,9.60158717038,737.0
228,32.6549108834,7.48160463336,0.0,49.0,18.4488887787,44.5238095238,68.0,24.0,13.4484907987,935.0
228,32.6356922805,7.41530538379,0.0,50.0,15.9890785217,42.9047619048,63.0,26.0,10.7326826185,901.0
228,32.633227492,7.38585415157,0.0,51.0,21.9361190796,44.619047619,76.0,25.0,13.5590419664,937.0
229,18.6079337283,20.0941885194,0.0,51.0,13.6648778915,42.9523809524,68.0,21.0,9.80548923041,902.0
229,18.4592996552,20.3410445483,0.0,49.0,15.8281230927,43.0952380952,73.0,30.0,11.0404019941,905.0
229,18.375386765,20.1830767247,0.0,50.0,18.365819931,42.8095238095,72.0,25.0,13.2197543382,899.0
230,24.8148821263,22.3770491126,0.0,51.0,14.1372795105,48.7142857143,65.0,36.0,7.81116417151,1023.0
230,24.7613289394,22.378854898,0.0,53.0,13.9139947891,46.0476190476,65.0,32.0,9.35668846588,967.0
230,24.999503513,22.2705934318,0.0,49.0,13.5822811127,41.0,65.0,27.0,9.89444288477,861.0
230,24.7894495044,22.3689179927,0.0,52.0,12.82010746,44.1428571429,65.0,30.0,9.39300651701,927.0
230,24.9443078042,22.3098717436,0.0,50.0,15.4224815369,46.5714285714,73.0,30.0,11.2408693106,978.0
231,8.00019500438,29.8207032112,0.0,50.0,19.4562225342,41.0,72.0,24.0,13.2098448136,861.0
231,8.17628982066,29.77235221,0.0,54.0,14.1478767395,36.0,59.0,25.0,8.76356092008,756.0
231,8.0306156445,29.8166352888,0.0,51.0,12.4156351089,35.0,53.0,19.0,7.82304288624,735.0
231,8.08941584308,29.7812876379,0.0,53.0,19.7631587982,40.7619047619,73.0,21.0,13.9244560465,856.0
231,8.03710353384,29.7789206911,0.0,52.0,20.8837184906,41.9523809524,70.0,25.0,12.1592606292,881.0
232,16.4081430189,32.033291174,0.0,60.0,12.2816705704,39.0476190476,59.0,27.0,9.44709579964,820.0
232,16.4703552463,32.0484214277,0.0,50.0,14.718170166,40.4285714286,62.0,26.0,10.7357879477,849.0
232,16.3890104535,32.1047374202,0.0,58.0,13.2172832489,39.8095238095,56.0,30.0,8.44759757339,836.0
232,16.3609868867,32.005431847,0.0,62.0,12.9054689407,39.1904761905,57.0,25.0,9.42135365868,823.0
232,16.3962455829,32.0059790218,0.0,54.0,15.1976947784,41.0952380952,63.0,27.0,9.04380872147,863.0
232,16.4133044188,32.117338905,0.0,67.0,19.2807655334,40.9047619048,71.0,21.0,12.613107317,859.0
232,16.4901032386,32.0402318245,0.0,69.0,12.798377037,40.2380952381,58.0,22.0,10.1533480286,845.0
232,16.4456145844,32.0684655583,0.0,56.0,14.4721345901,42.2380952381,73.0,25.0,11.0901071316,887.0
232,16.4427584689,32.0178610848,0.0,70.0,12.871216774,42.8571428571,61.0,25.0,9.45137934,900.0
232,16.433130482,32.090899471,0.0,64.0,12.8309822083,37.6666666667,76.0,27.0,10.6270096139,791.0
232,16.4339542252,32.0714649216,0.0,53.0,23.9130954742,44.1904761905,82.0,21.0,16.5729268617,928.0
232,16.4433834993,31.9920445209,0.0,61.0,15.2454710007,41.0476190476,65.0,24.0,10.3945956654,862.0
232,16.4490445442,32.0642503409,0.0,52.0,12.8146715164,38.0952380952,62.0,24.0,9.81277107603,800.0
232,16.3987982089,32.077627748,0.0,66.0,12.6099090576,41.380952381,63.0,26.0,8.89649476185,869.0
232,16.4599337435,32.0872915996,0.0,63.0,15.1665019989,40.7142857143,75.0,23.0,12.3375153785,855.0
232,16.4448917012,32.006473379,0.0,57.0,14.2607545853,40.7142857143,64.0,29.0,9.45062356219,855.0
232,16.3679208836,32.0460590022,0.0,51.0,12.9075336456,40.8095238095,59.0,22.0,9.76534201971,857.0
233,9.10939407322,33.9342680742,0.0,53.0,13.8212881088,38.7619047619,58.0,23.0,10.0990334285,814.0
233,9.06117821493,33.9014300235,0.0,50.0,13.3974189758,38.0476190476,55.0,28.0,9.22754675131,799.0
233,9.18393965623,33.9440219384,0.0,52.0,18.3030910492,42.0476190476,67.0,28.0,12.4999047615,883.0
233,9.06286710832,33.8760814262,0.0,54.0,12.2197656631,36.7619047619,55.0,24.0,8.94373949702,772.0
233,9.14414591258,33.9310413887,0.0,51.0,18.9991378784,42.4761904762,67.0,24.0,10.810268487,892.0
234,34.6762734745,34.2995959199,0.0,51.0,12.5129184723,46.0476190476,58.0,27.0,7.92133947307,967.0
234,34.6950693413,34.2938982139,0.0,50.0,15.8710708618,49.0476190476,67.0,39.0,8.41710277041,1030.0
235,45.3552215514,34.5894838151,0.0,51.0,14.6390390396,41.5238095238,63.0,30.0,10.7546224835,872.0
235,45.3251038848,34.6017971211,0.0,58.0,20.239818573,48.5238095238,76.0,39.0,10.6189408493,1019.0
235,45.3334937513,34.5908830172,0.0,52.0,17.093832016,45.5714285714,80.0,28.0,11.2586474702,957.0
235,45.3926792312,34.6494965979,0.0,54.0,22.3263111115,51.4285714286,82.0,28.0,14.2568279381,1080.0
235,45.3836441339,34.6396359229,0.0,55.0,26.2350349426,50.7142857143,96.0,29.0,19.2175515015,1065.0
235,45.3086922501,34.5113673334,0.0,50.0,13.644493103,45.1428571429,69.0,29.0,9.85030818952,948.0
235,45.3675158059,34.6424940459,0.0,56.0,23.4445304871,49.8571428571,80.0,29.0,14.5954983275,1047.0
235,45.3519525133,34.6859044622,0.0,57.0,25.6033668518,51.380952381,97.0,34.0,16.4574487405,1079.0
235,45.343630362,34.5571880094,0.0,59.0,16.6557159424,47.0,69.0,29.0,10.1931349447,987.0
236,24.4823571268,0.53922578117,0.0,50.0,20.5807685852,45.4285714286,73.0,27.0,11.969007597,954.0
236,24.4698870971,0.702046676779,0.0,52.0,19.5594539642,45.6666666667,71.0,28.0,11.6804680272,959.0
236,24.5286576977,0.689707732542,0.0,53.0,19.4422168732,44.8571428571,72.0,24.0,13.897070606,942.0
236,24.509198952,0.773057249834,0.0,55.0,12.9056062698,39.7142857143,63.0,15.0,10.6355200021,834.0
236,24.4848428409,0.73859958597,0.0,56.0,14.6500015259,40.3333333333,61.0,26.0,9.71768147931,847.0
236,24.56488897,0.581495577942,0.0,51.0,18.3211402893,45.0,86.0,29.0,15.6588633049,945.0
237,42.6105696629,26.038067434,0.0,55.0,16.7852859497,43.380952381,65.0,26.0,12.6825714683,911.0
237,42.7225338229,26.0739582991,0.0,51.0,16.8059005737,44.5238095238,78.0,31.0,11.1875781455,935.0
237,42.6764199632,26.0825356845,0.0,53.0,12.6673269272,47.0476190476,72.0,35.0,8.84011419879,988.0
237,42.6466555955,26.1079218246,0.0,50.0,17.1078510284,46.1904761905,72.0,26.0,11.9692065218,970.0
237,42.6274254993,26.1033955488,0.0,54.0,17.3109340668,46.6666666667,64.0,27.0,11.6461724757,980.0
238,34.0919199489,20.5195797366,0.0,55.0,20.6162185669,45.9523809524,77.0,27.0,15.1409253035,965.0
238,34.1149686204,20.652076439,0.0,53.0,15.7652111053,46.380952381,77.0,29.0,14.1897011613,974.0
238,34.088384708,20.5432031627,0.0,56.0,12.0036687851,40.8571428571,57.0,23.0,9.67101708346,858.0
238,34.1918450145,20.4280391163,0.0,52.0,14.0754728317,44.9523809524,64.0,30.0,10.0621875876,944.0
238,34.2014030234,20.5903505355,0.0,54.0,25.1860027313,50.4761904762,95.0,28.0,15.6288804705,1060.0
239,6.04685022637,17.6557421493,0.0,53.0,14.7233228683,38.2857142857,62.0,22.0,10.005712654,804.0
239,6.08842485988,17.6551520669,0.0,64.0,24.5593967438,46.4761904762,81.0,26.0,16.1109250126,976.0
239,6.08617738832,17.6505816106,0.0,56.0,19.4609546661,42.5238095238,70.0,26.0,12.7891322912,893.0
239,6.06295659565,17.6734317428,0.0,59.0,18.5739212036,43.4761904762,67.0,24.0,13.8405890323,913.0
239,6.09788827375,17.6891825005,0.0,61.0,24.5173912048,45.4761904762,86.0,27.0,16.4366025918,955.0
239,6.06578153166,17.6730273184,0.0,57.0,23.2299365997,46.2857142857,82.0,27.0,15.5310748409,972.0
239,6.09182501744,17.6634211577,0.0,63.0,23.8326587677,46.380952381,90.0,22.0,15.4352719136,974.0
239,6.06421351316,17.6531178391,0.0,55.0,23.0598068237,45.5714285714,74.0,23.0,14.1512240763,957.0
239,6.05823843873,17.6831353499,0.0,60.0,21.4906387329,45.8571428571,85.0,29.0,14.315326452,963.0
239,6.0970068758,17.644041241,0.0,65.0,16.3620471954,43.1428571429,66.0,26.0,10.2921606783,906.0
239,6.05345976144,17.6333451503,0.0,58.0,26.1582584381,50.1904761905,89.0,28.0,15.3675601434,1054.0
239,6.0677780467,17.6347877077,0.0,62.0,24.1710472107,46.6666666667,78.0,33.0,12.9820388743,980.0
239,6.03058054567,17.6938452939,0.0,54.0,19.5377101898,43.0,66.0,25.0,12.8957357293,903.0
240,27.75315533,25.5172353075,0.0,67.0,14.079615593,44.8095238095,68.0,31.0,10.4432707885,941.0
240,27.7959034772,25.5040913413,0.0,69.0,14.055355072,45.8095238095,64.0,29.0,9.33605402522,962.0
240,27.552257664,25.5125940812,0.0,56.0,15.2397022247,45.1428571429,75.0,31.0,12.0427808844,948.0
240,27.5538653569,25.4751750626,0.0,59.0,19.5840835571,49.380952381,74.0,32.0,12.4999047615,1037.0
240,27.7257914156,25.4439686413,0.0,64.0,14.5108318329,46.0952380952,74.0,27.0,10.9448835622,968.0
240,27.4826436617,25.519957146,0.0,53.0,12.2838697433,44.0476190476,64.0,29.0,9.15137252261,925.0
240,27.7626376287,25.4710033505,0.0,70.0,18.1655044556,45.8571428571,77.0,26.0,13.4769644738,963.0
240,27.6683839873,25.5498431273,0.0,66.0,12.6705446243,44.380952381,73.0,33.0,8.98040194243,932.0
240,27.5785626544,25.5863136384,0.0,52.0,13.6555986404,45.4761904762,67.0,32.0,8.86915468136,955.0
240,27.8125192484,25.4462128814,0.0,71.0,13.8452196121,46.0952380952,67.0,34.0,10.2367219455,968.0
240,27.6535691287,25.562747385,0.0,61.0,18.7920322418,46.0,86.0,28.0,14.7478812038,966.0
240,27.6926505091,25.5005390008,0.0,63.0,16.1071643829,41.1904761905,62.0,24.0,10.6799768147,865.0
240,27.4850969284,25.5041937143,0.0,57.0,19.2651767731,48.1904761905,73.0,32.0,11.7499746707,1012.0
240,27.5821088449,25.5381328254,0.0,55.0,17.8209400177,45.2857142857,76.0,30.0,12.6140511222,951.0
240,27.6616576601,25.5303606782,0.0,60.0,20.3691310883,45.2380952381,81.0,26.0,15.5013056286,950.0
240,27.6985071911,25.4071391253,0.0,65.0,16.1597061157,45.9523809524,67.0,28.0,10.8280939711,965.0
240,27.6733757159,25.6165291031,0.0,62.0,17.9529876709,45.6666666667,69.0,31.0,13.1123351594,959.0
240,27.5588017287,25.5203171443,0.0,54.0,17.7413578033,47.8095238095,81.0,27.0,11.487467291,1004.0
241,22.2508091693,31.2153731762,0.0,58.0,18.7920742035,45.8571428571,76.0,25.0,12.1954324002,963.0
241,22.3040434491,31.1780094342,0.0,62.0,19.1573562622,46.1904761905,67.0,26.0,11.7201495196,970.0
241,22.2814452802,31.2679259792,0.0,60.0,19.1416549683,46.2857142857,72.0,23.0,11.7138501661,972.0
241,22.3128600741,31.3635587615,0.0,54.0,17.2813968658,45.1428571429,75.0,28.0,10.5512355404,948.0
241,22.2487178041,31.3074810741,0.0,56.0,12.3713445663,39.0952380952,62.0,23.0,9.67938408115,821.0
241,22.2764733257,31.2388384415,0.0,59.0,22.4576282501,46.9047619048,78.0,25.0,13.6414983118,985.0
241,22.2766141477,31.1112682381,0.0,67.0,24.016954422,49.8571428571,78.0,30.0,15.0939912359,1047.0
241,22.2585092716,31.1369480175,0.0,64.0,24.5425548553,50.0,86.0,32.0,14.3422452914,1050.0
241,22.3445798011,31.3878512976,0.0,53.0,13.0266313553,40.4285714286,63.0,25.0,9.79577168258,849.0
241,22.2897967207,31.2355592849,0.0,61.0,22.6120204926,45.1904761905,73.0,26.0,15.131487196,949.0
241,22.2503804243,31.180828826,0.0,66.0,20.532989502,45.1428571429,71.0,26.0,13.5103135207,948.0
241,22.2848875874,31.3382449794,0.0,55.0,23.0385513306,48.1904761905,83.0,28.0,13.272599774,1012.0
241,22.2936892526,31.3453130427,0.0,57.0,12.5140132904,39.1428571429,59.0,20.0,9.94125602872,822.0
241,22.2947578782,31.2154833329,0.0,63.0,23.01171875,48.4761904762,89.0,30.0,14.2464699053,1018.0
241,22.2544550112,31.1942171651,0.0,65.0,19.8607330322,47.1428571429,75.0,28.0,12.1296566905,990.0
242,14.077268089,9.52046221543,0.0,56.0,13.2531843185,39.4285714286,66.0,23.0,9.59985118932,828.0
242,14.0495850414,9.52033319171,0.0,54.0,17.8331356049,43.2380952381,72.0,22.0,12.8409686625,908.0
242,14.0169138399,9.57840734849,0.0,55.0,16.9474182129,42.5238095238,68.0,22.0,10.5953718558,893.0
243,19.1413536864,8.17949096964,0.0,58.0,12.4553318024,39.3333333333,58.0,29.0,7.78031704581,826.0
243,19.0527546026,8.17255019735,0.0,60.0,17.3945808411,40.1904761905,65.0,21.0,11.8051643259,844.0
243,19.0843901298,8.16671562491,0.0,54.0,25.2310409546,53.2857142857,87.0,32.0,12.9504550389,1119.0
243,19.0681493654,8.16841304053,0.0,61.0,14.976808548,40.380952381,63.0,28.0,8.9692596711,848.0
243,19.0708741873,8.17927903355,0.0,53.0,25.4221820831,49.8095238095,88.0,30.0,14.9586732287,1046.0
243,19.0701097524,8.17348795131,0.0,57.0,22.9616680145,45.7619047619,79.0,30.0,13.1411748406,961.0
243,19.0725598322,8.15652459339,0.0,55.0,24.1482467651,49.1428571429,76.0,34.0,14.1219181214,1032.0
243,19.0958892451,8.15315281854,0.0,56.0,28.0172901154,51.9047619048,86.0,29.0,16.7746974992,1090.0
244,15.9957418193,14.8507733158,0.0,56.0,12.6550884247,41.380952381,65.0,22.0,9.99237804767,869.0
244,16.281641476,14.6469689116,0.0,54.0,18.464263916,45.380952381,74.0,28.0,11.4737796322,953.0
244,16.2623816011,14.6716413441,0.0,53.0,18.1624832153,42.380952381,73.0,31.0,13.1661542999,890.0
244,16.1715867243,14.7776419957,0.0,55.0,12.8076162338,40.0,60.0,26.0,9.59687449121,840.0
245,29.4507367528,27.9801282174,0.0,30.0,16.4598484039,45.7619047619,73.0,34.0,10.6859943941,961.0
245,29.3722789352,27.9977633156,0.0,31.0,16.7803173065,43.7142857143,77.0,30.0,12.6654761345,918.0
245,29.354933103,28.0012848346,0.0,29.0,16.9827919006,46.4285714286,63.0,32.0,10.8146725728,975.0
246,14.6141719577,1.62685752576,0.0,30.0,25.2819366455,48.8571428571,83.0,28.0,15.4960824542,1026.0
246,14.6292190969,1.7196826852,0.0,28.0,13.2003908157,39.7142857143,60.0,25.0,8.11260042861,834.0
246,14.7518128779,1.62675790518,0.0,31.0,13.0518817902,42.7142857143,56.0,29.0,7.42389962986,897.0
246,14.6247604708,1.72366477741,0.0,29.0,18.8646411896,44.6666666667,74.0,28.0,13.2375727886,938.0
247,19.8371819173,18.5654280598,0.0,31.0,12.5724821091,45.6666666667,63.0,33.0,8.85061203157,959.0
247,19.7368419452,18.6170172823,0.0,30.0,12.2578372955,46.0476190476,62.0,28.0,9.59414503995,967.0
248,13.2618032558,24.6578795003,0.0,57.0,12.6113824844,38.8571428571,65.0,24.0,10.7670131155,816.0
248,13.1940831313,24.764657281,0.0,58.0,18.189535141,43.380952381,75.0,29.0,11.8763470414,911.0
249,30.0645166279,36.1203659543,0.0,58.0,12.3943471909,39.7619047619,63.0,29.0,7.66097096917,835.0
249,30.1346416465,36.1577559344,0.0,57.0,13.8687915802,42.4761904762,63.0,26.0,10.2889214577,892.0
250,19.9764167463,1.68822995484,0.0,58.0,14.3516225815,41.9047619048,58.0,20.0,10.0344644197,880.0
250,19.998768473,1.72782263446,0.0,57.0,13.3888025284,41.6666666667,62.0,20.0,10.5467214495,875.0
251,17.2836526904,14.6697503065,0.0,56.0,13.5136909485,39.8571428571,62.0,22.0,9.42489105659,837.0
251,17.1855332092,14.7232576694,0.0,58.0,18.5308227539,44.3333333333,69.0,30.0,12.1997267729,931.0
251,17.1680184237,14.7568844505,0.0,57.0,18.4239330292,44.7142857143,73.0,27.0,12.6259370232,939.0
252,38.9935578265,24.9990241614,0.0,30.0,13.1685152054,42.6666666667,57.0,32.0,7.85068999091,896.0
252,38.9932037603,24.9298151755,0.0,29.0,12.2402191162,43.8095238095,58.0,30.0,7.27749302727,920.0
253,38.9817043551,0.300287384977,0.0,28.0,13.0587072372,43.1428571429,64.0,28.0,8.36830756059,906.0
253,39.0870106461,0.380391038092,0.0,29.0,22.3444595337,49.0,91.0,31.0,13.8347388844,1029.0
254,9.11675642759,33.9896351689,0.0,60.0,15.2558431625,40.0,61.0,21.0,10.3344085462,840.0
254,9.13111416201,33.9524001717,0.0,61.0,27.1370162964,49.380952381,94.0,28.0,15.9168972808,1037.0
254,9.11087808847,33.9526363319,0.0,59.0,15.9607410431,40.4285714286,71.0,23.0,10.9113309389,849.0
255,29.3169531438,37.1233853089,0.0,60.0,23.1583843231,46.1428571429,82.0,21.0,15.4346548853,969.0
255,29.3725658422,37.324331643,0.0,84.0,18.0333805084,45.2380952381,68.0,28.0,11.2200925215,950.0
255,29.0849444136,36.8920169835,0.0,77.0,19.4608516693,45.8095238095,72.0,27.0,12.9715806578,962.0
255,29.1267870262,37.0523962129,0.0,69.0,23.8794460297,46.9523809524,79.0,29.0,14.1685432931,986.0
255,29.2140427155,37.1256971525,0.0,64.0,12.3383255005,42.3333333333,59.0,26.0,8.00832899757,889.0
255,29.1282941404,36.8812347146,0.0,74.0,15.9189758301,41.7142857143,74.0,29.0,10.7988094582,876.0
255,29.1727872432,37.1733673181,0.0,82.0,21.4200839996,45.7619047619,94.0,29.0,14.3871635909,961.0
255,29.2383630556,37.1891667134,0.0,83.0,13.0397577286,40.9523809524,62.0,25.0,9.26000102849,860.0
255,29.3078723978,37.0347417069,0.0,61.0,16.4710597992,42.9047619048,70.0,26.0,12.0037692493,901.0
255,29.2441984099,37.0791457051,0.0,68.0,15.2207012177,39.5238095238,76.0,23.0,13.2197543382,830.0
255,29.130408801,36.9126813725,0.0,78.0,19.1420478821,43.9523809524,76.0,22.0,12.399500758,923.0
255,29.174815929,37.0569363383,0.0,72.0,12.4335212708,40.2380952381,60.0,26.0,9.37499206349,845.0
255,29.0622356354,37.1228280878,0.0,81.0,16.7909965515,43.380952381,78.0,25.0,11.9435178673,911.0
255,29.3217108208,37.162418582,0.0,65.0,20.5193538666,46.4761904762,85.0,28.0,13.9914940146,976.0
255,29.1105932882,36.8650494356,0.0,75.0,15.900428772,44.8571428571,69.0,31.0,10.3984889012,942.0
255,29.2996102758,36.9157223438,0.0,62.0,12.6477146149,41.2857142857,59.0,31.0,7.5640125406,867.0
255,29.3989533718,36.9852374668,0.0,59.0,12.7831659317,41.1428571429,64.0,25.0,10.6643598696,864.0
255,28.9161615074,36.943191598,0.0,79.0,19.6752185822,46.5238095238,80.0,30.0,13.1210481579,977.0
255,28.9088753235,37.0400033321,0.0,70.0,24.4164581299,48.4285714286,74.0,20.0,15.3511283904,1017.0
255,29.0004388074,37.0289132723,0.0,71.0,17.8716220856,45.5714285714,74.0,32.0,10.0078540585,957.0
255,29.2623034704,37.267120248,0.0,66.0,19.9396743774,44.619047619,74.0,26.0,12.9979851919,937.0
255,29.0163799049,37.0068141924,0.0,76.0,16.6609802246,46.7619047619,58.0,32.0,8.50238061901,982.0
255,29.1555837339,36.942663878,0.0,63.0,12.0990247726,39.2857142857,60.0,27.0,8.75866917484,825.0
255,29.1093306927,36.9159161317,0.0,73.0,19.4825286865,45.2380952381,76.0,26.0,13.2924969885,950.0
255,28.997339594,37.1008008828,0.0,80.0,16.7732906342,43.5714285714,68.0,27.0,11.4130251405,915.0
256,18.904012799,1.79804249745,0.0,60.0,18.1798019409,43.5238095238,80.0,28.0,14.0022107098,914.0
256,18.9761309392,1.8526633969,0.0,61.0,14.623093605,42.1904761905,64.0,24.0,10.5480758796,886.0
256,18.9419174927,1.83211659068,0.0,59.0,23.8886394501,49.3333333333,76.0,32.0,12.9473291969,1036.0
257,17.3330659315,35.8557964609,0.0,61.0,14.53723526,40.2380952381,62.0,25.0,9.54413307695,845.0
257,17.4035519071,35.8625921276,0.0,60.0,13.6178407669,39.8571428571,59.0,24.0,9.06799710127,837.0
258,24.5858893161,22.3115663677,0.0,60.0,12.9803724289,45.2857142857,77.0,28.0,11.0911805374,951.0
258,24.6038851321,22.3723287307,0.0,61.0,18.9602718353,49.5238095238,83.0,32.0,12.3232262319,1040.0
258,24.691243826,22.4434740607,0.0,62.0,13.4227466583,45.619047619,71.0,29.0,10.3415481939,958.0
259,32.649640413,18.3797846422,0.0,64.0,20.3613071442,49.5714285714,73.0,32.0,11.3735281622,1041.0
259,32.2796990889,18.0972379014,0.0,57.0,15.5102624893,45.4761904762,65.0,20.0,10.7126982951,955.0
259,32.6245488324,18.2961272169,0.0,63.0,23.2431411743,51.8571428571,80.0,30.0,14.2136755074,1089.0
259,32.313639635,18.0975071148,0.0,59.0,24.3143043518,53.4285714286,93.0,29.0,15.7625233658,1122.0
259,32.3188905091,17.9978630691,0.0,56.0,24.8864345551,52.0,91.0,31.0,15.0066651858,1092.0
259,32.3915833382,18.1192619998,0.0,60.0,23.0446567535,46.0952380952,75.0,24.0,14.9261674984,968.0
259,32.3823811676,18.1919719979,0.0,61.0,16.4475383759,48.8095238095,76.0,29.0,11.9483013337,1025.0
259,32.5214321817,18.2621940146,0.0,62.0,20.7372627258,47.5714285714,78.0,32.0,12.8940739434,999.0
260,11.1625592761,0.280304652465,0.0,62.0,16.7232761383,40.8095238095,63.0,23.0,11.4132337557,857.0
260,11.0491399753,0.259738044367,0.0,61.0,17.1249599457,41.380952381,73.0,23.0,12.294210794,869.0
260,11.2665112665,0.0,0.0,63.0,22.3192691803,44.8095238095,81.0,19.0,15.4648603214,941.0
260,11.1666230181,0.292900834998,0.0,59.0,16.5737609863,42.9523809524,64.0,27.0,11.0701228109,902.0
260,11.3838357002,0.134394620151,0.0,58.0,14.9243793488,43.0476190476,71.0,24.0,12.8898261838,904.0
260,10.9958097639,0.25487999447,0.0,60.0,14.7608308792,38.380952381,69.0,23.0,10.5426571151,806.0
261,19.5717832762,21.5435706185,0.0,63.0,17.8904933929,46.0,76.0,31.0,12.4739729036,966.0
261,19.456718464,21.6398239861,0.0,69.0,26.2267189026,49.8095238095,79.0,28.0,15.4551578692,1046.0
261,19.4130051308,21.4623440422,0.0,68.0,15.7448406219,43.4285714286,70.0,22.0,10.6045812203,912.0
261,19.4518008472,21.627283951,0.0,64.0,17.9800758362,44.2857142857,67.0,26.0,11.4940978643,930.0
261,19.4057386098,21.5877608272,0.0,67.0,22.6202430725,49.380952381,79.0,30.0,14.8575778325,1037.0
261,19.5449566725,21.5234551887,0.0,70.0,13.4846286774,42.9047619048,62.0,24.0,9.2946477174,901.0
261,19.6166883932,21.7490578489,0.0,62.0,12.6164293289,42.1904761905,66.0,26.0,9.94795982913,886.0
261,19.5293506745,21.6005469638,0.0,61.0,16.0174617767,45.6666666667,68.0,31.0,9.69707859787,959.0
261,19.3961220476,21.4886046278,0.0,65.0,20.0230369568,44.1904761905,72.0,23.0,11.9984125934,928.0
261,19.4160321805,21.5046874355,0.0,66.0,17.3802871704,49.9047619048,72.0,32.0,11.4013365967,1048.0
262,13.9735896891,18.002920866,0.0,26.0,14.8303260803,41.2380952381,58.0,25.0,8.7744217012,866.0
262,13.9232308415,18.0002494011,0.0,27.0,14.0279436111,42.6666666667,62.0,25.0,8.97403662425,896.0
263,34.0975793734,35.3806196358,0.0,26.0,13.1346521378,43.5238095238,70.0,28.0,10.7592706427,914.0
263,34.1502316307,35.3895344987,0.0,27.0,12.9427757263,44.0476190476,60.0,26.0,9.53664611106,925.0
264,23.1186834179,30.0894355342,0.0,62.0,13.9079475403,45.380952381,68.0,34.0,9.23837751164,953.0
264,23.1193900583,30.0703554025,0.0,63.0,14.9705705643,42.5714285714,76.0,33.0,11.1649963214,894.0
264,23.352601806,30.105100716,0.0,67.0,14.9725084305,41.4285714286,69.0,21.0,12.9945043329,870.0
264,23.2241182705,30.0904487687,0.0,69.0,15.4070482254,40.7619047619,64.0,24.0,10.8945158768,856.0
264,23.3283935882,30.048074001,0.0,70.0,14.252404213,42.4761904762,62.0,28.0,9.70885702655,892.0
264,23.1857214841,30.0473934653,0.0,64.0,13.3175525665,40.5714285714,69.0,26.0,10.3902426756,852.0
264,23.2677762638,30.1211329236,0.0,66.0,13.7337331772,42.0476190476,60.0,24.0,10.466499847,883.0
265,34.4732406739,14.9885120095,0.0,62.0,15.9396762848,45.7142857143,67.0,24.0,10.7291325704,960.0
265,34.4483415574,15.2105493726,0.0,63.0,14.1388397217,42.7142857143,64.0,26.0,9.15501423889,897.0
266,11.4591659299,13.6130170515,0.0,63.0,19.321144104,43.5714285714,68.0,21.0,12.3514024652,915.0
266,11.6171611731,13.8708454698,0.0,64.0,12.5227537155,39.5238095238,64.0,25.0,9.35745183059,830.0
267,11.1838827658,4.36289805087,0.0,63.0,15.1879606247,39.5238095238,65.0,25.0,10.3712055597,830.0
267,11.2162647827,4.34097960566,0.0,64.0,12.5584058762,38.0,61.0,24.0,9.38616002421,798.0
268,37.6287071956,19.9709607601,0.0,63.0,12.6649808884,44.3333333333,59.0,29.0,8.36261522093,931.0
268,37.6647356988,20.0876999614,0.0,64.0,14.2274560928,42.9523809524,61.0,28.0,10.7400008868,902.0
268,37.6972608109,20.107027916,0.0,67.0,16.1600208282,44.9523809524,70.0,25.0,12.2901431663,944.0
268,37.5596600659,19.9902439338,0.0,68.0,12.4971284866,39.5714285714,56.0,27.0,8.64622130512,831.0
268,37.5915505617,20.0809699552,0.0,66.0,12.0495185852,42.4285714286,60.0,31.0,8.77252203515,891.0
268,37.7536381114,20.0201681876,0.0,65.0,21.4679889679,48.619047619,82.0,33.0,14.8205134543,1021.0
269,26.6028860041,33.282431573,0.0,63.0,12.7044506073,40.0,60.0,23.0,10.1587400794,840.0
269,26.626784496,33.3018697939,0.0,64.0,15.6187019348,45.380952381,64.0,28.0,9.80038871921,953.0
269,26.6927743931,33.2608081417,0.0,65.0,15.3373222351,41.2380952381,64.0,26.0,10.848524148,866.0
270,7.16442988023,2.20588141205,0.0,66.0,12.9948959351,36.3333333333,58.0,20.0,9.49912276652,763.0
270,7.24079384139,2.18132940299,0.0,65.0,13.0991401672,37.7142857143,52.0,25.0,8.05694022035,792.0
270,7.24656786403,2.00786035964,0.0,64.0,15.7742137909,36.2857142857,60.0,16.0,11.0233518366,762.0
271,9.20337150008,33.8275137589,0.0,75.0,17.7092323303,41.2857142857,69.0,26.0,11.2700614778,867.0
271,9.07481034475,33.8351140006,0.0,65.0,13.5837125778,38.4285714286,51.0,27.0,7.56684497377,807.0
271,9.14934534121,33.8713152902,0.0,77.0,22.0189723969,46.7619047619,78.0,25.0,13.1297553744,982.0
271,9.2033615438,33.8065556725,0.0,69.0,17.8510456085,40.8095238095,73.0,26.0,11.6000821015,857.0
271,9.16042760941,33.7991751553,0.0,67.0,19.7371025085,43.619047619,72.0,24.0,11.4563353236,916.0
271,9.09997954187,34.0333542995,0.0,79.0,15.7184591293,38.2857142857,69.0,21.0,11.4723269529,804.0
271,9.15657148052,33.9259676731,0.0,74.0,19.5023517609,41.1428571429,66.0,21.0,12.5071408175,864.0
271,9.17039470876,33.8764050119,0.0,70.0,20.3913078308,44.8095238095,74.0,22.0,14.3060093933,941.0
271,9.07229212636,33.8618600723,0.0,64.0,17.5291976929,40.7619047619,73.0,20.0,12.8720812688,856.0
271,9.12931952899,33.8453847372,0.0,71.0,14.8491516113,38.380952381,67.0,23.0,12.5278736842,806.0
271,9.12907280516,33.8437916715,0.0,66.0,19.5171966553,42.1904761905,69.0,17.0,12.8787384771,886.0
271,9.22315043715,33.8602128914,0.0,76.0,26.0698738098,45.1428571429,84.0,20.0,17.4220713874,948.0
271,9.22235594355,33.6625971876,0.0,68.0,15.0905857086,38.2380952381,60.0,25.0,9.39630119731,803.0
271,9.14933542094,33.9902427845,0.0,78.0,15.4389610291,39.9047619048,63.0,21.0,12.0453508123,838.0
271,9.14088025439,33.9186012641,0.0,72.0,17.7891921997,41.0476190476,69.0,19.0,11.5908420336,862.0
271,9.1730907524,33.9282050144,0.0,73.0,17.1439685822,41.0952380952,66.0,20.0,11.2156353449,863.0
272,19.3044490108,18.3509255086,0.0,67.0,15.5149335861,42.9523809524,73.0,29.0,11.5778935497,902.0
272,19.2815536613,18.2874744244,0.0,68.0,12.798781395,40.1904761905,59.0,27.0,8.23783374207,844.0
272,19.3647393182,18.3696792249,0.0,66.0,12.0465049744,40.3333333333,59.0,27.0,8.42812751051,847.0
273,38.4030040402,15.7922360054,0.0,67.0,13.2634716034,44.380952381,62.0,29.0,9.26539902258,932.0
273,38.4035370881,15.7707304628,0.0,68.0,18.1144981384,43.0476190476,72.0,18.0,13.6692215963,904.0
274,25.4832524798,0.311588738558,0.0,69.0,12.0083312988,42.2857142857,62.0,27.0,10.5410761175,888.0
274,25.4421221549,0.281312762593,0.0,71.0,12.5873670578,38.9523809524,64.0,25.0,11.4781365669,818.0
274,25.2525252525,0.0,0.0,67.0,15.826505661,46.1904761905,61.0,26.0,10.6424576467,970.0
274,25.4469065437,0.367328290115,0.0,70.0,14.1040840149,41.1428571429,67.0,21.0,10.1650662284,864.0
274,25.2525252525,0.0,0.0,68.0,15.1539869308,47.4285714286,67.0,36.0,9.13001329994,996.0
275,11.684276806,13.7294696059,0.0,68.0,21.6854400635,44.619047619,79.0,22.0,13.7857759683,937.0
275,11.8348934035,13.6968435632,0.0,70.0,12.5415258408,38.7619047619,57.0,20.0,9.14824989768,814.0
275,11.8319343015,13.6238424692,0.0,71.0,15.2547988892,40.3333333333,57.0,24.0,10.3794669099,847.0
275,11.7717244877,13.6809983247,0.0,67.0,17.2915344238,42.8571428571,65.0,22.0,11.9552737915,900.0
276,7.49890194527,15.3439492497,0.0,68.0,12.196308136,38.1904761905,53.0,25.0,8.89167615031,802.0
276,7.51611276845,15.2404694248,0.0,66.0,12.8410625458,38.5238095238,64.0,26.0,9.02008341214,809.0
276,7.52625212639,15.4175870424,0.0,67.0,15.1760396957,37.7619047619,60.0,23.0,10.5114450096,793.0
277,19.1020513402,10.8444982622,0.0,66.0,13.0327730179,42.8571428571,73.0,25.0,10.6737327786,900.0
277,19.069036372,10.7570509055,0.0,67.0,12.5007886887,40.7619047619,60.0,25.0,9.39630119731,856.0
278,23.7363658456,8.29058758989,0.0,70.0,13.9378547668,43.9523809524,66.0,21.0,10.1709202655,923.0
278,23.7356336591,8.34417169256,0.0,69.0,14.336063385,41.8095238095,65.0,30.0,10.7732030874,878.0
278,23.7704061798,8.38314348851,0.0,68.0,13.124253273,42.2380952381,68.0,20.0,10.582555277,887.0
279,20.0247768526,1.63680241481,0.0,71.0,13.1398143768,38.5714285714,56.0,25.0,9.19549579181,810.0
279,20.0028379767,1.64696361226,0.0,69.0,13.4009418488,42.8571428571,84.0,28.0,12.7956465811,900.0
279,20.0388969277,1.61916667846,0.0,73.0,12.6089429855,39.9523809524,70.0,27.0,11.6939137609,839.0
279,20.0492983459,1.62385467222,0.0,72.0,13.6249675751,41.1428571429,60.0,27.0,9.3983281188,864.0
279,19.9895224995,1.65901699211,0.0,70.0,12.3774671555,40.380952381,68.0,21.0,9.02483346371,848.0
279,20.0448963024,1.64661290151,0.0,68.0,13.9942750931,40.2380952381,67.0,27.0,9.66387480209,845.0
280,22.0212702633,38.617410568,0.0,70.0,13.4018716812,39.9047619048,59.0,26.0,9.12636160748,838.0
280,21.9258127168,38.6482706504,0.0,72.0,19.3533687592,45.6666666667,71.0,24.0,13.8323292808,959.0
280,22.0168783652,38.6095762061,0.0,73.0,16.1704235077,42.2380952381,61.0,25.0,9.30540037776,887.0
280,21.9588323347,38.5450659167,0.0,74.0,16.624174118,44.7619047619,70.0,32.0,10.7000222519,940.0
280,21.9893733586,38.6150114725,0.0,71.0,15.6997814178,41.2857142857,61.0,27.0,9.634017112,867.0
281,16.2032266437,14.8794452041,0.0,70.0,18.3072319031,45.0,70.0,23.0,12.2556109599,945.0
281,16.2625465421,14.8841222704,0.0,71.0,22.6829986572,46.8571428571,91.0,28.0,14.7759457034,984.0
281,16.1520525382,14.92578423,0.0,69.0,13.0640850067,39.9047619048,61.0,19.0,10.4254724685,838.0
282,9.30737043988,14.2388807405,0.0,72.0,12.6413631439,37.0476190476,58.0,21.0,9.6513014173,778.0
282,9.4942313473,14.2901513828,0.0,70.0,13.8200082779,38.9047619048,53.0,26.0,8.53173348098,817.0
282,9.37477347178,14.355025413,0.0,71.0,13.7096586227,36.7619047619,54.0,24.0,8.94932825359,772.0
282,9.51770935957,14.2418652429,0.0,69.0,13.0210351944,35.0952380952,53.0,19.0,9.73090315389,737.0
283,34.0437350389,15.0358181527,0.0,70.0,12.5429210663,42.380952381,58.0,27.0,8.89649476185,890.0
283,34.0947816196,15.0260159678,0.0,71.0,17.6953468323,43.8571428571,68.0,27.0,12.1337781185,921.0
283,34.0957786735,15.1027311078,0.0,69.0,14.8827018738,41.5714285714,66.0,25.0,11.1828951018,873.0
284,26.6448250603,33.3631565611,0.0,71.0,12.4235944748,39.2380952381,59.0,20.0,10.1730268942,824.0
284,26.8498082997,33.1705781293,0.0,75.0,16.390007019,44.0952380952,65.0,25.0,10.2367219455,926.0
284,26.781773588,33.2701313623,0.0,76.0,16.5963439941,41.0476190476,69.0,27.0,11.2359965756,862.0
284,26.777355544,33.3386368813,0.0,72.0,14.6197509766,44.0,73.0,25.0,11.0272390017,924.0
284,26.8023305758,33.1969857768,0.0,74.0,16.71525383,43.1904761905,66.0,24.0,11.0707680295,907.0
284,26.6675556606,33.3116820608,0.0,70.0,15.8113603592,41.5714285714,65.0,31.0,8.85760367465,873.0
285,42.2004909744,34.5776298788,0.0,71.0,16.8879890442,41.8095238095,71.0,22.0,12.3920097144,878.0
285,42.1708802526,34.5397143531,0.0,72.0,12.6260232925,40.5714285714,65.0,22.0,10.5383652839,852.0
286,7.53584959502,15.4917156205,0.0,72.0,15.2369184494,36.619047619,68.0,17.0,12.294210794,769.0
286,7.60197541322,15.4269798187,0.0,71.0,14.7511253357,38.9523809524,56.0,26.0,10.0223559629,818.0
287,34.7812085418,25.8661149293,0.0,72.0,18.4758338928,47.2857142857,76.0,31.0,12.3577621645,993.0
287,34.7480049704,25.8593002532,0.0,71.0,13.5639123917,42.5238095238,70.0,28.0,9.41604507009,893.0
287,34.7167311159,25.8164678366,0.0,73.0,15.8549947739,43.6666666667,73.0,27.0,11.7785115075,917.0
288,7.80899591032,29.5280603554,0.0,77.0,18.2314891815,40.4761904762,61.0,24.0,11.4787588511,850.0
288,7.82907719074,29.4720094215,0.0,74.0,13.3911466599,36.4761904762,60.0,21.0,11.2054408553,766.0
288,7.7924143677,29.6625623997,0.0,79.0,16.3360366821,40.5714285714,60.0,25.0,10.5193698888,852.0
288,7.74875863996,29.614361443,0.0,82.0,16.8322296143,40.1904761905,67.0,21.0,10.9390083994,844.0
288,7.73924716736,29.5235729493,0.0,86.0,13.8321447372,36.5238095238,62.0,19.0,8.9085298878,767.0
288,8.02353566347,29.4492151454,0.0,71.0,15.5563077927,38.9523809524,53.0,25.0,9.22754675131,818.0
288,7.76623707088,29.5614901677,0.0,83.0,20.8733444214,41.7619047619,73.0,26.0,13.899297687,877.0
288,7.64426817297,29.5392651187,0.0,76.0,18.6019306183,40.7619047619,72.0,26.0,10.4589902089,856.0
288,7.83783646595,29.6442528283,0.0,78.0,16.3286495209,40.4761904762,69.0,25.0,10.7546224835,850.0
288,7.91029354626,29.4917440553,0.0,72.0,16.2899475098,37.6666666667,65.0,24.0,10.3021033451,791.0
288,7.75412744795,29.5390164301,0.0,85.0,21.9192619324,44.5714285714,76.0,28.0,11.8683251918,936.0
288,7.67714921142,29.6569047449,0.0,80.0,12.618144989,36.5238095238,54.0,20.0,10.0877105808,767.0
288,7.75615546341,29.5042908348,0.0,75.0,22.1123580933,42.2380952381,74.0,22.0,14.2299148343,887.0
288,7.73754528698,29.6596022996,0.0,81.0,14.9773511887,37.8095238095,66.0,22.0,11.0617315445,794.0
289,34.8028211225,28.2940572942,0.0,69.0,15.6056585312,47.2380952381,72.0,28.0,11.170965768,992.0
289,34.7544715502,28.1854978261,0.0,72.0,17.1369915009,47.4761904762,73.0,29.0,11.9399290099,997.0
289,34.8335454063,28.2054502641,0.0,74.0,12.519200325,42.3333333333,60.0,28.0,8.55180292882,889.0
289,34.8114731243,28.2599488362,0.0,70.0,14.6270599365,45.6666666667,68.0,28.0,9.30232945736,959.0
289,34.7608073786,28.2223957476,0.0,73.0,16.7852916718,47.2857142857,69.0,25.0,12.215329947,993.0
290,30.1735301735,0.0,0.0,69.0,12.7069721222,44.1904761905,65.0,30.0,9.51114634321,928.0
290,30.0718219368,0.202061164634,0.0,70.0,15.7838792801,45.2857142857,76.0,30.0,12.6575781931,951.0
291,11.6931449176,1.81912321984,0.0,74.0,14.1890249252,38.0,67.0,24.0,11.7601020404,798.0
291,11.6775830054,1.4071630541,0.0,69.0,14.8474721909,39.8095238095,62.0,27.0,9.70370572317,836.0
291,11.7549879624,1.69093081572,0.0,73.0,16.7074813843,41.9047619048,62.0,21.0,10.2951676135,880.0
291,11.7057603572,1.61033670072,0.0,70.0,15.7889738083,41.619047619,63.0,27.0,10.5331675695,874.0
291,11.6900089983,1.74558725002,0.0,72.0,15.4782123566,41.4285714286,70.0,23.0,11.973184324,870.0
292,22.1856646237,8.81545918713,0.0,70.0,13.019487381,42.0,62.0,28.0,9.15423399308,882.0
292,22.2831315071,8.82258917148,0.0,69.0,17.3554992676,45.3333333333,73.0,25.0,11.1773580659,952.0
293,1.26190266464,12.9810004611,0.0,70.0,12.6734209061,34.4761904762,59.0,21.0,7.73058243355,724.0
293,1.33425710528,12.7758687137,0.0,69.0,12.8119411469,35.5714285714,57.0,23.0,8.75540649297,747.0
294,21.9801702834,8.9212352505,0.0,72.0,15.7856054306,43.7619047619,68.0,29.0,10.187761098,919.0
294,22.027405067,8.96233193661,0.0,73.0,16.0282096863,45.3333333333,80.0,29.0,10.9239797388,952.0
295,19.0812450197,10.7343747558,0.0,74.0,12.8741025925,38.9047619048,60.0,13.0,11.3044449749,817.0
295,19.0645437877,10.7954005313,0.0,73.0,14.9693021774,40.9523809524,62.0,28.0,9.92207735545,860.0
296,30.034011455,36.1534042169,0.0,65.0,13.5278129578,42.1428571429,68.0,27.0,10.6924539479,885.0
296,30.0776682345,36.1751278751,0.0,66.0,14.4927406311,43.2380952381,65.0,29.0,10.3242663754,908.0
297,27.713146523,37.9835012285,0.0,74.0,12.1739244461,39.4285714286,64.0,25.0,10.3950537688,828.0
297,27.5856460216,37.990830593,0.0,75.0,17.3541927338,42.1904761905,74.0,24.0,11.7499746707,886.0
297,27.592362704,38.1218607543,0.0,76.0,18.254196167,43.8095238095,71.0,24.0,12.4684363399,920.0
297,27.5405722257,37.9420175628,0.0,78.0,15.7032365799,40.9047619048,65.0,26.0,10.6531908924,859.0
297,27.6440547944,37.9357593753,0.0,79.0,13.6940755844,41.5714285714,59.0,23.0,10.6891132868,873.0
298,14.3814676468,6.40968533954,0.0,74.0,15.5675649643,39.5714285714,68.0,20.0,12.1143362533,831.0
298,14.3304893567,6.24103995528,0.0,75.0,14.9664878845,41.5238095238,71.0,27.0,10.0430027762,872.0
299,14.1044323601,17.3590123365,0.0,78.0,13.6277122498,40.2857142857,55.0,28.0,8.10026454594,846.0
299,14.2509265757,17.2799158117,0.0,80.0,19.2556610107,47.2857142857,70.0,28.0,11.1675550464,993.0
299,14.1431583586,17.3758396016,0.0,79.0,18.9667129517,41.5714285714,71.0,26.0,12.8669010588,873.0
299,14.120210101,17.0919042989,0.0,74.0,13.867231369,42.0476190476,60.0,28.0,9.97234270609,883.0
299,14.4257971696,17.4291527096,0.0,82.0,16.5686092377,42.1904761905,67.0,26.0,11.6388102812,886.0
299,13.9535643632,17.1413565655,0.0,75.0,14.3667736053,41.0952380952,57.0,20.0,10.2416051569,863.0
299,14.4730164735,17.4123679504,0.0,81.0,12.4287576675,43.2380952381,57.0,30.0,8.49061106108,908.0
299,14.0021415614,17.2873334432,0.0,76.0,12.032828331,35.7142857143,60.0,21.0,11.3054980304,750.0
300,16.4587294533,32.0435633341,0.0,88.0,27.0274715424,50.0952380952,84.0,33.0,16.238549079,1052.0
300,16.4378690669,32.0443294786,0.0,117.0,12.6852340698,40.0,65.0,25.0,9.2736184955,840.0
300,16.4464578469,32.0345604351,0.0,105.0,27.380109787,47.7619047619,94.0,32.0,16.7866159839,1003.0
300,16.4684683696,32.0796726634,0.0,84.0,25.1768341064,51.6666666667,83.0,29.0,15.5863187871,1085.0
300,16.4418831999,32.0207390132,0.0,98.0,41.6702537537,58.8095238095,118.0,24.0,26.9492468311,1235.0
300,16.4576542181,32.0320059463,0.0,113.0,14.1022386551,41.619047619,60.0,28.0,8.315504738,874.0
300,16.429602687,32.0346747937,0.0,95.0,28.4868812561,49.6666666667,95.0,32.0,18.3230274063,1043.0
300,16.4202766128,32.0305318651,0.0,77.0,19.5815887451,45.2380952381,80.0,33.0,12.1979701668,950.0
300,16.4247122041,32.0167713038,0.0,92.0,30.3492450714,53.9523809524,97.0,30.0,16.5453201555,1133.0
300,16.4123356994,32.0662712971,0.0,109.0,20.820022583,46.0,82.0,29.0,13.9570770579,966.0
300,16.4165317059,32.0722238904,0.0,74.0,17.8663387299,43.0,73.0,19.0,13.3229125945,903.0
300,16.4493487933,32.0715538547,0.0,82.0,21.8721733093,46.5238095238,85.0,27.0,14.3931200496,977.0
300,16.4347477687,32.0483214212,0.0,118.0,12.4690685272,39.9523809524,63.0,24.0,9.09657182941,839.0
300,16.4158049092,32.0977502127,0.0,83.0,17.9015407562,42.8571428571,76.0,26.0,11.9217688045,900.0
300,16.4474595175,32.039223414,0.0,101.0,20.2641601562,44.7142857143,73.0,24.0,12.7048921961,939.0
300,16.4565956038,32.0415316236,0.0,89.0,28.7689151764,54.0,84.0,26.0,16.8819430161,1134.0
300,16.4417387775,32.0385091075,0.0,99.0,27.9489345551,50.7142857143,97.0,30.0,16.8971679791,1065.0
300,16.4706581089,32.0306291847,0.0,106.0,19.586265564,45.5238095238,76.0,21.0,12.3637334475,956.0
300,16.4248568072,31.9971469276,0.0,96.0,16.4662857056,39.4285714286,67.0,18.0,12.2334436222,828.0
300,16.4010527739,32.0679266113,0.0,114.0,14.500254631,38.7142857143,61.0,17.0,12.4745455113,813.0
300,16.3835932889,32.0653243132,0.0,78.0,14.1258926392,43.1428571429,65.0,33.0,11.3678745343,906.0
300,16.4394746591,32.0399274842,0.0,110.0,19.6247673035,44.0952380952,66.0,28.0,11.7511904159,926.0
300,16.4264502479,32.0497693768,0.0,81.0,17.0054645538,45.0476190476,67.0,28.0,11.9099798089,946.0
300,16.4230229748,32.0651886936,0.0,85.0,16.141658783,41.1428571429,63.0,27.0,11.9259620756,864.0
300,16.4312645014,32.0591290707,0.0,75.0,24.8427963257,50.4285714286,84.0,27.0,15.1906926392,1059.0
300,16.4392891441,32.0098836311,0.0,94.0,38.6286888123,58.6666666667,108.0,31.0,21.5854889528,1232.0
300,16.4224469037,32.0132591441,0.0,103.0,14.6332893372,41.4285714286,65.0,24.0,9.66215001214,870.0
300,16.4334535167,32.0921449591,0.0,107.0,19.324672699,42.0476190476,70.0,28.0,12.0061492181,883.0
300,16.4139907419,32.0377505069,0.0,111.0,21.2427310944,46.0952380952,69.0,23.0,13.7401046645,968.0
300,16.4426273691,32.0592858086,0.0,100.0,20.5792274475,42.7619047619,73.0,25.0,13.7764464283,898.0
300,16.418932144,32.030032758,0.0,115.0,15.4286203384,41.0952380952,62.0,30.0,10.6155770541,863.0
300,16.4157660761,32.0421197521,0.0,86.0,27.6639003754,53.380952381,88.0,30.0,16.7376109122,1121.0
300,16.3915280507,32.0298344419,0.0,87.0,27.8797016144,49.0,92.0,29.0,18.2811378202,1029.0
300,16.4495292015,32.0490591084,0.0,97.0,27.5051651001,54.5238095238,84.0,28.0,16.2930017112,1145.0
300,16.4416242389,32.0804418606,0.0,104.0,20.7310829163,46.380952381,74.0,30.0,12.9285582741,974.0
300,16.4373201462,32.0346624067,0.0,112.0,16.0380554199,43.7619047619,63.0,29.0,9.44407095433,919.0
300,16.4152469317,32.0534148532,0.0,76.0,17.5711402893,44.5714285714,73.0,29.0,12.440142397,936.0
300,16.4373832454,32.0199915029,0.0,91.0,29.9674758911,52.5238095238,105.0,28.0,18.0876174429,1103.0
300,16.457145538,32.0359578398,0.0,116.0,21.7431735992,43.8095238095,72.0,27.0,14.1407886895,920.0
300,16.3803738867,32.015545889,0.0,108.0,16.324262619,42.7142857143,63.0,24.0,11.2789310537,897.0
300,16.4247980566,32.0382218946,0.0,93.0,28.6357803345,53.9047619048,107.0,34.0,18.1160281571,1132.0
300,16.3974173665,32.0249962444,0.0,80.0,17.2364845276,42.4761904762,67.0,21.0,11.7542292287,892.0
300,16.4436078251,32.034763903,0.0,102.0,29.5243759155,51.4285714286,91.0,32.0,16.9339051272,1080.0
301,33.5389738705,36.5651324673,0.0,75.0,14.6434698105,40.4285714286,60.0,25.0,10.5003401305,849.0
301,33.4040840363,36.4976147949,0.0,76.0,16.0769824982,42.7142857143,70.0,25.0,12.1125672636,897.0
302,15.9540034574,38.3617534851,0.0,79.0,13.0099983215,39.7142857143,58.0,25.0,9.7269874943,834.0
302,15.9380830212,38.4571861906,0.0,75.0,19.2143554688,45.0952380952,64.0,30.0,10.5967200676,947.0
302,15.8616951975,38.4004769884,0.0,76.0,17.1703891754,44.9523809524,70.0,22.0,12.583625036,944.0
302,15.8975376178,38.3579947977,0.0,77.0,19.4131565094,43.619047619,74.0,24.0,12.583625036,916.0
302,15.9081417579,38.348658095,0.0,78.0,17.6026916504,39.3333333333,73.0,19.0,12.8114532093,826.0
303,11.2556138258,5.40755092155,0.0,75.0,13.5706033707,35.8095238095,57.0,18.0,10.8932045222,752.0
303,11.3463592646,5.42013567738,0.0,76.0,20.5870914459,40.1904761905,77.0,24.0,14.3896457483,844.0
304,25.2563422807,0.398345221774,0.0,75.0,15.0433177948,42.1428571429,66.0,27.0,9.44079294491,885.0
304,25.3663504926,0.425454008946,0.0,76.0,16.3453865051,44.8571428571,66.0,26.0,11.7442995291,942.0
304,25.4647793036,0.509593112562,0.0,77.0,12.9220304489,40.8095238095,65.0,29.0,8.82393929954,857.0
304,25.3764994545,0.490371598548,0.0,78.0,12.9591960907,43.2380952381,66.0,29.0,9.45994060185,908.0
304,25.4600012335,0.609934389297,0.0,79.0,14.8413248062,42.9047619048,70.0,27.0,10.9357430562,901.0
305,36.7983379098,12.8114726039,0.0,75.0,17.9582138062,44.5714285714,77.0,24.0,11.7667813295,936.0
305,36.7377574569,12.7025958871,0.0,76.0,12.6302843094,43.0952380952,59.0,27.0,8.23349720292,905.0
306,32.3258538054,14.336444619,0.0,75.0,14.5279626846,42.8571428571,71.0,27.0,11.1368115468,900.0
306,32.3670019174,14.2559811904,0.0,76.0,22.7960243225,47.8095238095,75.0,31.0,12.7813107607,1004.0
306,32.4064479515,14.1952532793,0.0,77.0,14.7284479141,44.2857142857,75.0,30.0,11.1541151919,930.0
307,25.5438931221,21.722145032,0.0,77.0,16.9578151703,48.2380952381,70.0,21.0,11.9704000013,1013.0
307,25.6769448738,21.5783200297,0.0,75.0,12.8259325027,43.2380952381,71.0,31.0,8.99391328569,908.0
307,25.5628766878,21.6746138543,0.0,76.0,18.016046524,49.3333333333,76.0,34.0,10.4753679331,1036.0
308,21.2583413618,15.7361931223,0.0,77.0,16.817779541,45.9523809524,68.0,28.0,12.2166942766,965.0
308,21.3053920925,15.7038140772,0.0,78.0,17.7083644867,48.1428571429,72.0,30.0,10.9374846939,1011.0
308,21.3745970048,15.7751766897,0.0,79.0,16.5039157867,45.2380952381,70.0,30.0,11.2200925215,950.0
309,20.533692617,24.0940466389,0.0,77.0,15.2360486984,42.8571428571,77.0,29.0,11.7740635054,900.0
309,20.5926329007,24.0226475649,0.0,78.0,13.2760877609,42.7619047619,62.0,25.0,10.3387850442,898.0
310,13.5512037826,37.2521279493,0.0,78.0,14.1184272766,37.380952381,62.0,23.0,10.4042116014,785.0
310,13.5555384801,37.1302112004,0.0,77.0,12.3771028519,37.7619047619,58.0,23.0,8.54929682433,793.0
311,22.3109795005,7.18769623898,0.0,59.0,12.6139326096,42.6666666667,62.0,28.0,9.15059196628,896.0
311,22.3924676772,7.18138522933,0.0,60.0,17.689239502,43.5714285714,79.0,29.0,12.8279828055,915.0
312,38.80128364,15.2317364361,0.0,59.0,12.7584657669,38.619047619,65.0,24.0,10.9885221503,811.0
312,38.680036268,15.2482245633,0.0,58.0,13.8380069733,45.0476190476,58.0,31.0,8.2248172653,946.0
312,38.7460529981,15.3916985615,0.0,60.0,14.0781745911,39.7619047619,66.0,22.0,10.6249929972,835.0
313,11.6057910213,1.41384348854,0.0,60.0,16.3517227173,38.9523809524,65.0,25.0,10.4090162382,818.0
313,11.4346803105,1.41146631271,0.0,59.0,12.739566803,38.3333333333,57.0,23.0,9.318440499,805.0
314,5.40404884602,6.74272578968,0.0,79.0,14.3596878052,34.7142857143,57.0,17.0,10.4553472307,729.0
314,5.31737094118,6.99542886829,0.0,80.0,17.0769920349,40.0476190476,71.0,23.0,11.1016944224,841.0
314,5.40906090657,6.99687910605,0.0,81.0,17.4065647125,37.4285714286,59.0,25.0,10.4908123068,786.0
314,5.44564580098,6.74020409315,0.0,78.0,15.6826496124,36.0476190476,55.0,22.0,10.1905651977,757.0
315,12.8436252984,6.76174694794,0.0,81.0,12.2815799713,43.4285714286,61.0,27.0,7.9534359152,912.0
315,12.9341939312,6.75226585781,0.0,80.0,16.9822635651,41.1904761905,68.0,23.0,11.8220939246,865.0
316,34.6107105152,34.4331765478,0.0,80.0,19.8741512299,48.4761904762,74.0,31.0,13.3514757522,1018.0
316,34.4563304123,34.7347511542,0.0,81.0,21.5270824432,55.2380952381,82.0,36.0,12.9842395307,1160.0
317,6.02583979307,0.791317415852,0.0,82.0,12.481754303,35.1428571429,52.0,20.0,10.1552238493,738.0
317,6.06340630638,0.795696225255,0.0,81.0,14.6561841965,36.619047619,70.0,23.0,10.3512134094,769.0
318,36.5968721891,12.5953637358,0.0,82.0,12.5057544708,41.1904761905,55.0,28.0,8.16467419815,865.0
318,36.5924246375,12.6133298693,0.0,81.0,14.4244003296,45.2857142857,60.0,35.0,7.44407722383,951.0
319,34.1367005825,15.2243190273,0.0,82.0,13.388176918,39.9047619048,66.0,26.0,11.170965768,838.0
319,34.0093024798,15.0855515915,0.0,81.0,16.3926811218,45.0952380952,67.0,33.0,10.2757226603,947.0
320,16.7379769685,14.9388340416,0.0,82.0,12.9566335678,40.6666666667,60.0,23.0,11.1863011462,854.0
320,17.0031153801,14.6519479194,0.0,86.0,22.931936264,48.5714285714,94.0,30.0,14.9250508494,1020.0
320,16.8826487419,14.6911225484,0.0,99.0,28.5267486572,51.2380952381,95.0,30.0,20.1417595108,1076.0
320,17.1757303303,14.7549787224,0.0,87.0,34.542011261,58.9523809524,104.0,27.0,20.5778429153,1238.0
320,16.5836451052,14.6428656912,0.0,101.0,17.0971717834,45.0,72.0,28.0,11.6447413024,945.0
320,16.7614195695,14.9156757458,0.0,83.0,25.1905975342,48.0,85.0,22.0,18.5553226865,1008.0
320,16.8818755885,14.6538859054,0.0,91.0,23.6967124939,50.7142857143,89.0,35.0,15.7738481581,1065.0
320,16.8542782239,14.6555681248,0.0,93.0,22.9039745331,48.1428571429,90.0,30.0,13.7196418112,1011.0
320,16.8814170193,14.6728328984,0.0,89.0,18.6750888824,47.619047619,76.0,27.0,13.738545012,1000.0
320,16.9229829367,14.7189228837,0.0,96.0,22.452003479,50.2857142857,81.0,32.0,13.4094849161,1056.0
320,16.8281152603,14.7329990445,0.0,94.0,24.0668907166,51.6666666667,83.0,29.0,14.2068058808,1085.0
320,16.5389873273,14.4839211259,0.0,102.0,13.4302768707,39.2857142857,60.0,23.0,10.5268364533,825.0
320,16.9602726978,14.7769158733,0.0,85.0,19.9061508179,49.619047619,74.0,32.0,11.9769620124,1042.0
320,16.817638531,14.6879796235,0.0,98.0,22.7261314392,47.8095238095,85.0,26.0,14.7872209952,1004.0
320,16.9469012527,14.7140689176,0.0,90.0,17.4043254852,49.7142857143,69.0,30.0,13.0082391473,1044.0
320,16.7938748289,14.7532841046,0.0,84.0,24.4783878326,50.0476190476,86.0,31.0,14.4307871943,1051.0
320,17.1052217462,14.6150253117,0.0,88.0,18.2118206024,50.5238095238,80.0,34.0,11.1875781455,1061.0
320,16.8939929569,14.7987302464,0.0,92.0,20.7914009094,46.4285714286,76.0,26.0,12.544207542,975.0
320,16.772301778,14.7549024471,0.0,100.0,24.0798797607,49.4761904762,77.0,26.0,15.4745566903,1039.0
320,16.818412458,14.7378167383,0.0,95.0,23.7972145081,48.0476190476,84.0,30.0,14.56872057,1009.0
320,16.8642494974,14.71780765,0.0,97.0,27.0271072388,52.4285714286,94.0,32.0,16.0517021794,1101.0
321,18.0359913527,32.7826694587,0.0,83.0,18.2414684296,42.6666666667,70.0,23.0,12.1174804862,896.0
321,17.983735973,32.9659825771,0.0,88.0,13.8875951767,36.6666666667,65.0,15.0,12.9627671943,770.0
321,18.0600823955,32.7484490641,0.0,84.0,14.8704395294,40.0476190476,74.0,24.0,11.5865274801,841.0
321,18.2284472616,32.7981196534,0.0,85.0,14.602388382,40.8095238095,66.0,28.0,10.8794257552,857.0
321,18.1090928037,32.9141981354,0.0,87.0,13.1943826675,38.5714285714,63.0,21.0,9.88722118986,810.0
321,18.1441771439,32.6988048672,0.0,80.0,13.6022949219,39.5714285714,64.0,17.0,10.7450985504,831.0
321,18.1588005574,32.6461547795,0.0,79.0,18.0802745819,43.5238095238,74.0,28.0,12.0773302001,914.0
321,18.0372589269,32.8159474007,0.0,82.0,15.2796506882,41.619047619,67.0,23.0,12.2453100838,874.0
322,41.3799058457,37.0834020857,0.0,85.0,18.6130714417,48.8571428571,78.0,26.0,13.5509620112,1026.0
322,41.4664788087,37.0405804343,0.0,86.0,16.9387950897,45.9523809524,71.0,29.0,11.4519700946,965.0
322,41.454125469,36.9999557807,0.0,87.0,16.4221591949,46.4761904762,77.0,33.0,12.4604135069,976.0
322,41.259153777,36.9472997033,0.0,83.0,13.3634490967,46.380952381,62.0,34.0,8.20655951344,974.0
322,41.4178879308,36.9536293645,0.0,88.0,15.9869003296,47.4761904762,70.0,29.0,9.60009920584,997.0
322,41.3756657987,37.1040478331,0.0,84.0,17.3317699432,49.0476190476,78.0,23.0,13.694802629,1030.0
323,42.3908353838,25.6722199855,0.0,84.0,15.5108728409,43.8571428571,71.0,27.0,11.3370442104,921.0
323,42.5101054481,25.6172381247,0.0,83.0,16.8242950439,44.2380952381,64.0,29.0,10.9677014999,929.0
324,28.5370271944,16.2507383511,0.0,84.0,14.0688991547,45.2380952381,70.0,19.0,11.488710815,950.0
324,28.4847961023,16.2070328435,0.0,83.0,14.983089447,41.2380952381,66.0,23.0,11.3661988453,866.0
325,40.7643674622,34.5348620806,0.0,84.0,12.414683342,43.5238095238,64.0,25.0,10.9663988967,914.0
325,41.0412749639,34.4243416797,0.0,85.0,14.8357982635,42.9523809524,63.0,25.0,10.2003734759,902.0
325,41.0493508847,34.45933643,0.0,86.0,22.6294460297,50.0,98.0,34.0,13.4052228628,1050.0
326,24.8641412029,22.5305311579,0.0,85.0,14.9229621887,45.4285714286,67.0,23.0,10.9570590423,954.0
326,24.8572443625,22.5898653701,0.0,84.0,15.0434856415,48.9523809524,65.0,28.0,11.0520413973,1028.0
327,12.8140075598,6.79673279337,0.0,85.0,15.0248374939,39.0,64.0,26.0,9.89949493661,819.0
327,12.7801271856,6.78515987095,0.0,87.0,13.4103956223,37.8095238095,58.0,21.0,9.36279364089,794.0
327,12.7861541061,6.76500421905,0.0,86.0,14.9367160797,38.9047619048,63.0,24.0,10.714031743,817.0
327,12.8271512147,6.80643358553,0.0,88.0,20.9236469269,44.6666666667,67.0,30.0,12.8698614341,938.0
327,12.9413623186,6.84331248992,0.0,89.0,14.0374717712,39.1904761905,62.0,26.0,9.38413047447,823.0
328,24.6333277107,2.20923405694,0.0,86.0,15.9470100403,40.4761904762,67.0,27.0,10.7824813824,850.0
328,24.7064275165,2.29751006469,0.0,85.0,15.164853096,41.9523809524,67.0,29.0,10.7446553713,881.0
329,40.0597665906,18.9872133415,0.0,85.0,12.6130475998,43.619047619,58.0,32.0,8.25515711829,916.0
329,40.0978646967,18.8130104558,0.0,87.0,17.1094532013,43.3333333333,73.0,20.0,12.9935881624,910.0
329,40.070499937,18.8680508862,0.0,86.0,16.4451942444,43.9047619048,72.0,29.0,11.6099300683,922.0
329,40.046105734,18.8924767641,0.0,90.0,14.756896019,41.7619047619,61.0,27.0,9.68454832145,877.0
329,40.0944108318,18.9440203419,0.0,89.0,12.0138511658,40.619047619,62.0,28.0,9.48934239279,853.0
330,13.0037048136,34.1046464997,0.0,88.0,16.5148162842,41.4761904762,64.0,21.0,11.5395799214,871.0
330,12.9215796069,34.1121178623,0.0,89.0,18.2954139709,43.1428571429,66.0,27.0,10.8133515354,906.0
330,13.0097480687,34.1217441057,0.0,90.0,18.8301734924,42.7619047619,71.0,27.0,12.4173457788,898.0
330,12.9959634459,34.2302733249,0.0,91.0,15.8361225128,41.9523809524,62.0,28.0,9.37803918992,881.0
330,12.9881716944,34.1919414587,0.0,92.0,19.0852375031,43.5714285714,75.0,21.0,13.455747577,915.0
330,13.054276314,34.044883376,0.0,85.0,12.5511350632,37.8571428571,58.0,23.0,9.47779359496,795.0
330,13.1080970396,34.1005675348,0.0,86.0,19.5489692688,41.9047619048,74.0,22.0,11.6914702322,880.0
330,12.9389407897,34.0886367253,0.0,87.0,16.2476863861,40.0952380952,69.0,24.0,10.4302673116,842.0
331,6.1342230016,0.677565161776,0.0,86.0,12.6624259949,35.8095238095,51.0,22.0,8.64649667564,752.0
331,6.17296914401,0.610837588504,0.0,87.0,13.0809116364,33.9047619048,52.0,16.0,9.6690473259,712.0
332,6.23389928125,13.3321205391,0.0,87.0,14.3550481796,35.9523809524,60.0,24.0,10.7493078404,755.0
332,6.20579179832,13.3642941314,0.0,86.0,14.5083065033,37.1428571429,57.0,19.0,10.0463212883,780.0
333,36.3629615909,0.2581351499,0.0,88.0,13.2899646759,40.1428571429,68.0,22.0,9.98641934973,843.0
333,36.3469116456,0.377176246986,0.0,89.0,15.5256061554,43.5714285714,60.0,17.0,10.5573265014,915.0
333,36.3585307889,0.458932215848,0.0,90.0,15.4397354126,41.4285714286,67.0,31.0,10.3420086471,870.0
334,17.7265042451,13.4359201852,0.0,87.0,13.8405771255,39.4285714286,62.0,20.0,10.9980517755,828.0
334,17.5248344594,13.485851316,0.0,91.0,14.6113443375,41.7619047619,73.0,28.0,10.629697841,877.0
334,17.5705979573,13.384405792,0.0,88.0,12.6281261444,43.380952381,61.0,27.0,9.20584700327,911.0
334,17.5632718764,13.3336091104,0.0,90.0,17.3807468414,45.4285714286,67.0,29.0,12.2007025559,954.0
334,17.4831118715,13.3255964041,0.0,89.0,24.9141407013,51.8095238095,85.0,30.0,14.2534874596,1088.0
334,17.6359822922,13.3776563794,0.0,92.0,13.1281738281,42.7142857143,61.0,30.0,8.63795610745,897.0
334,17.5686277079,13.4971423094,0.0,93.0,13.2730836868,41.0476190476,68.0,25.0,10.1265798297,862.0
335,19.268467026,32.6203580034,0.0,54.0,13.5422325134,46.0952380952,66.0,35.0,8.16642370873,968.0
335,19.3322908072,32.6555909357,0.0,55.0,14.4764795303,43.5238095238,62.0,28.0,9.74483990438,914.0
335,19.2230430332,32.7437206559,0.0,53.0,12.7544298172,40.9523809524,72.0,23.0,11.8721362462,860.0
336,11.3833971311,13.9515467007,0.0,54.0,12.8024997711,37.8095238095,54.0,26.0,8.19523671177,794.0
336,11.5054039568,13.8446043838,0.0,55.0,13.8996171951,39.6666666667,60.0,24.0,9.10128196098,833.0
337,22.4332398993,31.1196343471,0.0,89.0,14.1554927826,41.0,62.0,23.0,12.2637677734,861.0
337,22.3751038453,31.0967968418,0.0,90.0,15.7439174652,44.0,69.0,31.0,10.7981479894,924.0
338,6.5859199825,26.7719340017,0.0,89.0,18.9156246185,41.9047619048,73.0,27.0,11.4276190079,880.0
338,6.51694275476,26.9446368605,0.0,93.0,14.1382398605,40.6666666667,56.0,27.0,8.9013107649,854.0
338,6.5547673129,26.9004715154,0.0,92.0,22.8556461334,44.6666666667,73.0,20.0,14.4268268629,938.0
338,6.56992973723,26.8252143462,0.0,90.0,17.3271656036,42.5238095238,70.0,27.0,11.6130058453,893.0
338,6.47337178183,26.8905017807,0.0,91.0,15.9771852493,39.7142857143,62.0,22.0,10.349603167,834.0
339,12.2145581536,38.1917530177,0.0,89.0,13.2602701187,33.5238095238,59.0,17.0,10.2157674583,704.0
339,12.342021335,38.2342644496,0.0,90.0,18.6501407623,40.8095238095,68.0,18.0,13.4038018772,857.0
339,12.3327731497,38.0015829096,0.0,91.0,16.2987155914,39.0952380952,61.0,22.0,11.1754407605,821.0
340,21.2186089411,15.827351235,0.0,94.0,17.701921463,46.0952380952,78.0,31.0,12.0120970771,968.0
340,21.2969085132,15.8690180729,0.0,90.0,12.9405937195,42.8571428571,62.0,29.0,9.483067617,900.0
340,21.3183271984,15.8173587745,0.0,89.0,13.4820871353,42.6666666667,62.0,28.0,10.4179332563,896.0
340,21.1950268765,15.8285485654,0.0,91.0,14.2196416855,41.4761904762,67.0,25.0,10.3083415136,871.0
340,21.2129418777,15.7984882039,0.0,93.0,19.5338726044,47.7142857143,75.0,33.0,13.1876565664,1002.0
341,7.35100953816,29.1813373399,0.0,113.0,23.8437404633,43.8095238095,77.0,19.0,16.175966888,920.0
341,7.3644631331,29.2751808291,0.0,117.0,26.5815525055,46.3333333333,76.0,27.0,14.2594997575,973.0
341,7.76181222706,29.6270416697,0.0,95.0,18.1691226959,41.1904761905,66.0,20.0,11.9021806725,865.0
341,7.73692142449,29.562688732,0.0,92.0,18.2713813782,42.3333333333,63.0,30.0,9.49385766342,889.0
341,7.65142587684,29.3860584003,0.0,109.0,20.6050224304,40.8095238095,76.0,24.0,12.1967989555,857.0
341,7.37417131458,29.202530827,0.0,118.0,18.6098041534,38.5714285714,70.0,23.0,13.3625275624,810.0
341,7.69590342107,29.6393081407,0.0,99.0,15.4210147858,38.4761904762,62.0,19.0,11.2054408553,808.0
341,7.70235856859,29.467243048,0.0,101.0,17.8890018463,41.5238095238,65.0,23.0,12.428270385,872.0
341,7.60947480037,29.4338141087,0.0,106.0,18.7234401703,40.9523809524,66.0,23.0,12.3104678647,860.0
341,7.64050764051,29.526029526,0.0,96.0,16.7560939789,41.5714285714,63.0,22.0,10.656319386,873.0
341,7.27322827895,29.2226157268,0.0,114.0,18.6235809326,39.7619047619,69.0,20.0,13.630498017,835.0
341,7.53537579708,29.4130018313,0.0,110.0,21.6464977264,43.0476190476,80.0,23.0,13.4591091476,904.0
341,7.78094690175,29.5718065461,0.0,94.0,18.8489189148,39.9047619048,63.0,25.0,11.3969503022,838.0
341,7.73455123205,29.5472018361,0.0,90.0,21.7708568573,41.7619047619,74.0,27.0,14.3035127221,877.0
341,7.71966685022,29.562864519,0.0,103.0,14.9436683655,41.5714285714,63.0,26.0,8.98093218197,873.0
341,7.41862988766,29.5093513617,0.0,111.0,13.5408506393,37.2857142857,55.0,22.0,9.05065112101,783.0
341,7.75489839039,29.5092747347,0.0,100.0,13.3367977142,36.1428571429,57.0,25.0,8.96819778041,759.0
341,7.56718153762,29.3920788853,0.0,107.0,12.212179184,35.8571428571,64.0,21.0,10.02639374,753.0
341,7.2695983105,29.2302563075,0.0,115.0,30.8267250061,47.4761904762,101.0,25.0,20.8053335653,997.0
341,7.77728790561,29.5556410656,0.0,104.0,19.5478610992,39.619047619,72.0,22.0,13.0325599576,832.0
341,7.31946247988,29.3067438085,0.0,116.0,14.7741336823,38.6666666667,61.0,23.0,11.0785077214,812.0
341,7.75367921388,29.6094911294,0.0,91.0,15.379901886,37.9523809524,60.0,22.0,10.7910897989,797.0
341,7.30886493613,29.3571520243,0.0,112.0,15.0329217911,37.4285714286,63.0,14.0,12.1019478952,786.0
341,7.76826200132,29.5768400995,0.0,93.0,19.558467865,40.619047619,79.0,26.0,12.9594606002,853.0
341,7.6028900607,29.3682736432,0.0,108.0,17.550535202,40.0952380952,61.0,23.0,11.70002035,842.0
341,7.66603883839,29.3831868511,0.0,102.0,24.0615882874,43.7142857143,93.0,24.0,15.3301756583,918.0
341,7.80026106809,29.6657209278,0.0,98.0,19.1610546112,40.8095238095,63.0,25.0,11.0118983269,857.0
342,13.6763927354,36.0236811421,0.0,90.0,16.3456726074,40.1904761905,68.0,18.0,12.12278453,844.0
342,13.6969481719,35.9331269267,0.0,91.0,12.5944623947,38.3333333333,53.0,24.0,8.89569184119,805.0
343,14.4707887712,5.1409021867,0.0,101.0,15.5228328705,42.5714285714,58.0,24.0,10.2741005863,894.0
343,14.5769994346,5.15883274343,0.0,99.0,20.433298111,44.5238095238,78.0,29.0,12.4523855049,935.0
343,14.2986564929,5.20172306088,0.0,91.0,15.3724365234,41.4761904762,61.0,18.0,10.8518157357,871.0
343,14.3917920044,5.2430580811,0.0,93.0,14.3611955643,42.8571428571,58.0,29.0,8.71943641691,900.0
343,14.2792784732,5.20034035385,0.0,96.0,17.5184631348,44.2380952381,75.0,30.0,11.6271439395,929.0
343,14.294806192,5.2123628786,0.0,94.0,16.0215492249,44.4761904762,64.0,28.0,11.1831080099,934.0
343,14.5097788579,5.13615349441,0.0,102.0,21.6966609955,44.9523809524,93.0,30.0,14.4377151602,944.0
343,14.4938085062,5.1145113241,0.0,98.0,15.7758617401,41.4761904762,69.0,21.0,11.6086995293,871.0
343,14.3745143745,5.05050505051,0.0,90.0,15.1529273987,42.5238095238,68.0,26.0,11.9231667254,893.0
343,14.4310669091,5.17042004051,0.0,92.0,14.6092615128,40.1428571429,65.0,26.0,10.2970175987,843.0
343,14.3525033657,5.17062457028,0.0,97.0,15.7564640045,40.6666666667,69.0,29.0,10.9102398385,854.0
343,14.5246079399,5.17791753098,0.0,100.0,18.7383117676,40.5714285714,72.0,27.0,12.2129907417,852.0
343,14.2212168845,5.1460349891,0.0,95.0,17.5974292755,42.8095238095,65.0,21.0,11.927359505,899.0
344,21.7277080895,31.4276636398,0.0,98.0,21.7176017761,48.619047619,89.0,32.0,13.6068960108,1021.0
344,21.6965809718,31.5282982749,0.0,103.0,21.813369751,48.9047619048,85.0,28.0,15.0595642762,1027.0
344,21.8354192472,31.6474283492,0.0,107.0,17.251789093,45.0476190476,68.0,25.0,11.8087941403,946.0
344,21.7288197936,31.5539693675,0.0,95.0,27.7081794739,56.1904761905,89.0,36.0,15.2302956229,1180.0
344,21.9854713777,31.532860713,0.0,92.0,17.3703308105,45.1428571429,73.0,29.0,11.6545515327,948.0
344,21.7660865675,31.5014507073,0.0,100.0,22.6915035248,49.380952381,81.0,30.0,13.1585568756,1037.0
344,21.6727438459,31.4694548653,0.0,97.0,28.0136108398,50.2857142857,104.0,32.0,18.3115888364,1056.0
344,21.7284959475,31.4705756655,0.0,104.0,24.1135540009,50.2380952381,80.0,32.0,13.9638990325,1055.0
344,22.0351034959,31.5877674708,0.0,91.0,18.616645813,44.380952381,74.0,27.0,12.3104678647,932.0
344,21.7889115808,31.4691368292,0.0,101.0,15.4500074387,44.2380952381,65.0,30.0,10.6249929972,929.0
344,21.6599013814,31.3520992382,0.0,99.0,26.7164802551,48.4761904762,91.0,28.0,17.6341119641,1018.0
344,21.7648971743,31.6310687961,0.0,106.0,14.9355487823,42.4761904762,61.0,24.0,11.338514222,892.0
344,21.9112864295,31.4795026147,0.0,93.0,25.6547298431,50.5238095238,108.0,33.0,16.8422654284,1061.0
344,21.6762867367,31.5388197479,0.0,96.0,19.3530235291,45.5238095238,81.0,26.0,13.9628759488,956.0
344,21.8039351031,31.5708889169,0.0,94.0,19.8129577637,45.8095238095,85.0,30.0,13.1818778921,962.0
344,21.7625707157,31.6166533339,0.0,105.0,19.9736194611,40.8571428571,71.0,20.0,13.889872981,858.0
344,21.751290841,31.4994026555,0.0,102.0,16.4052066803,45.1428571429,62.0,32.0,10.3454613927,948.0
345,17.9720574434,32.8649358372,0.0,91.0,15.8202733994,40.2380952381,60.0,26.0,9.76680480968,845.0
345,18.0175653188,32.8818888159,0.0,92.0,15.9813804626,43.0952380952,64.0,26.0,9.72576352738,905.0
346,19.1815160473,14.5802696616,0.0,94.0,18.5610275269,44.0476190476,79.0,27.0,12.2453100838,925.0
346,19.2302843027,14.4248973109,0.0,91.0,24.7031745911,54.4285714286,93.0,35.0,16.1850901405,1143.0
346,19.1788629802,14.5220610406,0.0,92.0,17.8061771393,46.4285714286,74.0,29.0,11.3910992822,975.0
346,19.156936193,14.5243309379,0.0,93.0,12.7648944855,43.9047619048,67.0,30.0,8.74588338537,922.0
347,29.0609117269,25.7457147276,0.0,93.0,13.6541595459,42.9047619048,67.0,30.0,9.80767435178,901.0
347,29.1425532644,25.7532175319,0.0,95.0,13.2460069656,39.3333333333,63.0,22.0,10.6833203328,826.0
347,29.0372502461,25.6726264369,0.0,92.0,13.9861402512,41.5714285714,62.0,27.0,10.5146156781,873.0
347,28.9765182678,25.7041176525,0.0,94.0,16.6503582001,43.8095238095,69.0,24.0,11.3341036153,920.0
348,39.1554731581,30.8058225671,0.0,52.0,13.9244022369,43.3333333333,60.0,27.0,9.1887612513,910.0
348,39.1962278944,30.8318031199,0.0,54.0,19.1490020752,48.8095238095,68.0,31.0,10.5717503169,1025.0
348,39.0746490753,30.922781446,0.0,53.0,18.0147628784,45.9047619048,77.0,29.0,12.0619433007,964.0
349,26.8538400233,33.1835071148,0.0,53.0,17.1942424774,44.5714285714,76.0,28.0,11.9481020609,936.0
349,26.8462519043,33.2039277243,0.0,54.0,20.0031013489,48.2857142857,79.0,27.0,13.130662044,1014.0
350,31.1244311551,6.12796727673,0.0,94.0,12.4852619171,41.6666666667,60.0,26.0,10.0664459137,875.0
350,31.1680475036,6.16060183354,0.0,93.0,15.2994718552,42.9047619048,65.0,20.0,11.7128338241,901.0
351,14.5072512569,23.2724426258,0.0,94.0,20.5571899414,49.1428571429,72.0,30.0,11.4161539683,1032.0
351,14.51168955,23.2416235908,0.0,93.0,13.2445135117,37.7142857143,58.0,23.0,9.75778077814,792.0
351,14.5221061379,23.2963423436,0.0,95.0,19.7109680176,42.5238095238,78.0,25.0,12.8903803187,893.0
352,13.4871237577,23.9728584035,0.0,100.0,15.3464574814,43.0952380952,73.0,31.0,9.77703821157,905.0
352,13.4374176566,23.8856368765,0.0,97.0,23.7583408356,48.4285714286,78.0,28.0,14.0910305818,1017.0
352,13.4697407517,23.6793709885,0.0,109.0,15.261346817,40.619047619,58.0,22.0,10.3560426345,853.0
352,13.2114560485,23.7413930691,0.0,104.0,20.1652832031,52.0476190476,81.0,32.0,11.9477035052,1093.0
352,13.5891333584,23.9305326376,0.0,101.0,19.7933692932,46.4285714286,82.0,33.0,12.432101305,975.0
352,13.4910482754,24.1723837302,0.0,99.0,14.3475170135,43.5714285714,74.0,31.0,11.4872600239,915.0
352,13.3054836791,23.7038131305,0.0,106.0,21.8250141144,44.7142857143,66.0,18.0,13.9540060812,939.0
352,13.3065029013,23.8617433148,0.0,96.0,19.1648597717,45.619047619,69.0,30.0,11.0701228109,958.0
352,13.1862377245,23.7441915873,0.0,108.0,13.28104496,41.2857142857,64.0,29.0,9.81398419167,867.0
352,13.2484065191,23.8687033556,0.0,93.0,16.6704273224,44.2380952381,67.0,28.0,10.265986372,929.0
352,13.5189707196,23.6417236066,0.0,110.0,12.0886316299,37.2857142857,54.0,26.0,8.11260042861,783.0
352,13.2804868023,23.8059981549,0.0,94.0,16.9287776947,43.4761904762,69.0,26.0,11.0345776884,913.0
352,13.4703239672,23.8285713562,0.0,102.0,21.1834487915,52.0476190476,83.0,37.0,11.3113933292,1093.0
352,13.3479327298,23.9350822706,0.0,98.0,17.7874946594,44.4761904762,69.0,32.0,11.2987567795,934.0
352,13.2810052602,23.8043906671,0.0,105.0,15.8137369156,43.8571428571,71.0,28.0,10.8962641042,921.0
352,13.1933483366,23.5508550909,0.0,103.0,19.517988205,51.7142857143,78.0,27.0,11.3231747189,1086.0
353,34.7403032091,28.1564757182,0.0,95.0,13.2552871704,42.619047619,60.0,27.0,9.64611937764,895.0
353,34.720998093,28.1402133285,0.0,93.0,14.2929039001,43.5238095238,62.0,30.0,9.8975706495,914.0
353,34.564980771,28.0904434866,0.0,96.0,20.224981308,49.4285714286,69.0,32.0,11.04794745,1038.0
353,34.6927281147,28.1520344521,0.0,97.0,23.348941803,50.2857142857,77.0,26.0,14.0575348377,1056.0
353,34.6956945963,28.1700750124,0.0,94.0,13.1683988571,40.1904761905,63.0,22.0,11.1472823936,844.0
353,34.7259538906,28.1527319445,0.0,98.0,19.786863327,50.4285714286,87.0,25.0,14.3477225669,1059.0
353,34.7597984563,28.1444833882,0.0,99.0,14.2577590942,49.4761904762,73.0,34.0,11.9315508113,1039.0
354,23.6571081654,28.7876907877,0.0,93.0,12.7352838516,40.619047619,59.0,27.0,8.13926403599,853.0
354,23.5554746218,28.8435862072,0.0,94.0,13.9583454132,40.1428571429,63.0,25.0,10.1896305835,843.0
355,40.4010705554,29.9092680692,0.0,95.0,19.3079853058,43.619047619,74.0,19.0,14.2950207781,916.0
355,40.4205630984,29.8966504587,0.0,99.0,24.0530319214,48.9523809524,88.0,28.0,14.9515089221,1028.0
355,40.4120921931,29.9012929765,0.0,100.0,18.113319397,44.8571428571,85.0,29.0,12.0011904171,942.0
355,40.6092492794,29.9438785701,0.0,93.0,13.1862535477,44.619047619,64.0,26.0,8.95252026234,937.0
355,40.5234831768,29.8725177816,0.0,97.0,21.8936481476,46.8571428571,76.0,27.0,15.3175902618,984.0
355,40.5283203593,29.8489861653,0.0,98.0,17.3063697815,48.6666666667,70.0,31.0,11.6933029266,1022.0
355,40.532074758,29.9014688414,0.0,94.0,14.3371562958,43.7142857143,64.0,31.0,9.91031208965,918.0
356,38.7785703617,15.2140433972,0.0,51.0,14.4279556274,44.3333333333,68.0,20.0,11.4426104248,931.0
356,38.6957503631,15.1336281569,0.0,52.0,14.0741386414,41.8571428571,66.0,27.0,10.3357907984,879.0
356,38.9053665369,15.3107763655,0.0,53.0,13.473950386,41.9523809524,63.0,27.0,10.1068105279,881.0
357,33.3815109305,15.203227651,0.0,52.0,48.2165718079,66.619047619,138.0,34.0,29.9073171489,1399.0
357,33.385495854,15.1990170303,0.0,53.0,55.8984298706,72.7142857143,159.0,31.0,35.0173426421,1527.0
358,31.2220239086,18.2341586865,0.0,97.0,21.8350963593,52.0,88.0,37.0,11.874342087,1092.0
358,31.3162988966,18.2356604385,0.0,98.0,13.6446743011,44.6666666667,69.0,30.0,10.2729418052,938.0
358,31.3890611976,18.2473471799,0.0,99.0,17.017156601,48.1428571429,74.0,31.0,11.8460361062,1011.0
358,31.2418144176,18.2806313747,0.0,96.0,15.696688652,43.9047619048,65.0,26.0,11.1171253564,922.0
359,24.9752893552,22.6901981777,0.0,96.0,15.7968006134,43.1428571429,71.0,31.0,10.9466237456,906.0
359,24.7936955443,22.7094404513,0.0,97.0,12.0266122818,41.8571428571,58.0,21.0,10.2385824912,879.0
359,24.8943816752,22.5878222058,0.0,98.0,18.8644351959,48.8571428571,88.0,26.0,14.4509020974,1026.0
360,42.8052488736,25.5206467896,0.0,97.0,17.955871582,44.5714285714,67.0,25.0,12.7497899142,936.0
360,42.5450638157,25.6713094348,0.0,94.0,12.7216215134,42.9047619048,65.0,29.0,9.64834059258,901.0
360,42.730021638,25.4999902529,0.0,98.0,16.9259376526,46.1428571429,65.0,27.0,11.0239997927,969.0
360,42.7466611096,25.5632061612,0.0,95.0,16.0008449554,45.9523809524,75.0,24.0,13.1014357628,965.0
361,34.6135046962,31.1379785086,0.0,98.0,17.0130710602,47.0476190476,73.0,27.0,12.6825714683,988.0
361,34.5973510406,31.173155811,0.0,99.0,18.6643238068,48.0476190476,75.0,32.0,12.1921129854,1009.0
361,34.6009800259,31.1910288492,0.0,97.0,18.5683269501,45.8571428571,75.0,29.0,11.1994897843,963.0
362,13.7252163806,37.3680131889,0.0,98.0,20.3181972504,43.0,70.0,22.0,13.3304163476,903.0
362,13.6312945252,37.3517362033,0.0,99.0,21.0445823669,43.0,85.0,25.0,15.5724115024,903.0
362,13.5577827095,37.4599993438,0.0,100.0,12.381064415,39.619047619,53.0,26.0,7.2282514516,832.0
362,13.5663968014,37.3030383661,0.0,97.0,18.0281963348,42.1904761905,69.0,25.0,11.9650284062,886.0
363,36.3592544337,0.434042932402,0.0,98.0,13.3047809601,38.3333333333,66.0,29.0,10.2632028789,805.0
363,36.3836566888,0.410777232151,0.0,97.0,15.9905061722,39.7619047619,63.0,22.0,11.3837812782,835.0
364,37.4616485883,0.721147213008,0.0,98.0,24.4717617035,47.8095238095,83.0,26.0,15.7436306093,1004.0
364,37.4984431741,0.821512247292,0.0,101.0,12.0717983246,39.0,64.0,24.0,10.8995412748,819.0
364,37.4435335517,0.746928127495,0.0,100.0,23.6759624481,46.8095238095,80.0,31.0,14.0129192091,983.0
364,37.5662011082,0.639744151853,0.0,97.0,22.8974056244,47.6666666667,86.0,34.0,12.5711309489,1001.0
364,37.5213935378,0.761426132289,0.0,102.0,15.9486951828,42.5714285714,65.0,26.0,11.2230629891,894.0
365,41.4822973339,12.3618009253,0.0,98.0,15.4545507431,41.1428571429,66.0,23.0,11.6459680331,864.0
365,41.4557894631,12.3632624736,0.0,97.0,16.5688285828,42.0476190476,61.0,25.0,11.1690473653,883.0
366,6.62181024528,28.5185682322,0.0,99.0,19.6664714813,42.4285714286,63.0,17.0,12.2620203416,891.0
366,6.65991332209,28.5131108678,0.0,100.0,22.6673946381,46.0476190476,73.0,28.0,12.9633182113,967.0
367,45.238935839,34.7873502942,0.0,102.0,12.741642952,43.5238095238,66.0,32.0,8.69263508735,914.0
367,45.2310943023,34.726301659,0.0,101.0,21.2191524506,48.1904761905,80.0,34.0,12.1844944401,1012.0
367,45.1933644096,34.5048910118,0.0,98.0,15.9406967163,43.9523809524,70.0,27.0,10.8833643258,923.0
367,45.2070118468,34.7746632646,0.0,103.0,14.6727981567,42.7142857143,68.0,27.0,10.7663496931,897.0
367,45.2089534549,34.5321661954,0.0,99.0,17.566696167,42.1904761905,76.0,21.0,14.2464699053,886.0
367,45.1966347008,34.5846159694,0.0,100.0,16.4093742371,44.0476190476,61.0,29.0,10.3994047449,925.0
367,45.2307745056,34.865059017,0.0,104.0,16.4201564789,44.0,73.0,28.0,12.0249740124,924.0
368,32.2574515054,23.9540471068,0.0,96.0,12.3971223831,42.4761904762,64.0,31.0,7.78215296444,892.0
368,32.1166229681,23.9044344496,0.0,97.0,17.2507076263,46.8095238095,73.0,26.0,12.5881652659,983.0
368,32.0125339827,23.8818383881,0.0,99.0,13.7521438599,44.380952381,66.0,21.0,10.2785027629,932.0
368,31.8291434572,23.8052467844,0.0,101.0,13.7050447464,43.0952380952,67.0,31.0,9.57029133258,905.0
368,31.9105929781,23.7503258764,0.0,100.0,17.0886974335,47.619047619,74.0,29.0,10.7026921402,1000.0
369,13.1731750635,24.7594751222,0.0,100.0,16.1344795227,44.9047619048,62.0,27.0,8.92134946017,943.0
369,13.1238319241,24.7555525482,0.0,102.0,31.6380310059,56.4761904762,104.0,32.0,18.4027689428,1186.0
369,13.3307346791,24.5782310879,0.0,98.0,13.1276578903,39.8571428571,70.0,24.0,10.1256393096,837.0
369,13.2561361496,24.5717752115,0.0,99.0,12.6549110413,41.5714285714,68.0,26.0,11.6557772309,873.0
369,13.104092956,24.7899584131,0.0,101.0,12.4761857986,44.7142857143,60.0,30.0,8.59152406237,939.0
369,13.1945326668,24.6988435879,0.0,103.0,23.513174057,50.619047619,83.0,35.0,13.6325939956,1063.0
370,24.6680507742,2.20768537091,0.0,98.0,17.0738067627,44.2380952381,69.0,24.0,13.2472818416,929.0
370,24.6369514525,2.22447937439,0.0,99.0,12.3200683594,40.8095238095,59.0,28.0,9.24996782491,857.0
371,25.4875413675,0.424418557468,0.0,101.0,13.5079660416,43.4761904762,62.0,29.0,7.82060769774,913.0
371,25.3936166652,0.503380036597,0.0,103.0,14.4308004379,42.7619047619,75.0,25.0,10.8300727694,898.0
371,25.5107526299,0.461112486018,0.0,100.0,16.2459545135,41.9047619048,63.0,26.0,11.9704000013,880.0
371,25.4024632098,0.511053347062,0.0,102.0,16.4146137238,40.2380952381,66.0,25.0,10.5257054961,845.0
372,36.44268724,0.243648301022,0.0,105.0,12.4793043137,42.4761904762,56.0,31.0,9.06432042471,892.0
372,36.3895363895,0.0,0.0,106.0,16.8043117523,48.619047619,85.0,34.0,14.0302394508,1021.0
372,36.4277003482,0.196492194636,0.0,101.0,15.5903806686,46.0476190476,74.0,22.0,13.9838342041,967.0
372,36.4376413107,0.192520043682,0.0,104.0,12.6095914841,43.5714285714,64.0,26.0,10.2448593381,915.0
372,36.4425298754,0.292565052592,0.0,103.0,19.8803329468,45.2857142857,78.0,24.0,13.6533617001,951.0
372,36.5649882493,0.289562428305,0.0,102.0,15.2590007782,41.619047619,73.0,26.0,11.5865274801,874.0
373,12.8350039766,7.25932566753,0.0,102.0,14.2587537766,41.8095238095,66.0,26.0,9.92783484763,878.0
373,12.8087536363,7.25405725543,0.0,101.0,19.2692966461,47.7619047619,90.0,33.0,11.0041117856,1003.0
374,36.9939553183,19.7277814236,0.0,102.0,24.0410194397,50.1428571429,87.0,25.0,16.0539269784,1053.0
374,36.8220784611,19.6859524182,0.0,105.0,33.9391326904,59.2857142857,104.0,32.0,19.3859300967,1245.0
374,37.0922831351,19.6073924476,0.0,101.0,15.0723381042,43.9047619048,66.0,20.0,12.0536499116,922.0
374,36.719332463,19.8744185171,0.0,104.0,23.3464279175,51.9523809524,81.0,33.0,14.0409265737,1091.0
374,36.8118876301,19.9569654491,0.0,103.0,13.4803361893,40.9523809524,63.0,28.0,9.45238694974,860.0
374,36.7524923362,19.669547955,0.0,106.0,20.969745636,50.8095238095,82.0,37.0,11.5655481825,1067.0
374,36.7142507853,19.7147450538,0.0,107.0,30.4923992157,56.0952380952,100.0,35.0,18.6973387462,1178.0
375,31.8331347498,25.8519065936,0.0,102.0,12.5449590683,45.8571428571,62.0,33.0,7.63731441205,963.0
375,31.7708096584,25.8072624826,0.0,101.0,13.86307621,47.0476190476,66.0,31.0,8.85706605189,988.0
376,14.0526690707,9.61994914006,0.0,102.0,15.0331640244,42.6666666667,74.0,21.0,12.729231451,896.0
376,13.9928257294,9.57141896265,0.0,103.0,14.6664438248,39.619047619,74.0,26.0,10.9200558171,832.0
377,31.3523377727,18.22382329,0.0,110.0,21.4795207977,47.5714285714,77.0,23.0,13.0290883356,999.0
377,31.3698499648,18.2502429358,0.0,109.0,17.2781963348,46.0952380952,64.0,25.0,10.5162006538,968.0
377,31.2775498837,18.4422613139,0.0,102.0,13.6297359467,44.9523809524,66.0,25.0,11.3025492278,944.0
377,31.1502872375,18.4354721585,0.0,104.0,14.9213447571,46.4761904762,69.0,31.0,11.9231667254,976.0
377,31.2642794257,18.3527218267,0.0,105.0,15.2496395111,47.3333333333,77.0,25.0,12.8698614341,994.0
377,31.1745469749,18.3748325457,0.0,103.0,18.6657218933,47.1904761905,74.0,24.0,11.8009281314,991.0
377,31.2347389511,18.3243862052,0.0,106.0,16.7681045532,48.3333333333,70.0,28.0,11.4207413653,1015.0
377,31.4118314068,18.1916827726,0.0,112.0,14.3045749664,42.2380952381,67.0,28.0,10.0095192787,887.0
377,31.4031247843,18.2392713333,0.0,108.0,13.8565683365,43.5238095238,71.0,30.0,10.6612337355,914.0
377,31.3990218127,18.1702230462,0.0,111.0,13.5675678253,41.8571428571,62.0,28.0,9.619177274,879.0
378,26.2792750284,6.04211617152,0.0,104.0,12.0409412384,39.5238095238,56.0,24.0,9.28234371061,830.0
378,26.1980820207,6.04553106503,0.0,103.0,16.4782047272,41.5238095238,72.0,22.0,11.6259152225,872.0
379,4.70633644181,38.1765132603,0.0,105.0,18.168510437,37.4285714286,64.0,17.0,11.4042598557,786.0
379,4.71483142069,38.1607058642,0.0,106.0,12.4834241867,31.5238095238,57.0,15.0,10.8056422651,662.0
379,4.68511435539,38.187087758,0.0,107.0,12.5184383392,33.0952380952,57.0,19.0,9.31077205126,695.0
379,4.68105152052,38.1715302823,0.0,108.0,14.2326087952,35.4761904762,56.0,22.0,9.4953622765,745.0
380,14.5431972679,5.1611549322,0.0,105.0,15.3113975525,45.380952381,68.0,31.0,10.9200558171,953.0
380,14.3705458792,5.05392112993,0.0,106.0,13.7279367447,38.6666666667,68.0,22.0,11.5556623927,812.0
380,14.3263646884,4.99603839325,0.0,107.0,15.0423173904,35.8095238095,70.0,17.0,13.5558808184,752.0
381,2.2015022015,39.4975394975,0.0,104.0,16.4678668976,34.6666666667,62.0,21.0,11.359284015,728.0
381,2.2015022015,39.4975394975,0.0,105.0,16.1522979736,38.0952380952,51.0,26.0,6.90582914576,800.0
381,2.17856811843,39.4143222182,0.0,106.0,14.1264238358,40.8095238095,57.0,22.0,11.7542292287,857.0
381,2.2015022015,39.4975394975,0.0,108.0,18.1714916229,37.6666666667,74.0,18.0,14.2630057608,791.0
381,2.2015022015,39.4975394975,0.0,109.0,23.9168205261,39.9047619048,66.0,20.0,15.2148110797,838.0
382,1.32876711029,9.58437061954,0.0,105.0,17.8565254211,39.2380952381,65.0,20.0,10.4637696931,824.0
382,1.23471494282,9.66056022546,0.0,106.0,14.8530254364,38.2380952381,62.0,24.0,10.0494017827,803.0
383,30.8395703046,25.6898917607,0.0,106.0,13.1711235046,43.4285714286,63.0,33.0,10.2155343892,912.0
383,30.9269159593,25.6162613693,0.0,107.0,12.0454587936,41.3333333333,70.0,27.0,10.451475175,868.0
383,30.9315100391,25.7865637724,0.0,105.0,20.2588119507,48.4761904762,77.0,25.0,13.7135664494,1018.0
384,32.7525914801,16.099963562,0.0,51.0,12.6543779373,40.0476190476,64.0,23.0,11.1779970946,841.0
384,32.7417217934,16.1747059566,0.0,52.0,12.0882358551,38.2857142857,67.0,21.0,10.5505585499,804.0
385,34.7035775203,28.1315502718,0.0,107.0,12.0629053116,47.5238095238,82.0,29.0,12.8826202599,998.0
385,34.6101264376,28.2066398236,0.0,111.0,18.9888629913,51.8571428571,78.0,34.0,12.7956465811,1089.0
385,34.7573797557,28.2654987058,0.0,121.0,14.7709913254,46.619047619,70.0,28.0,10.254151308,979.0
385,34.6117595635,28.1519295947,0.0,115.0,19.6787567139,50.0,73.0,36.0,11.798304963,1050.0
385,34.7087353816,28.1882881945,0.0,109.0,16.6973590851,50.6666666667,76.0,33.0,11.5166546068,1064.0
385,34.7780256114,28.2038125398,0.0,118.0,13.7262563705,44.5714285714,69.0,27.0,9.95274549344,936.0
385,34.612339186,28.1500286962,0.0,112.0,20.6385784149,45.7619047619,70.0,23.0,14.3732555877,961.0
385,34.6782266253,28.151877954,0.0,116.0,23.0524768829,51.3333333333,85.0,33.0,13.3354165039,1078.0
385,34.7968065682,28.3510206713,0.0,120.0,23.2256412506,51.2380952381,80.0,32.0,13.9996598598,1076.0
385,34.6191822605,28.1156135025,0.0,114.0,13.0492773056,44.380952381,57.0,31.0,7.95283716969,932.0
385,34.7820153606,28.1400051041,0.0,108.0,12.963177681,44.0476190476,80.0,29.0,13.1775422233,925.0
385,34.5694022992,28.3612183865,0.0,110.0,16.5887489319,49.8571428571,68.0,32.0,11.4073910877,1047.0
385,34.7220226081,28.1883045183,0.0,117.0,21.7904567719,51.4285714286,78.0,34.0,12.5481928124,1080.0
386,38.4537612632,34.1621580908,0.0,107.0,14.9053382874,44.619047619,70.0,27.0,10.5899772921,937.0
386,38.4520815062,34.1820917665,0.0,108.0,12.0333662033,39.1904761905,66.0,24.0,9.47427594922,823.0
387,37.6237973174,0.779531032046,0.0,107.0,13.5110445023,42.0,60.0,29.0,9.25742944883,882.0
387,37.6506786204,0.805000369995,0.0,108.0,17.5138816833,42.0,67.0,27.0,12.1696343413,882.0
387,37.5951978392,0.842501561825,0.0,109.0,17.2979831696,42.0,71.0,28.0,12.3166553902,882.0
388,45.2392027975,34.7533138784,0.0,112.0,15.9434452057,45.2857142857,75.0,27.0,12.7363372174,951.0
388,45.1952908862,34.8008433557,0.0,113.0,15.3187360764,43.9047619048,70.0,26.0,9.91415534428,922.0
388,45.184697401,34.7489208041,0.0,108.0,19.1499824524,48.0952380952,72.0,34.0,12.4695820375,1010.0
388,45.2593465324,34.8102349331,0.0,114.0,14.2704601288,41.5714285714,79.0,24.0,11.3910992822,873.0
388,45.2505559385,34.8650458985,0.0,107.0,14.0300760269,44.7142857143,67.0,31.0,9.83434215971,939.0
388,45.1915482843,34.8193377563,0.0,111.0,13.5317611694,41.7619047619,64.0,24.0,8.94932825359,877.0
388,45.2235845447,34.8579551058,0.0,115.0,13.6267957687,43.6666666667,67.0,29.0,10.0565070145,917.0
388,45.3118228911,34.7403080991,0.0,109.0,25.6658058167,49.5238095238,100.0,34.0,15.5679769001,1040.0
388,45.2067883077,34.7422697706,0.0,110.0,19.4660739899,47.9047619048,75.0,32.0,10.990472064,1006.0
389,19.6950830263,1.41062379368,0.0,106.0,12.4617643356,38.2857142857,64.0,23.0,9.44533142427,804.0
389,19.7449974312,1.46405337911,0.0,107.0,18.6563148499,45.2857142857,73.0,26.0,14.3043449942,951.0
389,19.7804797186,1.69919750133,0.0,108.0,14.582608223,39.8095238095,55.0,27.0,9.0918592577,836.0
389,19.9201720048,1.59604487577,0.0,110.0,22.3225765228,47.1904761905,73.0,27.0,13.3064610157,991.0
389,19.6965886651,1.68076304548,0.0,109.0,25.0268001556,45.1904761905,91.0,22.0,16.7857649442,949.0
390,13.2130351452,24.7918842315,0.0,108.0,15.2293930054,42.0,65.0,28.0,10.0498756211,882.0
390,12.9670184542,24.8279867321,0.0,109.0,15.4043712616,39.8571428571,69.0,20.0,12.4148528557,837.0
390,13.1972405396,24.6879662382,0.0,107.0,17.257566452,42.3333333333,69.0,28.0,10.9514078243,889.0
391,34.4331831965,28.5141134053,0.0,106.0,15.5065498352,44.3333333333,79.0,33.0,10.822815407,931.0
391,34.5485708579,28.476231576,0.0,107.0,23.1713314056,52.1428571429,84.0,38.0,14.0081608867,1095.0
392,12.98956266,7.28684849593,0.0,106.0,15.218914032,40.3333333333,68.0,26.0,11.6289867716,847.0
392,12.8275506108,7.42433258526,0.0,107.0,12.4877729416,38.8571428571,57.0,23.0,9.619177274,816.0
393,36.7892015155,19.9491849953,0.0,111.0,24.0646572113,51.9047619048,95.0,36.0,14.0139386395,1090.0
393,36.7170454382,19.8726289181,0.0,110.0,14.7956190109,46.9523809524,68.0,24.0,10.4855910204,986.0
393,36.8537625462,19.9228155065,0.0,112.0,29.5639228821,53.1904761905,99.0,32.0,18.1648535574,1117.0
394,25.0343551786,22.6594425229,0.0,111.0,14.9294786453,44.1428571429,73.0,27.0,10.8548869837,927.0
394,24.9546311762,22.6223063062,0.0,112.0,13.9647693634,43.6666666667,67.0,25.0,10.3794669099,917.0
394,25.0408903239,22.6972944523,0.0,110.0,12.2267341614,44.7142857143,68.0,29.0,11.2656240712,939.0
395,27.9358875384,25.3816193496,0.0,111.0,14.4002456665,42.4761904762,70.0,25.0,11.9650284062,892.0
395,27.9272903999,25.3386729678,0.0,110.0,12.0266742706,43.2380952381,61.0,27.0,9.01612312419,908.0
396,12.6184282428,37.3607865901,0.0,113.0,19.6797332764,43.7619047619,71.0,27.0,12.4294197849,919.0
396,12.5403540551,37.4028953093,0.0,112.0,16.8415145874,39.3333333333,69.0,18.0,11.425118526,826.0
396,12.6446918894,37.5635939138,0.0,111.0,14.2415790558,36.7142857143,71.0,24.0,10.58840336,771.0
397,6.12260871087,0.761544498069,0.0,113.0,16.1055488586,36.8571428571,65.0,23.0,10.7391140896,774.0
397,6.10796999363,0.830021544894,0.0,112.0,12.1732225418,35.619047619,54.0,25.0,9.21670326351,748.0
398,24.4302513296,2.21150421674,0.0,114.0,15.9331893921,41.6666666667,66.0,27.0,10.9148217271,875.0
398,24.4064135213,2.14948469138,0.0,117.0,15.2132177353,42.1904761905,68.0,20.0,11.5048643956,886.0
398,24.5887324572,2.14709297988,0.0,118.0,14.8899297714,40.4761904762,64.0,23.0,10.9800685226,850.0
398,24.4469365043,2.20918339317,0.0,115.0,14.2257547379,41.5714285714,68.0,27.0,9.26591295325,873.0
398,24.3082328201,2.25177958336,0.0,113.0,16.9213142395,44.4761904762,72.0,25.0,12.3596887,934.0
398,24.3904450766,2.29230832776,0.0,112.0,14.8541784286,42.3333333333,67.0,29.0,10.451475175,889.0
399,16.3318614154,20.2472362929,0.0,113.0,12.5447845459,41.0952380952,58.0,31.0,7.50269792744,863.0
399,16.3905979862,20.2252398299,0.0,112.0,13.3120326996,41.7142857143,67.0,28.0,9.9556157878,876.0
400,25.0768408185,9.06164120434,0.0,96.0,12.1218109131,41.0952380952,63.0,27.0,9.4916002966,863.0
400,25.0756846558,9.04512685535,0.0,97.0,16.176738739,44.9523809524,73.0,22.0,13.2381123672,944.0
401,37.2073597692,19.9572694539,0.0,97.0,17.5960121155,42.2857142857,79.0,25.0,12.3496674333,888.0
401,37.154403086,19.9756076972,0.0,96.0,15.1565151215,44.3333333333,63.0,30.0,9.37194394634,931.0
402,20.3992282307,32.3939644615,0.0,113.0,12.325922966,40.8571428571,60.0,23.0,9.51465035766,858.0
402,20.4220786394,32.3730925139,0.0,116.0,13.2509088516,39.1428571429,59.0,28.0,8.99047114608,822.0
402,20.4415066498,32.3298487159,0.0,115.0,18.7563285828,46.1428571429,84.0,23.0,12.1708081666,969.0
402,20.4199523049,32.3516703552,0.0,114.0,15.3915529251,41.380952381,63.0,18.0,11.629600984,869.0
403,26.2216742378,6.04126640591,0.0,118.0,17.6041259766,44.9523809524,69.0,30.0,11.4126078986,944.0
403,26.3452182749,5.89434051347,0.0,119.0,16.5178718567,43.7619047619,69.0,26.0,12.9880897822,919.0
403,26.2484443787,6.03890601241,0.0,117.0,12.2201032639,44.0476190476,62.0,28.0,8.37541754467,925.0
403,26.1219724357,5.93483555689,0.0,113.0,12.2541656494,40.0476190476,53.0,23.0,9.05801407857,841.0
403,26.1692028049,6.0283836993,0.0,114.0,20.5684089661,47.4761904762,79.0,33.0,11.9147767399,997.0
403,26.2621735148,6.0146037101,0.0,115.0,14.986035347,47.0476190476,68.0,29.0,10.730685861,988.0
403,26.249101881,6.02553223379,0.0,116.0,16.1591644287,42.1428571429,65.0,27.0,10.5937987251,885.0
404,13.6228990144,24.2182219653,0.0,115.0,14.749707222,41.3333333333,65.0,26.0,9.43044714387,868.0
404,13.5626494688,24.0102677644,0.0,114.0,16.3432750702,41.619047619,71.0,27.0,11.774872358,874.0
404,13.4891712966,23.9193970225,0.0,113.0,26.5394802094,48.7619047619,83.0,28.0,17.0026608562,1024.0
404,13.5761589184,24.2247995224,0.0,116.0,14.9475030899,43.4285714286,65.0,27.0,10.4621767743,912.0
405,24.7712077349,22.0832355905,0.0,114.0,12.8954639435,43.2380952381,65.0,28.0,9.65352143989,908.0
405,24.7385004244,22.1965460494,0.0,113.0,13.9149971008,45.3333333333,64.0,27.0,9.39325999498,952.0
406,27.9987812221,25.3809975891,0.0,114.0,18.0510005951,43.0476190476,71.0,28.0,12.737645742,904.0
406,27.957347562,25.5188569642,0.0,115.0,14.4045982361,43.9047619048,63.0,29.0,9.9544199324,922.0
406,27.966947196,25.4637816304,0.0,116.0,12.9986696243,44.2380952381,67.0,33.0,8.06166708507,929.0
407,6.47541909044,27.0484484176,0.0,128.0,18.3228359222,41.0,66.0,19.0,11.9373363863,861.0
407,6.51106625959,26.8477719855,0.0,121.0,22.409154892,46.1904761905,70.0,26.0,13.8405890323,970.0
407,6.43985972701,27.0797302862,0.0,115.0,15.1787061691,38.7619047619,61.0,19.0,10.6391012868,814.0
407,6.57837317508,27.0015981134,0.0,125.0,26.8684577942,48.6666666667,87.0,27.0,17.5764994619,1022.0
407,6.48050002666,26.9361371808,0.0,118.0,19.8198490143,42.4285714286,67.0,23.0,10.7868968131,891.0
407,6.63745819375,26.9495268269,0.0,124.0,23.0531349182,45.4761904762,82.0,26.0,15.0087276197,955.0
407,6.46344906443,26.826852737,0.0,120.0,13.9810934067,37.7142857143,59.0,16.0,9.96063681269,792.0
407,6.46210284938,26.9412960438,0.0,127.0,16.6007385254,37.6666666667,61.0,17.0,10.9696551146,791.0
407,6.42601375969,26.9550512507,0.0,129.0,15.0774345398,41.5714285714,59.0,25.0,9.50037593241,873.0
407,6.49207173506,26.9603838187,0.0,122.0,19.5500946045,44.380952381,82.0,33.0,11.3555105146,932.0
407,6.52003664799,26.9905590002,0.0,114.0,25.2301616669,47.1428571429,84.0,26.0,16.0539269784,990.0
407,6.55371855045,26.9134570471,0.0,123.0,22.4821338654,46.5238095238,75.0,32.0,13.0752401417,977.0
407,6.4953131734,26.8484127136,0.0,119.0,16.7029953003,42.4761904762,60.0,30.0,10.342238866,892.0
407,6.52926615551,26.9386387488,0.0,126.0,28.9158210754,51.8571428571,90.0,32.0,16.5568285438,1089.0
407,6.46734789917,27.0528278581,0.0,117.0,13.7219362259,38.619047619,60.0,22.0,9.21670326351,811.0
408,25.1610545778,9.03369100835,0.0,114.0,15.4629917145,45.2380952381,62.0,29.0,8.83688158744,950.0
408,25.0934356003,9.00643808736,0.0,115.0,15.5288763046,42.0952380952,78.0,27.0,12.6566376337,884.0
409,36.7110190558,19.8347655011,0.0,115.0,20.8592128754,48.2857142857,74.0,30.0,13.6350388967,1014.0
409,36.5722223928,19.8474826235,0.0,114.0,16.5550289154,47.7619047619,66.0,20.0,11.549479477,1003.0
410,37.7646722655,33.3240819153,0.0,117.0,17.956243515,44.2380952381,75.0,28.0,12.7706881643,929.0
410,37.7075116186,33.4377793652,0.0,118.0,13.5994958878,40.0476190476,66.0,25.0,10.2979424667,841.0
411,21.7524139606,38.4388666016,0.0,117.0,15.6510763168,38.4285714286,68.0,19.0,10.9113309389,807.0
411,21.6671322822,38.6550789593,0.0,118.0,13.8296766281,40.380952381,69.0,18.0,10.9520600367,848.0
412,12.5649678677,37.2031637335,0.0,118.0,13.3484096527,37.1904761905,60.0,18.0,10.2889214577,781.0
412,12.6302030022,37.26474858,0.0,117.0,16.1782455444,40.0476190476,61.0,26.0,11.2936982007,841.0
412,12.6643641397,37.366424549,0.0,116.0,12.1402111053,38.380952381,57.0,22.0,9.01929149366,806.0
413,6.00852792722,20.8207416655,0.0,122.0,21.9110069275,45.3333333333,66.0,20.0,14.0475383371,952.0
413,6.07644877821,20.9634978069,0.0,125.0,12.7500839233,36.619047619,53.0,21.0,9.45767513967,769.0
413,6.13458220451,20.8148252613,0.0,118.0,15.3147239685,41.1904761905,58.0,24.0,10.4862722052,865.0
413,6.10197316334,20.8047956014,0.0,123.0,14.9775505066,38.4761904762,60.0,23.0,10.7871175372,808.0
413,6.09070938038,20.8240389975,0.0,119.0,16.5954875946,40.4761904762,59.0,21.0,11.4132337557,850.0
413,6.09850751223,20.8375001885,0.0,117.0,16.7544822693,39.0952380952,65.0,26.0,11.5321496778,821.0
413,6.11540401654,20.8319958992,0.0,120.0,19.0905189514,41.2380952381,72.0,23.0,12.5056177852,866.0
413,6.12189205536,20.8665972848,0.0,126.0,12.341796875,38.380952381,57.0,29.0,7.89605085138,806.0
413,6.05294964059,20.8667044667,0.0,121.0,18.7267093658,42.2857142857,67.0,24.0,11.1496316403,888.0
414,45.1467804659,34.6558716522,0.0,94.0,12.4559078217,39.7142857143,62.0,26.0,9.60282696472,834.0
414,45.1726752059,34.4296247823,0.0,95.0,12.0417127609,38.3333333333,61.0,25.0,10.3166532041,805.0
415,4.7519432602,38.1716186439,0.0,123.0,12.3400297165,35.7142857143,51.0,24.0,8.36147628797,750.0
415,4.6546440765,38.1767484295,0.0,118.0,12.9788246155,35.1904761905,54.0,17.0,11.4961691342,739.0
415,4.61810046631,38.1729207917,0.0,119.0,13.1723623276,35.9523809524,61.0,25.0,9.65648067609,755.0
415,4.70499692792,38.2232395013,0.0,124.0,12.4100799561,33.7619047619,62.0,22.0,9.50213008701,709.0
415,4.69566801922,38.1809452845,0.0,121.0,13.1428756714,33.1904761905,61.0,19.0,10.7639167946,697.0
415,4.67629532915,38.1948604707,0.0,126.0,15.189661026,36.0476190476,59.0,23.0,10.0969113618,757.0
415,4.69481090539,38.1655490957,0.0,122.0,12.7345399857,37.1904761905,53.0,26.0,6.9109988252,781.0
415,4.65998976561,38.2002200835,0.0,125.0,15.0730676651,35.5238095238,66.0,23.0,9.14122009154,746.0
416,25.6299173962,37.4026921736,0.0,123.0,20.8898410797,44.380952381,68.0,24.0,12.5597619025,932.0
416,25.4068564212,37.4737757598,0.0,118.0,20.2803993225,44.2380952381,77.0,28.0,13.3824689871,929.0
416,25.4710653048,37.4139394057,0.0,119.0,16.9992485046,42.8571428571,70.0,29.0,11.2706952505,900.0
416,25.6058141057,37.477704982,0.0,124.0,21.2195968628,46.0,75.0,25.0,13.5830777072,966.0
416,25.6150477782,37.4096954037,0.0,121.0,20.3661975861,45.2380952381,79.0,19.0,14.2860238062,950.0
416,25.5390899312,37.4908418697,0.0,120.0,23.1315422058,47.8571428571,78.0,24.0,16.0788236954,1005.0
416,25.64910102,37.4394888467,0.0,122.0,15.2161340714,42.5238095238,59.0,29.0,9.92783484763,893.0
417,2.2015022015,39.4975394975,0.0,123.0,15.4865674973,35.8095238095,63.0,23.0,11.4787588511,752.0
417,2.072002072,39.4975394975,0.0,118.0,16.3065261841,34.6666666667,58.0,22.0,11.663332857,728.0
417,2.2015022015,39.4975394975,0.0,119.0,17.6807956696,33.4761904762,62.0,16.0,13.6807128748,703.0
417,2.2015022015,39.4975394975,0.0,121.0,13.8968868256,36.0,54.0,19.0,9.84377976186,756.0
417,2.2015022015,39.4975394975,0.0,122.0,17.1633110046,34.9523809524,55.0,16.0,11.1241907143,734.0
418,29.0402633936,25.6178627923,0.0,121.0,15.8983697891,44.9047619048,68.0,23.0,11.2467984863,943.0
418,28.9775740879,25.748286128,0.0,122.0,13.956287384,45.380952381,70.0,33.0,8.28538587198,953.0
418,28.9819015166,25.5675611443,0.0,118.0,12.7360343933,45.7619047619,61.0,33.0,8.5959569677,961.0
418,29.098359978,25.5310452159,0.0,119.0,15.3595399857,45.9523809524,76.0,30.0,10.2930859827,965.0
418,29.0725278272,25.635990904,0.0,120.0,14.8519086838,45.3333333333,68.0,27.0,10.5324894177,952.0
419,45.9725459725,35.6125356125,0.0,119.0,17.7833976746,42.8571428571,69.0,29.0,11.0194633004,900.0
419,45.9725459725,35.742035742,0.0,120.0,12.1697063446,42.6666666667,55.0,31.0,7.92674796706,896.0
420,4.22478113761,15.4128991458,0.0,119.0,21.0031242371,39.9047619048,75.0,22.0,12.9649711219,838.0
420,4.18267556985,15.3067879049,0.0,120.0,16.6940765381,38.380952381,64.0,24.0,11.3994569628,806.0
421,1.18725511187,14.5151780155,0.0,120.0,13.4656076431,32.2380952381,48.0,16.0,8.72298550901,677.0
421,1.09247467347,14.4693223212,0.0,119.0,12.7176084518,30.7142857143,50.0,18.0,9.79868795882,645.0
422,17.2641212771,20.3100161625,0.0,144.0,24.8384189606,48.7619047619,83.0,27.0,15.4496108751,1024.0
422,16.9537549606,20.2357205677,0.0,137.0,15.4051446915,43.5714285714,67.0,29.0,8.89140837309,915.0
422,17.204457944,20.5825057283,0.0,142.0,18.6614170074,45.6666666667,75.0,28.0,11.8124228393,959.0
422,16.989881554,20.3576829844,0.0,130.0,12.9390039444,41.3333333333,61.0,23.0,8.99073597284,868.0
422,16.9705462932,20.0775145551,0.0,120.0,17.715681076,43.9047619048,69.0,28.0,11.130609875,922.0
422,17.1840190002,20.1260388785,0.0,124.0,23.3955535889,49.5238095238,92.0,25.0,15.9487273712,1040.0
422,17.0675712314,20.2150428654,0.0,139.0,21.6890583038,46.9523809524,76.0,25.0,13.2154310958,986.0
422,17.2557360314,20.20862791,0.0,146.0,15.627866745,43.2380952381,70.0,28.0,10.0940812455,908.0
422,16.9876772419,20.2863805305,0.0,133.0,13.2125864029,43.4761904762,59.0,23.0,9.8367629209,913.0
422,17.0956582687,20.4332019025,0.0,127.0,17.5063686371,43.7142857143,76.0,26.0,11.5807722417,918.0
422,17.1378151023,20.090462573,0.0,122.0,21.4797801971,47.1428571429,72.0,27.0,13.889872981,990.0
422,17.2862477409,20.309073807,0.0,145.0,19.0254669189,48.1904761905,74.0,26.0,11.8811575514,1012.0
422,17.1952535236,20.1232912687,0.0,123.0,16.4976329803,46.8095238095,68.0,31.0,8.73280623637,983.0
422,17.2005083796,20.4599896437,0.0,143.0,19.6046161652,47.9523809524,79.0,33.0,11.3069721432,1007.0
422,16.9693142437,20.3300867513,0.0,135.0,12.4734077454,38.3333333333,55.0,25.0,9.58818717659,805.0
422,16.9130010143,20.1010071988,0.0,119.0,18.657793045,44.7142857143,73.0,28.0,12.6851994748,939.0
422,17.2242402725,20.2684817624,0.0,126.0,24.1474151611,49.5714285714,89.0,28.0,15.9109126972,1041.0
422,17.0432716266,20.4497207612,0.0,140.0,16.2436294556,44.4285714286,63.0,25.0,11.2052283715,933.0
422,17.1154571012,20.2951660899,0.0,131.0,16.6306400299,45.1904761905,66.0,24.0,11.8811575514,949.0
422,16.8790519729,20.2566542878,0.0,134.0,17.3758049011,43.619047619,70.0,29.0,12.2166942766,916.0
422,17.0734513319,20.4110950426,0.0,128.0,22.0761299133,46.8095238095,83.0,26.0,16.3634319372,983.0
422,17.0658071799,20.2120365683,0.0,138.0,18.4006595612,47.6666666667,77.0,36.0,9.90117838105,1001.0
422,17.0362949224,20.0801440901,0.0,121.0,21.60978508,49.0476190476,72.0,27.0,13.1395440959,1030.0
423,13.2366540619,24.6723415627,0.0,121.0,17.2518119812,42.5238095238,67.0,25.0,12.4202216068,893.0
423,13.2755903012,24.6727793106,0.0,122.0,15.5080423355,41.8571428571,68.0,26.0,11.3282201351,879.0
423,13.1964619098,24.6948940762,0.0,119.0,24.5346908569,46.7619047619,81.0,27.0,14.3035127221,982.0
423,13.209238586,24.7012744341,0.0,120.0,15.1508560181,42.5714285714,67.0,28.0,9.52665433702,894.0
424,12.735467689,33.2101870611,0.0,133.0,12.036283493,37.9047619048,58.0,24.0,9.24610600147,796.0
424,12.7268081397,33.0747720759,0.0,132.0,13.0581893921,39.1904761905,61.0,26.0,8.96448017243,823.0
424,12.7286214316,33.0787053752,0.0,126.0,15.7785902023,44.1428571429,71.0,27.0,10.3599503584,927.0
424,12.8292434125,33.063560592,0.0,131.0,14.9740152359,40.1428571429,68.0,23.0,10.4703663464,843.0
424,12.7011864438,33.2721945965,0.0,120.0,14.9851007462,38.0,65.0,25.0,9.74166310237,798.0
424,12.7177904037,33.2404423442,0.0,121.0,13.6345844269,40.8571428571,61.0,27.0,10.1847224522,858.0
424,12.7373327609,33.1468284215,0.0,128.0,24.7855834961,46.5714285714,77.0,23.0,14.3337762944,978.0
424,12.6419315186,33.1434265004,0.0,122.0,12.133928299,38.9523809524,65.0,24.0,9.43650459904,818.0
424,12.7758470182,33.1174544228,0.0,129.0,21.0632858276,45.4761904762,87.0,18.0,15.0752082825,955.0
424,12.8056807304,33.1163887358,0.0,125.0,19.5502967834,45.2857142857,73.0,25.0,13.2821039641,951.0
424,12.6998245842,33.1782998238,0.0,123.0,13.2051849365,41.2380952381,61.0,27.0,8.60758248235,866.0
425,11.5392490662,5.13861784505,0.0,120.0,15.9094009399,39.4285714286,68.0,23.0,11.9145769063,828.0
425,11.4681116464,5.15999974173,0.0,121.0,15.75303936,38.1904761905,68.0,23.0,10.722028948,802.0
426,19.1989466656,1.72678170372,0.0,120.0,15.6160154343,41.7142857143,62.0,21.0,11.5114849483,876.0
426,19.0997080094,1.62474332061,0.0,121.0,15.0935268402,41.9047619048,63.0,29.0,9.64834059258,880.0
426,19.3147655511,1.7802567883,0.0,122.0,19.8400154114,50.380952381,76.0,32.0,12.7297925768,1058.0
427,16.104506334,7.66978058828,0.0,123.0,16.6387138367,41.5238095238,72.0,31.0,10.9709573311,872.0
427,16.0794347908,7.65993610244,0.0,120.0,22.2686424255,47.5714285714,71.0,29.0,12.7576307697,999.0
427,16.0501608115,7.64452882818,0.0,124.0,22.1215744019,42.7142857143,82.0,22.0,15.2057320019,897.0
427,16.1388739226,7.67482792772,0.0,121.0,13.8780879974,39.0476190476,65.0,26.0,10.0671554596,820.0
427,16.0450268833,7.64117658758,0.0,122.0,22.0907039642,41.2857142857,74.0,26.0,14.8530901066,867.0
428,25.2654562591,0.349880496488,0.0,87.0,14.8691015244,44.1904761905,66.0,25.0,10.2597224505,928.0
428,25.2950602198,0.227901530979,0.0,88.0,12.3677597046,40.4285714286,59.0,30.0,9.42110093658,849.0
429,33.2510374622,36.4176108223,0.0,88.0,17.9911346436,44.6666666667,73.0,32.0,11.1728838414,938.0
429,33.1803867898,36.397532347,0.0,87.0,16.3180389404,40.6666666667,72.0,21.0,11.3019172415,854.0
430,34.7070433419,28.2916705176,0.0,126.0,14.0914936066,44.0476190476,63.0,29.0,10.0173658737,925.0
430,34.7042539402,28.3335819153,0.0,127.0,18.0963859558,44.7619047619,72.0,27.0,12.1363287773,940.0
430,34.6042802621,28.3607144533,0.0,129.0,20.94024086,48.0476190476,76.0,32.0,13.5516648072,1009.0
430,34.5871424868,28.4414719273,0.0,128.0,16.6573448181,45.1428571429,64.0,27.0,11.3370442104,948.0
430,34.6901310529,28.3193504092,0.0,125.0,15.5376701355,44.0,60.0,27.0,10.8305124532,924.0
431,45.9725459725,35.742035742,0.0,126.0,13.6991872787,38.7619047619,61.0,24.0,10.2367219455,814.0
431,45.9725459725,35.6125356125,0.0,125.0,12.071893692,36.8571428571,54.0,14.0,10.4177047102,774.0
432,31.3051965055,5.8542588973,0.0,123.0,12.3317337036,40.9523809524,62.0,27.0,8.24303457761,860.0
432,31.3789205723,5.69040963064,0.0,124.0,22.4842453003,47.9523809524,78.0,24.0,15.548235239,1007.0
432,31.2387510501,5.8166625681,0.0,126.0,16.6966171265,42.7142857143,82.0,29.0,11.8707323158,897.0
432,31.1699459738,5.62445360259,0.0,121.0,16.8320560455,41.5714285714,66.0,28.0,11.8472419937,873.0
432,31.2858711621,5.84280419089,0.0,127.0,14.6646995544,41.9047619048,58.0,27.0,8.78011823329,880.0
432,31.2708465821,5.63167429627,0.0,122.0,17.7572727203,45.4761904762,68.0,29.0,12.5643107555,955.0
432,31.344049733,5.74565931359,0.0,125.0,18.7889213562,45.0952380952,70.0,32.0,11.2111763964,947.0
433,34.4820168922,38.6969854482,0.0,174.0,21.7167739868,47.1428571429,79.0,28.0,13.1692282017,990.0
433,34.5305491224,38.7112151619,0.0,184.0,13.6877555847,40.6666666667,63.0,24.0,10.2241544068,854.0
433,34.4958221647,38.7415750705,0.0,151.0,19.2549800873,45.2857142857,78.0,29.0,12.6140511222,951.0
433,34.3896636099,38.7740055129,0.0,165.0,17.3330478668,46.5238095238,75.0,19.0,12.2662914021,977.0
433,34.508776769,38.7734877274,0.0,157.0,16.4801750183,42.619047619,74.0,25.0,12.5398412688,895.0
433,34.4598851506,38.7109173938,0.0,142.0,19.4476203918,44.9047619048,76.0,29.0,12.7902492622,943.0
433,34.455642656,38.7455354878,0.0,175.0,19.1271343231,45.0,76.0,25.0,12.2474487139,945.0
433,34.4765605714,38.824145401,0.0,141.0,22.5210475922,48.0952380952,77.0,26.0,13.8163119605,1010.0
433,34.7478702839,39.0527062652,0.0,124.0,13.6974906921,43.0,59.0,25.0,8.84307638777,903.0
433,34.4753615502,38.7507890526,0.0,152.0,19.1245880127,45.5238095238,76.0,32.0,11.8769484617,956.0
433,34.4794762133,38.7971198258,0.0,166.0,14.3543434143,44.4761904762,66.0,30.0,9.47427594922,934.0
433,34.7855088486,38.9807913687,0.0,132.0,20.8272647858,47.8095238095,78.0,26.0,12.5961067303,1004.0
433,34.457895388,38.7814707085,0.0,159.0,20.7486286163,48.5714285714,87.0,31.0,15.1181064574,1020.0
433,34.4727357932,38.7298838643,0.0,143.0,12.6562643051,41.1904761905,63.0,31.0,9.11383041108,865.0
433,34.4481578102,38.7048100331,0.0,176.0,17.5680866241,45.7142857143,74.0,23.0,12.0421877462,960.0
433,34.4530224107,38.6855343089,0.0,186.0,18.901424408,44.4285714286,71.0,25.0,12.1596522507,933.0
433,34.6099082525,39.1049852706,0.0,134.0,18.3887863159,42.8571428571,76.0,29.0,12.1048986542,900.0
433,34.7796364396,38.9850074051,0.0,126.0,14.2698783875,39.7142857143,62.0,22.0,11.3540427036,834.0
433,34.5948389077,38.8083325024,0.0,144.0,15.107465744,41.9523809524,70.0,26.0,11.5389609172,881.0
433,34.4856444814,38.7336960465,0.0,168.0,18.7946929932,46.8095238095,77.0,30.0,12.4121676093,983.0
433,34.4391009796,38.6324699669,0.0,187.0,17.34948349,42.2857142857,65.0,24.0,11.879153409,888.0
433,34.4882213573,38.7500503955,0.0,177.0,15.576505661,44.2857142857,68.0,34.0,8.91146933532,930.0
433,34.4658571618,38.8044830403,0.0,160.0,16.5506629944,40.7619047619,66.0,24.0,12.2756049216,856.0
433,34.5510000381,38.741730782,0.0,153.0,20.7624511719,46.9047619048,74.0,30.0,12.4495171067,985.0
433,34.4917100647,38.7470338289,0.0,178.0,15.0149736404,45.4761904762,66.0,31.0,9.11931492832,955.0
433,34.4734660881,38.671930479,0.0,188.0,15.0933828354,44.2380952381,64.0,21.0,10.563639344,929.0
433,34.7619009556,39.0620081181,0.0,127.0,16.2541828156,43.9523809524,77.0,27.0,12.583625036,923.0
433,34.7593243326,38.9969256879,0.0,133.0,15.3372116089,42.4285714286,70.0,27.0,10.6844346063,891.0
433,34.6072770522,38.8178017103,0.0,145.0,13.0766324997,40.0476190476,66.0,24.0,10.2833661341,841.0
433,34.4180403091,38.756436169,0.0,169.0,12.8089027405,44.8571428571,62.0,31.0,9.45666809339,942.0
433,34.6809824311,39.1150919302,0.0,135.0,18.6001930237,44.1428571429,72.0,30.0,11.468590647,927.0
433,34.5059830916,38.776112081,0.0,154.0,14.4359750748,43.9523809524,68.0,28.0,11.3555105146,923.0
433,34.4646587173,38.6767408616,0.0,189.0,16.2167739868,42.7142857143,71.0,23.0,11.8875685367,897.0
433,34.4629520316,38.72959237,0.0,179.0,16.2213306427,47.0952380952,66.0,34.0,8.93814724596,989.0
433,34.4479352928,38.7458539621,0.0,161.0,23.6020412445,48.0952380952,78.0,31.0,13.6927161729,1010.0
433,34.5515461419,38.8087195268,0.0,147.0,20.9035148621,44.619047619,84.0,31.0,13.5737842567,937.0
433,34.4794689896,38.7296499731,0.0,170.0,14.7792100906,43.3333333333,60.0,20.0,10.6645831298,910.0
433,34.37389159,38.6753870722,0.0,191.0,15.7591562271,43.6666666667,65.0,29.0,11.4992753395,917.0
433,34.5817974566,38.9856226213,0.0,137.0,20.438955307,46.2857142857,72.0,25.0,12.4062196383,972.0
433,34.5017903149,38.7975137945,0.0,155.0,16.3946018219,45.380952381,70.0,28.0,10.8603691948,953.0
433,34.4919721592,38.6738210153,0.0,180.0,20.7762317657,46.7619047619,81.0,31.0,13.2661402145,982.0
433,34.4466632815,38.7119199385,0.0,171.0,22.3868923187,46.1904761905,78.0,22.0,14.3095040013,970.0
433,34.3838287551,38.6908548694,0.0,190.0,18.3436717987,47.619047619,76.0,33.0,10.9566244367,1000.0
433,34.4474310578,38.786730548,0.0,162.0,22.20429039,46.9047619048,79.0,26.0,14.5564582296,985.0
433,34.6083399299,38.8095441237,0.0,148.0,16.697227478,45.4285714286,69.0,28.0,10.9067475838,954.0
433,34.6269796975,39.0260304964,0.0,136.0,23.7395133972,51.1904761905,80.0,33.0,14.4312821593,1075.0
433,34.4552131103,38.7703848981,0.0,163.0,19.6200618744,45.7142857143,75.0,31.0,12.7363372174,960.0
433,34.7477053586,39.0441596976,0.0,129.0,17.4807434082,44.1428571429,68.0,23.0,13.1578330826,927.0
433,34.4789942434,38.6629234185,0.0,181.0,14.7137365341,42.6666666667,73.0,29.0,12.55919318,896.0
433,34.5200799685,38.7366668392,0.0,172.0,20.2303333282,47.1428571429,70.0,21.0,13.7050564183,990.0
433,34.4076160643,38.6521156933,0.0,192.0,15.2519016266,43.6666666667,67.0,29.0,10.451475175,917.0
433,34.527467494,38.9714434177,0.0,138.0,15.3463973999,44.9047619048,81.0,26.0,11.1799139617,943.0
433,34.4623652838,38.7636744513,0.0,150.0,15.7275562286,43.0,60.0,26.0,10.7051389529,903.0
433,34.5766751479,38.72035777,0.0,156.0,20.1032066345,43.2857142857,84.0,27.0,12.5464849944,909.0
433,34.442653307,38.7845633647,0.0,164.0,22.4128093719,46.4285714286,84.0,22.0,15.3934123201,975.0
433,34.4847528997,38.7008716254,0.0,182.0,17.0228481293,42.6666666667,72.0,31.0,11.1952370825,896.0
433,34.7083317325,39.0535645563,0.0,125.0,19.3363571167,45.9523809524,70.0,29.0,13.0172047325,965.0
433,34.4100374093,38.6891491621,0.0,193.0,21.8669681549,47.7619047619,86.0,29.0,13.6707891576,1003.0
433,34.7808118657,38.9542040135,0.0,130.0,18.8051052094,43.619047619,72.0,26.0,13.0018313728,916.0
433,34.6011154584,38.7845597898,0.0,139.0,15.4523572922,43.3333333333,60.0,29.0,9.70738550452,910.0
433,34.5887830622,38.79598425,0.0,149.0,12.4139604568,40.619047619,60.0,27.0,9.66683086888,853.0
433,34.4682112725,38.726896394,0.0,173.0,18.5790996552,43.7142857143,69.0,28.0,10.3011788507,918.0
433,34.454624422,38.6989053103,0.0,194.0,13.4636220932,41.619047619,64.0,26.0,11.2715402252,874.0
433,34.4709659231,38.7414473718,0.0,167.0,17.5819625854,41.6666666667,70.0,24.0,11.8715345821,875.0
433,34.4381369572,38.747730884,0.0,158.0,14.6609954834,40.6666666667,66.0,28.0,9.94652368083,854.0
433,34.4804341928,38.7101276769,0.0,183.0,19.1100387573,43.7142857143,73.0,26.0,13.130662044,918.0
434,24.4778393922,2.10480049059,0.0,123.0,21.7220172882,44.4285714286,88.0,29.0,15.4161325519,933.0
434,24.3454513222,2.18325079608,0.0,124.0,14.9315195084,39.4761904762,65.0,24.0,10.8379843496,829.0
434,24.4550959312,1.98518689753,0.0,122.0,17.2564659119,43.5238095238,74.0,25.0,10.998268262,914.0
435,11.4296338847,7.24353419966,0.0,123.0,15.5881080627,37.5238095238,71.0,14.0,12.1475061129,788.0
435,11.4683163496,7.25699046668,0.0,124.0,12.3714723587,39.0476190476,52.0,26.0,8.39926300622,820.0
435,11.4679677346,7.22797732403,0.0,122.0,14.9535665512,38.3333333333,68.0,24.0,10.753294069,805.0
436,30.9795639904,25.6377418769,0.0,122.0,16.6056194305,45.9523809524,70.0,27.0,11.0203275381,965.0
436,30.9768664231,25.6525537014,0.0,123.0,21.6104335785,49.7142857143,85.0,33.0,12.4102492205,1044.0
436,31.0558901373,25.6445957184,0.0,124.0,17.7211818695,44.4761904762,80.0,29.0,12.0483154325,934.0
437,20.2890628381,32.3119024419,0.0,131.0,13.983464241,41.5238095238,69.0,23.0,10.7499723145,872.0
437,20.2892215198,32.2261380994,0.0,138.0,18.8642349243,45.5238095238,80.0,28.0,12.2540566655,956.0
437,20.3086724454,32.3246852939,0.0,128.0,15.6048707962,41.9523809524,62.0,22.0,11.8721362462,881.0
437,20.2590192974,32.2774683187,0.0,130.0,21.2772293091,46.0476190476,75.0,31.0,13.8545161968,967.0
437,20.3292887552,32.3522861936,0.0,125.0,12.2800502777,39.9047619048,60.0,25.0,9.55460497302,838.0
437,20.2996498385,32.2803544929,0.0,137.0,22.8554077148,46.380952381,75.0,26.0,15.7875779981,974.0
437,20.2635948061,32.1824693666,0.0,142.0,19.9404010773,46.4761904762,83.0,31.0,14.9720374286,976.0
437,20.2612445847,32.3602500969,0.0,124.0,19.9804611206,46.5238095238,71.0,29.0,12.8787384771,977.0
437,20.3048696072,32.252753897,0.0,133.0,16.459980011,43.380952381,65.0,27.0,9.45767513967,911.0
437,20.384894186,32.3567119319,0.0,139.0,15.3285665512,43.8571428571,67.0,29.0,9.71228971091,921.0
437,20.2186947143,32.2489643728,0.0,132.0,29.5179405212,51.7142857143,96.0,32.0,16.2177151817,1086.0
437,20.3072273573,32.2604068099,0.0,127.0,25.0860977173,47.5714285714,89.0,30.0,15.0318709034,999.0
437,20.2041119643,32.2709785635,0.0,141.0,16.8200283051,41.4761904762,69.0,24.0,11.6688433344,871.0
437,20.335431866,32.2780515048,0.0,122.0,17.6358985901,42.380952381,65.0,27.0,10.8373252718,890.0
437,20.353242584,32.2044392467,0.0,129.0,26.6604557037,48.2380952381,87.0,21.0,17.2305100386,1013.0
437,20.1878625279,32.2688411597,0.0,136.0,12.5819797516,41.8095238095,60.0,27.0,8.23783374207,878.0
437,20.2766737982,32.3290383374,0.0,123.0,16.4372787476,42.2380952381,69.0,26.0,12.2552224048,887.0
437,20.2586619469,32.1837689713,0.0,134.0,23.7352733612,49.6666666667,80.0,22.0,15.4412866476,1043.0
437,20.2338880094,32.26036029,0.0,135.0,12.5374393463,39.5238095238,59.0,25.0,10.2694646775,830.0
437,20.2946772469,32.3396279288,0.0,140.0,17.665304184,42.9523809524,75.0,24.0,13.2002885971,902.0
438,12.5306905544,37.3327613385,0.0,124.0,20.5468406677,42.2857142857,69.0,24.0,12.0753586164,888.0
438,12.6450666198,37.4666588022,0.0,122.0,13.9490232468,39.9047619048,57.0,26.0,9.51790293029,838.0
438,12.5735118944,37.3643404171,0.0,123.0,12.0146207809,35.7619047619,70.0,23.0,10.3436200718,751.0
439,39.6028779561,28.7383779818,0.0,126.0,15.9319858551,45.619047619,65.0,32.0,9.88168098289,958.0
439,39.559033036,28.7530726679,0.0,127.0,13.3468160629,41.380952381,63.0,21.0,10.2150682351,869.0
439,39.3307551071,28.8346537614,0.0,128.0,13.8000583649,42.5238095238,68.0,31.0,10.342238866,893.0
439,39.2810967701,28.8322360032,0.0,129.0,18.5162200928,47.619047619,77.0,32.0,11.9393307621,1000.0
439,39.3313081135,28.8321894829,0.0,130.0,22.51080513,48.7619047619,89.0,26.0,15.848989753,1024.0
440,37.7401889103,33.3324951058,0.0,126.0,13.008061409,41.0952380952,65.0,28.0,9.85344996387,863.0
440,37.6762406048,33.5498769067,0.0,127.0,16.501121521,44.9523809524,68.0,28.0,10.8649721144,944.0
440,37.7435025309,33.6103000498,0.0,131.0,12.9042930603,43.1428571429,73.0,25.0,12.2159146783,906.0
440,37.7530906298,33.6308346801,0.0,129.0,12.9156160355,40.6666666667,72.0,23.0,11.1100555054,854.0
440,37.8158128011,33.5457414358,0.0,130.0,16.794095993,44.9523809524,68.0,33.0,10.1463106126,944.0
441,45.1047802668,34.6179331251,0.0,132.0,13.1216754913,42.1904761905,62.0,23.0,10.8195149966,886.0
441,45.2661817278,34.698312042,0.0,126.0,19.3390808105,47.2857142857,79.0,23.0,13.4020254333,993.0
441,45.2633960239,34.7071868434,0.0,127.0,16.9832820892,44.5714285714,71.0,27.0,11.6772061238,936.0
441,45.0584189272,34.6136917119,0.0,131.0,13.0021409988,40.7619047619,64.0,20.0,9.74117427164,856.0
441,45.2435098476,34.7549704285,0.0,128.0,15.195233345,45.9523809524,67.0,33.0,9.67716999167,965.0
441,45.2216224741,34.7227349874,0.0,129.0,18.6069774628,47.9047619048,72.0,25.0,11.8613016229,1006.0
441,45.2288858576,34.707322989,0.0,130.0,18.6315917969,48.4285714286,76.0,33.0,10.4382538222,1017.0
442,31.8963553339,23.7636800318,0.0,129.0,14.351890564,44.5714285714,75.0,30.0,10.9524948234,936.0
442,31.9481014334,24.0002869826,0.0,127.0,20.629404068,47.1428571429,85.0,30.0,14.6023481478,990.0
442,31.945775971,23.8575684025,0.0,128.0,12.147936821,44.5714285714,66.0,28.0,9.7702171346,936.0
442,31.8676704741,23.8498728967,0.0,126.0,17.1687450409,47.7142857143,72.0,28.0,11.0550570199,1002.0
443,27.3056136347,27.2077930673,0.0,78.0,15.3952445984,42.0,67.0,27.0,9.98498873309,882.0
443,27.2218889116,27.3215974999,0.0,79.0,12.2064371109,41.8095238095,58.0,31.0,7.24995894898,878.0
444,30.044030044,0.0,0.0,128.0,13.5512104034,38.0952380952,55.0,21.0,9.71032832558,800.0
444,30.1735301735,0.0,0.0,127.0,13.1834430695,38.1904761905,51.0,21.0,9.20119039918,802.0
445,13.2193122401,7.12467533231,0.0,125.0,17.0669021606,40.1904761905,80.0,25.0,11.864312233,844.0
445,13.2002784502,7.20326667049,0.0,130.0,16.491476059,41.1904761905,75.0,23.0,12.1516214869,865.0
445,13.2621243961,7.21144948972,0.0,124.0,14.4914875031,41.0,71.0,25.0,11.5801554394,861.0
445,13.2184110232,7.20054235543,0.0,127.0,19.8188934326,43.8571428571,63.0,23.0,12.1831265047,921.0
445,13.1335673326,7.18157462744,0.0,128.0,16.7330722809,45.0952380952,77.0,29.0,12.0495010764,947.0
445,13.1964912525,7.20505286621,0.0,129.0,13.7594890594,36.3333333333,57.0,21.0,10.7718769643,763.0
446,38.2854411842,15.7639056968,0.0,127.0,13.2375268936,43.8095238095,62.0,23.0,9.9076689873,920.0
446,38.3126666539,15.8182256141,0.0,129.0,15.2711448669,41.4761904762,78.0,28.0,11.4088520352,871.0
446,38.2677246297,15.7900474003,0.0,128.0,19.5680904388,45.6666666667,76.0,22.0,14.118545723,959.0
447,18.8695514534,11.9953628815,0.0,128.0,17.7043037415,46.4761904762,78.0,30.0,11.8136321579,976.0
447,18.8864980955,11.8379922183,0.0,127.0,12.115978241,41.619047619,63.0,30.0,8.49397545603,874.0
448,25.6661429044,21.7365877604,0.0,128.0,13.0751867294,43.5238095238,70.0,29.0,10.0579274586,914.0
448,25.6872666924,21.7151719706,0.0,127.0,16.3195056915,46.0,77.0,33.0,12.549900398,966.0
449,24.7493360222,22.3842178339,0.0,79.0,19.4080562592,47.6666666667,83.0,30.0,13.2337951221,1001.0
449,24.6404433842,22.2625400388,0.0,80.0,12.4605493546,44.5714285714,59.0,26.0,8.29199269519,936.0
450,34.7427701124,28.2606746051,0.0,80.0,17.651889801,48.0476190476,70.0,29.0,11.8172593713,1009.0
450,34.7559197298,28.2553161374,0.0,79.0,24.8547019958,53.380952381,89.0,31.0,15.0979342643,1121.0
451,22.6085506288,1.45929653815,0.0,80.0,20.0100746155,48.0,75.0,29.0,12.1202310209,1008.0
451,22.6234727945,1.40555293996,0.0,79.0,16.0434703827,44.2380952381,72.0,28.0,10.9677014999,929.0
452,6.13633437029,20.6259256072,0.0,128.0,13.6824798584,40.1904761905,61.0,25.0,10.2645947198,844.0
452,6.13315183242,20.7205302874,0.0,129.0,17.4732646942,38.5238095238,71.0,24.0,12.3029226106,809.0
453,26.7261064244,33.3267511405,0.0,133.0,17.7646198273,43.380952381,79.0,22.0,13.9981291267,911.0
453,26.6928683081,33.359612544,0.0,134.0,14.7237615585,41.4761904762,77.0,22.0,12.1967989555,871.0
453,26.6699793246,33.2143270184,0.0,131.0,28.8136005402,55.0,94.0,32.0,17.6521953309,1155.0
453,26.6528890011,33.2929294687,0.0,132.0,22.8788414001,44.7619047619,94.0,28.0,15.3228742797,940.0
453,26.7912032148,33.2085111188,0.0,129.0,15.5852098465,46.2380952381,65.0,29.0,9.76168408578,971.0
453,26.8939176465,33.2577926111,0.0,128.0,13.2106237411,40.9523809524,59.0,28.0,10.1610835568,860.0
453,26.6491844732,33.1410058356,0.0,130.0,28.9624423981,53.380952381,93.0,30.0,15.8980382138,1121.0
454,2.331002331,39.4975394975,0.0,129.0,18.3412971497,38.6666666667,61.0,26.0,10.2972488235,812.0
454,2.331002331,39.4975394975,0.0,130.0,22.1514873505,42.7142857143,70.0,28.0,13.1039797662,897.0
454,2.331002331,39.4975394975,0.0,131.0,12.7597799301,33.4285714286,55.0,17.0,8.0347459734,702.0
454,2.331002331,39.4975394975,0.0,128.0,14.8298339844,39.0,57.0,28.0,8.67179335547,819.0
455,35.4433017908,14.3622144878,0.0,130.0,17.8559608459,43.5238095238,81.0,27.0,13.0828859493,914.0
455,35.3720260121,14.3545330995,0.0,131.0,15.6616706848,43.1428571429,67.0,22.0,11.8713340206,906.0
455,35.3686902536,14.3702141661,0.0,133.0,17.3908805847,46.4285714286,68.0,29.0,10.4860451485,975.0
455,35.3820987742,14.2830199813,0.0,134.0,15.0457191467,42.9047619048,77.0,26.0,11.6056226111,901.0
455,35.3622775043,14.3775085464,0.0,128.0,21.445514679,48.619047619,87.0,27.0,12.6943932131,1021.0
455,35.3632843446,14.3538106497,0.0,129.0,13.4583997726,42.2380952381,58.0,28.0,9.06589632582,887.0
455,35.3938851123,14.3655199958,0.0,132.0,16.1176891327,46.0,71.0,30.0,10.0448992031,966.0
456,19.4256119766,1.82201782355,0.0,130.0,12.1469974518,39.9523809524,59.0,29.0,7.5728210759,839.0
456,19.5595794114,1.62549359771,0.0,129.0,12.478811264,42.0,63.0,30.0,8.19756061277,882.0
457,28.767694137,25.5668199086,0.0,132.0,20.2516975403,50.2857142857,78.0,32.0,12.1373096572,1056.0
457,28.8628510066,25.7539836749,0.0,129.0,19.127204895,46.6666666667,73.0,31.0,12.4512382249,980.0
457,28.7225194793,25.622424942,0.0,130.0,21.1989917755,53.0476190476,72.0,36.0,11.0971896914,1114.0
457,28.6634671886,25.554329026,0.0,133.0,16.3837432861,44.7142857143,65.0,24.0,11.4984471001,939.0
457,28.558496121,25.4851930786,0.0,134.0,12.2870044708,40.7619047619,70.0,28.0,10.1828520656,856.0
457,28.7743865737,25.6315470201,0.0,131.0,22.1832180023,48.9523809524,82.0,27.0,13.3246995856,1028.0
458,45.9725459725,27.0655270655,0.0,132.0,15.6418104172,42.4285714286,77.0,29.0,13.5039676709,891.0
458,45.9725459725,27.0655270655,0.0,129.0,16.0423336029,43.619047619,68.0,32.0,10.5473986863,916.0
458,45.9725459725,27.0655270655,0.0,130.0,14.8202104568,39.3333333333,62.0,21.0,11.4557118213,826.0
458,45.9725459725,27.0655270655,0.0,131.0,14.5144987106,38.8571428571,67.0,19.0,9.98641934973,816.0
459,12.8983208823,34.5643096398,0.0,129.0,16.478603363,41.4761904762,64.0,26.0,10.9023806924,871.0
459,12.8685854905,34.5706796294,0.0,130.0,13.1471815109,36.9047619048,54.0,25.0,9.36965720774,775.0
460,29.3331163004,37.1119384324,0.0,130.0,14.5113859177,42.0952380952,66.0,23.0,11.0585024389,884.0
460,29.3806162841,37.1130077695,0.0,132.0,13.5615224838,39.619047619,72.0,19.0,10.7586067429,832.0
460,29.4444292484,37.1032178121,0.0,133.0,16.6117916107,45.7619047619,72.0,29.0,11.6185401919,961.0
460,29.4189561547,37.0787776282,0.0,131.0,13.2628765106,42.5714285714,55.0,27.0,8.98093218197,894.0
460,29.3190747809,37.230630819,0.0,129.0,18.7588939667,45.5238095238,76.0,23.0,13.3402363083,956.0
461,4.65321286743,38.1692213232,0.0,140.0,24.2093849182,43.3333333333,89.0,26.0,15.6567344403,910.0
461,4.66034077462,38.1924736831,0.0,134.0,14.6485052109,38.0,63.0,23.0,10.0697567001,798.0
461,4.67333582994,38.1974583461,0.0,130.0,16.6577320099,36.4285714286,55.0,23.0,9.54238664366,765.0
461,4.60251917048,38.2027825652,0.0,139.0,17.6409244537,39.3333333333,65.0,22.0,10.5561988108,826.0
461,4.62230562142,38.2008480901,0.0,132.0,13.5257949829,35.0,54.0,20.0,9.88938825206,735.0
461,4.70316629197,38.1603118275,0.0,133.0,14.5676059723,34.9047619048,59.0,20.0,10.6859943941,733.0
461,4.6645027631,38.1787797898,0.0,131.0,17.4421405792,36.8571428571,61.0,18.0,10.6877767299,774.0
461,4.59087152757,38.1762812699,0.0,136.0,17.7449359894,38.1428571429,68.0,20.0,12.211820971,801.0
461,4.6923812896,38.1451726142,0.0,137.0,15.7714033127,37.2857142857,74.0,25.0,11.6839328017,783.0
462,24.3527135518,2.04686008854,0.0,133.0,13.7465629578,38.0,70.0,22.0,10.3778610513,798.0
462,24.2033722179,2.08274637073,0.0,131.0,19.2530269623,44.8095238095,84.0,30.0,13.1476957967,941.0
462,24.2503820752,1.94253950053,0.0,132.0,12.2470445633,40.0,57.0,22.0,9.088454214,840.0
463,35.3417832727,20.3279125926,0.0,131.0,16.8526992798,45.7142857143,68.0,31.0,10.3640863425,960.0
463,35.2692845065,20.3151086294,0.0,132.0,13.084980011,44.1904761905,62.0,29.0,8.93654881718,928.0
464,12.9044239821,34.4821425829,0.0,134.0,17.2908916473,41.2857142857,72.0,27.0,12.4825592614,867.0
464,12.8091356277,34.415176609,0.0,135.0,22.4507217407,44.0476190476,71.0,28.0,13.3021659532,925.0
464,12.9568008162,34.524454826,0.0,133.0,18.0611667633,41.5238095238,70.0,23.0,11.7839681246,872.0
464,12.8292489564,34.3926799203,0.0,136.0,22.5292682648,46.380952381,86.0,25.0,14.7732061194,974.0
464,12.864868918,34.48462315,0.0,137.0,20.0583992004,41.4285714286,74.0,21.0,13.2535709474,870.0
465,39.333814908,28.7438915744,0.0,133.0,19.9108791351,49.4761904762,86.0,35.0,12.1721774865,1039.0
465,39.3720774866,28.844882206,0.0,134.0,14.0554246902,44.1428571429,64.0,29.0,8.79935062539,927.0
466,36.9726164302,27.9516377194,0.0,136.0,21.3969726562,48.2380952381,92.0,25.0,14.9295169443,1013.0
466,36.8498866835,27.8682412868,0.0,135.0,14.6604261398,44.5714285714,69.0,29.0,10.3081105377,936.0
467,45.9725459725,27.0655270655,0.0,136.0,13.8909597397,40.3333333333,66.0,20.0,13.6540592255,847.0
467,45.9725459725,27.0655270655,0.0,135.0,12.436167717,41.8571428571,57.0,31.0,7.6110821457,879.0
468,34.4960933904,28.2049071415,0.0,139.0,12.9068069458,43.8095238095,62.0,27.0,9.0753459858,920.0
468,34.5819163634,28.1414290176,0.0,141.0,12.7382659912,40.6666666667,70.0,26.0,9.66609193694,854.0
468,34.4775883895,28.314883637,0.0,138.0,17.0394229889,44.9047619048,70.0,27.0,12.2307185476,943.0
468,34.5273324479,28.2310944395,0.0,136.0,17.2306346893,50.4761904762,75.0,36.0,10.35673234,1060.0
468,34.5154948303,28.1418879341,0.0,142.0,13.6508617401,44.9523809524,64.0,25.0,11.5172748099,944.0
468,34.495062838,28.2350333432,0.0,137.0,17.6155738831,45.9047619048,78.0,31.0,11.0585024389,964.0
468,34.4955967766,28.1926453909,0.0,143.0,14.1803760529,45.9523809524,63.0,31.0,8.63988536079,965.0
468,34.5919934043,28.3022090223,0.0,135.0,14.8776578903,46.4761904762,67.0,28.0,9.9076689873,976.0
469,6.19243879632,0.668316398968,0.0,76.0,13.4203977585,32.5238095238,55.0,20.0,10.35673234,683.0
469,6.14572183663,0.545654515887,0.0,77.0,14.0846815109,35.619047619,53.0,15.0,10.9063109734,748.0
470,12.8179522461,6.72305108649,0.0,76.0,14.1247138977,40.1428571429,65.0,24.0,10.1157585691,843.0
470,12.7993202567,6.77233479143,0.0,77.0,15.6351051331,39.5238095238,64.0,22.0,11.7158825857,830.0
471,24.2659495006,1.98597345123,0.0,137.0,12.7441015244,40.9523809524,59.0,27.0,8.78906246693,860.0
471,24.2626645492,2.00817515805,0.0,138.0,13.0509929657,40.1904761905,58.0,28.0,9.14668818545,844.0
472,39.8660020656,22.5744624218,0.0,138.0,20.728269577,48.6666666667,80.0,32.0,13.5658885936,1022.0
472,39.7180096714,22.6400214014,0.0,136.0,12.1588544846,42.4285714286,62.0,28.0,9.14642787416,891.0
472,39.8399330861,22.6219756988,0.0,137.0,14.1795902252,41.1428571429,67.0,28.0,10.9420551739,864.0
472,39.7679884596,22.6159659429,0.0,139.0,13.1597032547,45.4761904762,62.0,31.0,9.46371516699,955.0
473,37.521848804,33.526145967,0.0,139.0,12.2586555481,43.2857142857,58.0,30.0,8.11260042861,909.0
473,37.5577170898,33.6525701225,0.0,138.0,14.460360527,41.0,61.0,25.0,10.5877287461,861.0
474,19.4412882084,1.74183549626,0.0,139.0,13.1412563324,39.2380952381,61.0,26.0,9.54937046043,824.0
474,19.2965832937,1.56565478696,0.0,138.0,12.5190382004,40.0,54.0,25.0,9.08295106229,840.0
475,35.4247750057,15.7772956819,0.0,140.0,13.4616413116,44.7619047619,67.0,32.0,10.8208352816,940.0
475,35.4195742365,15.7373744744,0.0,139.0,21.5748558044,50.1428571429,91.0,30.0,14.708112436,1053.0
476,25.6672927976,21.6845550065,0.0,139.0,20.3452968597,48.7619047619,85.0,33.0,13.1829615865,1024.0
476,25.6909815274,21.7289478185,0.0,140.0,14.9500198364,45.2857142857,66.0,28.0,9.87999421631,951.0
477,18.9343975625,18.3369444587,0.0,136.0,16.0537643433,42.1904761905,64.0,25.0,11.5568985789,886.0
477,18.9910584493,18.302968011,0.0,137.0,15.4560852051,42.8095238095,70.0,24.0,12.5164653462,899.0
478,15.9324547405,18.8288405835,0.0,136.0,20.0571842194,44.2380952381,76.0,30.0,13.3675157075,929.0
478,15.9490602388,18.8115468267,0.0,137.0,21.6084651947,47.8571428571,70.0,32.0,11.2706952505,1005.0
479,35.2165145406,20.178930374,0.0,144.0,28.9348239899,55.9523809524,103.0,34.0,16.7465703667,1175.0
479,35.1418001511,20.0136632915,0.0,147.0,32.4599609375,58.7142857143,92.0,33.0,19.2902640136,1233.0
479,35.1071317376,20.1097895526,0.0,157.0,13.6048145294,45.0952380952,66.0,29.0,9.89396160244,947.0
479,35.2779923356,20.199759103,0.0,142.0,29.0911064148,55.8571428571,96.0,32.0,16.6141076025,1173.0
479,35.0429104417,20.0296812733,0.0,160.0,15.5379371643,45.2380952381,77.0,28.0,11.170965768,950.0
479,35.110933823,20.105259541,0.0,155.0,24.0843544006,49.2380952381,78.0,31.0,14.9830062468,1034.0
479,35.2226545703,19.9884678042,0.0,146.0,26.5276508331,53.619047619,83.0,35.0,15.8223771617,1126.0
479,35.0347109717,20.0030782693,0.0,152.0,18.6685562134,47.8571428571,72.0,31.0,13.0930734142,1005.0
479,35.2415513237,19.9968470273,0.0,148.0,19.2403450012,49.4761904762,74.0,32.0,11.1113412675,1039.0
479,35.2888078475,19.9086788332,0.0,149.0,29.9651737213,55.1904761905,96.0,28.0,19.2914982508,1159.0
479,35.1388440271,19.8489871601,0.0,162.0,23.6206436157,50.380952381,78.0,32.0,14.4377151602,1058.0
479,35.0900303706,20.1623131753,0.0,158.0,14.2785291672,46.8571428571,67.0,32.0,9.56182887468,984.0
479,35.2739396889,20.2160363269,0.0,141.0,18.1849708557,47.3333333333,73.0,33.0,11.3504772293,994.0
479,35.088280009,20.0484589159,0.0,159.0,14.5350589752,45.0476190476,66.0,29.0,9.15683455391,946.0
479,35.2461176879,20.0878385717,0.0,145.0,25.8709888458,54.7619047619,87.0,34.0,14.2860238062,1150.0
479,35.3101272111,20.22269971,0.0,143.0,23.4025859833,51.619047619,84.0,31.0,14.5205929303,1084.0
479,35.0928099097,20.0062419898,0.0,154.0,14.9049291611,43.5714285714,66.0,29.0,10.4621767743,915.0
479,35.093104563,19.8933586291,0.0,161.0,30.380739212,57.1428571429,102.0,32.0,18.556092569,1200.0
479,35.1761425667,20.2037870925,0.0,140.0,14.6529397964,44.8571428571,77.0,30.0,11.3458614229,942.0
479,35.2141547661,20.028379064,0.0,150.0,27.8868026733,53.380952381,90.0,30.0,15.8980382138,1121.0
479,35.0294182325,20.1489365946,0.0,156.0,12.4865493774,44.4285714286,57.0,31.0,7.59323006744,933.0
479,35.0259038386,20.0616279311,0.0,151.0,18.0564880371,50.5238095238,77.0,29.0,10.7732030874,1061.0
479,35.1253807684,19.7902528992,0.0,163.0,32.1524429321,54.2380952381,100.0,29.0,19.7785357443,1139.0
479,35.1023558868,20.002830009,0.0,153.0,20.6754226685,50.4761904762,77.0,30.0,12.7303536778,1060.0
480,32.0729619802,23.7817211049,0.0,144.0,13.0570173264,43.6666666667,61.0,25.0,10.194769901,917.0
480,31.8161145123,23.8137344853,0.0,147.0,17.3435134888,44.0,71.0,26.0,11.4760620424,924.0
480,31.989885279,24.0260074838,0.0,145.0,18.1567573547,47.5238095238,77.0,27.0,13.574310471,998.0
480,32.1127906734,23.9016456074,0.0,143.0,19.661485672,47.8095238095,79.0,32.0,11.6602703554,1004.0
480,31.8669972138,23.914054598,0.0,146.0,13.364648819,42.5714285714,63.0,21.0,11.7284757261,894.0
480,31.6854403299,23.82199875,0.0,148.0,14.8178873062,42.8571428571,72.0,27.0,10.5843550313,900.0
481,32.7722899288,38.8261650533,0.0,146.0,24.1953258514,51.0476190476,85.0,29.0,14.2284088727,1072.0
481,32.7225729443,38.758044941,0.0,144.0,21.8679733276,48.5238095238,89.0,32.0,14.8007400072,1019.0
481,32.7581473436,38.8712196107,0.0,148.0,21.5828552246,45.5238095238,79.0,31.0,13.5300371308,956.0
481,32.8337493905,38.8447477637,0.0,147.0,12.4145526886,42.0476190476,59.0,24.0,10.3994047449,883.0
481,32.7054972996,38.8052256952,0.0,145.0,19.6188755035,46.6666666667,82.0,25.0,14.2630057608,980.0
481,32.84872237,38.8526152382,0.0,143.0,13.3949565887,43.1428571429,62.0,32.0,8.5104977192,906.0
481,32.7127451568,38.9873779584,0.0,142.0,16.460357666,44.7142857143,66.0,27.0,10.7988094582,939.0
482,12.9531365476,34.2744281868,0.0,150.0,19.5095005035,47.0476190476,75.0,29.0,11.6639452608,988.0
482,12.8900516183,34.3822427361,0.0,147.0,21.3432178497,47.1904761905,81.0,26.0,14.2253964712,991.0
482,12.8716485765,34.4743567747,0.0,144.0,14.295214653,39.5714285714,68.0,21.0,12.2211760014,831.0
482,12.9451627353,34.3129809628,0.0,151.0,33.7286987305,52.1904761905,98.0,28.0,19.8711324479,1096.0
482,12.9110647558,34.4772256567,0.0,156.0,14.1334867477,39.5714285714,71.0,19.0,11.5350397857,831.0
482,13.0336068832,34.2949410803,0.0,153.0,13.0735549927,39.7142857143,59.0,24.0,8.67261700493,834.0
482,12.8020562683,34.5937298767,0.0,142.0,16.5124225616,41.2380952381,63.0,26.0,10.9220179541,866.0
482,12.9684643705,34.4015812359,0.0,149.0,24.7428970337,46.7619047619,74.0,23.0,15.2279504921,982.0
482,12.9644142118,34.4018118593,0.0,146.0,19.3998641968,44.0,66.0,28.0,11.9247641486,924.0
482,12.9537471206,34.4086987758,0.0,155.0,23.4229354858,46.4285714286,80.0,26.0,13.9447890933,975.0
482,13.0289954072,34.3366566692,0.0,152.0,24.2311840057,48.1428571429,79.0,26.0,14.5508958978,1011.0
482,12.865379829,34.4248399004,0.0,148.0,22.8416996002,46.7619047619,81.0,22.0,14.0282028853,982.0
482,12.9352199564,34.4601496244,0.0,145.0,18.9728832245,43.380952381,73.0,28.0,11.629600984,911.0
482,12.8191481946,34.5553943938,0.0,143.0,19.794210434,43.5238095238,78.0,30.0,12.7028305807,914.0
482,12.9325047358,34.4003212571,0.0,154.0,22.207069397,46.4285714286,73.0,29.0,12.278320034,975.0
483,16.1245908473,20.3133082834,0.0,141.0,15.4933176041,42.0476190476,66.0,25.0,10.6558725146,883.0
483,16.283360762,20.4344978133,0.0,142.0,13.5523614883,40.7142857143,75.0,28.0,10.3254193965,855.0
483,16.2076801585,20.2760038269,0.0,140.0,12.1594238281,39.4285714286,62.0,28.0,9.43170943452,828.0
483,16.2451507919,20.4184575517,0.0,143.0,12.7440862656,37.8571428571,62.0,13.0,11.6845441258,795.0
484,17.7923545488,1.21676990539,0.0,130.0,13.2145462036,39.7619047619,60.0,27.0,8.76872146841,835.0
484,17.7654603686,1.18940584985,0.0,131.0,17.0833816528,38.9523809524,61.0,18.0,11.1556093087,818.0
485,29.1090173952,37.0018043542,0.0,150.0,22.5798683167,47.2380952381,88.0,25.0,14.4253414584,992.0
485,29.1159084219,37.059544416,0.0,151.0,24.962480545,48.5714285714,83.0,30.0,15.9046264608,1020.0
485,29.0726244347,36.9716043123,0.0,161.0,20.8415851593,48.0476190476,77.0,33.0,13.4368009231,1009.0
485,29.345079155,37.07220179,0.0,147.0,16.4234905243,40.8571428571,69.0,23.0,12.4991428278,858.0
485,29.1149072649,37.0213227966,0.0,160.0,13.5104866028,45.1428571429,68.0,34.0,8.48696479482,948.0
485,29.1194636118,37.1400554527,0.0,156.0,17.2010383606,46.1904761905,63.0,29.0,10.5717503169,970.0
485,29.2107268833,37.0584780304,0.0,153.0,14.0559453964,43.2857142857,77.0,23.0,11.6839328017,909.0
485,29.1362600245,37.1713412838,0.0,155.0,21.8711452484,44.8095238095,82.0,26.0,14.4555146834,941.0
485,29.4000567748,37.1490140271,0.0,146.0,24.8406047821,47.0,96.0,32.0,14.1492049247,987.0
485,29.1238138976,37.0543770291,0.0,149.0,28.1407375336,51.7142857143,96.0,28.0,18.4231996601,1086.0
485,29.1470820579,37.0468947265,0.0,152.0,21.8888034821,45.380952381,77.0,24.0,15.1903791608,953.0
485,28.9687208368,36.9772474809,0.0,162.0,13.1247758865,40.5238095238,62.0,29.0,9.26077236314,851.0
485,29.1798876836,37.0667301309,0.0,148.0,19.7887229919,46.8571428571,74.0,27.0,12.8463446719,984.0
485,29.4422160408,37.1392945327,0.0,145.0,15.1657924652,42.2857142857,63.0,22.0,10.3205758422,888.0
485,29.149108545,37.0266541031,0.0,159.0,24.2922935486,48.1904761905,85.0,29.0,14.9553303127,1012.0
485,29.1014938128,37.073702412,0.0,158.0,20.7461395264,49.4285714286,83.0,26.0,13.7607101146,1038.0
485,29.1692702626,37.0604460381,0.0,154.0,20.2288990021,47.9523809524,80.0,31.0,12.8548675235,1007.0
486,38.1954518721,15.9612807197,0.0,148.0,12.8949775696,41.3333333333,62.0,26.0,9.07377172588,868.0
486,38.1254659422,16.0301341437,0.0,149.0,17.1315479279,43.0,85.0,29.0,13.6345150262,903.0
487,23.1124231259,20.631064931,0.0,147.0,20.09333992,49.5238095238,74.0,31.0,13.1970415155,1040.0
487,23.1708426186,20.6271853526,0.0,149.0,20.7917728424,47.9047619048,75.0,26.0,13.5974437374,1006.0
487,23.1145695455,20.6134805762,0.0,148.0,16.416305542,45.7619047619,66.0,24.0,11.9662223024,961.0
488,1.17000630907,14.4681676378,0.0,123.0,12.5913991928,30.9047619048,54.0,15.0,8.98278777387,649.0
488,1.11562014634,14.4780604721,0.0,124.0,12.0350027084,33.0476190476,47.0,17.0,8.82879488082,694.0
489,37.9756285987,33.5862530213,0.0,124.0,12.1274347305,40.380952381,63.0,20.0,10.8049812146,848.0
489,37.9539349987,33.5517017129,0.0,123.0,16.5200176239,42.0476190476,75.0,26.0,12.4518118781,883.0
490,12.7452995241,37.5240584102,0.0,149.0,12.4204216003,39.0952380952,58.0,28.0,8.13575295781,821.0
490,12.5483848106,37.6414777365,0.0,150.0,13.4295549393,38.0952380952,59.0,24.0,10.3048763307,800.0
491,27.972027972,39.4975394975,0.0,149.0,20.600566864,44.8571428571,80.0,31.0,13.4100175775,942.0
491,27.972027972,39.4975394975,0.0,150.0,24.1438941956,44.380952381,73.0,26.0,16.0389407084,932.0
492,20.1453057042,32.1095493718,0.0,151.0,17.4068336487,46.6666666667,66.0,28.0,10.7904278568,980.0
492,20.0173561701,32.0119933051,0.0,156.0,15.3053331375,42.3333333333,66.0,28.0,9.30770290315,889.0
492,20.0423633551,32.0874682026,0.0,153.0,23.0690898895,45.5238095238,83.0,22.0,15.1941404746,956.0
492,20.0491672128,32.0533869134,0.0,154.0,23.0759525299,46.619047619,77.0,20.0,17.4455615859,979.0
492,20.115638655,32.0639766012,0.0,152.0,15.8786363602,42.2857142857,62.0,25.0,10.58840336,888.0
492,20.2120856404,32.1040156655,0.0,150.0,23.3665466309,47.0952380952,90.0,31.0,13.6744461018,989.0
492,20.0321732248,32.005808502,0.0,155.0,22.8278102875,48.9523809524,79.0,29.0,13.683845185,1028.0
493,35.4902835063,33.9263402508,0.0,152.0,23.508430481,50.8095238095,86.0,29.0,14.1301770959,1067.0
493,35.4620342156,34.0145198884,0.0,151.0,17.7699813843,47.0,78.0,27.0,12.6491106407,987.0
493,35.4803178027,33.9054127767,0.0,153.0,25.5265197754,50.0952380952,78.0,26.0,15.9370786592,1052.0
494,37.5813153313,33.4923493108,0.0,152.0,13.1606884003,47.0,61.0,36.0,7.11336769751,987.0
494,37.4071321135,33.5663264737,0.0,151.0,13.0963792801,45.0476190476,60.0,27.0,9.1075583472,946.0
495,36.3450263097,3.82386282789,0.0,154.0,15.3103761673,42.4761904762,61.0,23.0,10.68933603,892.0
495,36.4681457082,3.74169710913,0.0,155.0,14.9554433823,41.0,66.0,30.0,9.44457516249,861.0
495,36.5039305376,3.91669578317,0.0,156.0,21.6004238129,43.9523809524,77.0,24.0,14.0338027294,923.0
495,36.2612234639,3.89024384926,0.0,151.0,19.4905490875,40.1428571429,64.0,23.0,13.2260565335,843.0
495,36.3497156426,3.86462976405,0.0,152.0,12.3353118896,39.380952381,60.0,22.0,9.70812129341,827.0
495,36.5688367845,3.8722480233,0.0,157.0,19.5496749878,44.0952380952,81.0,25.0,14.5082899127,926.0
495,36.359244145,3.75670949728,0.0,153.0,13.6121931076,39.0476190476,67.0,23.0,9.80548923041,820.0
495,36.6678810476,3.98279126233,0.0,158.0,16.7486343384,43.7142857143,64.0,31.0,9.768023634,918.0
496,13.7469494504,24.242620992,0.0,153.0,17.1590023041,41.1904761905,67.0,20.0,11.6602703554,865.0
496,13.7284853979,24.4155374116,0.0,151.0,17.9379138947,41.4761904762,70.0,21.0,12.9445704742,871.0
496,13.9028140277,24.335736886,0.0,152.0,14.8910055161,41.9047619048,71.0,26.0,10.2513646014,880.0
496,13.796780592,24.1317329055,0.0,150.0,13.5470762253,39.7619047619,60.0,25.0,9.44407095433,835.0
497,21.8926160491,27.9472999201,0.0,156.0,12.5465240479,41.4761904762,58.0,27.0,8.29830734318,871.0
497,21.8513381316,27.9626613877,0.0,153.0,15.1740350723,43.2857142857,67.0,28.0,9.10023547576,909.0
497,21.9199200895,27.9815239488,0.0,157.0,12.83182621,39.7142857143,64.0,26.0,9.97067127701,834.0
497,21.8923419604,27.9577469915,0.0,147.0,17.3629493713,42.619047619,64.0,28.0,10.8373252718,895.0
497,21.8737012052,27.9749448792,0.0,165.0,19.0624332428,44.9523809524,73.0,30.0,11.8847641562,944.0
497,21.8863350668,27.9342648628,0.0,168.0,20.6486568451,46.380952381,80.0,26.0,13.0785174637,974.0
497,21.8943039709,27.9882779917,0.0,164.0,19.4114723206,46.4761904762,72.0,23.0,11.7712320834,976.0
497,21.9507322808,27.9580901179,0.0,152.0,15.93176651,47.1904761905,66.0,28.0,9.58967698945,991.0
497,21.8670380449,28.005547132,0.0,146.0,16.9353580475,41.2857142857,73.0,24.0,11.2833632271,867.0
497,21.9636437306,27.8800333263,0.0,148.0,13.1142673492,42.8095238095,62.0,30.0,9.70885702655,899.0
497,21.9050406795,27.9743072381,0.0,162.0,16.0185565948,39.4761904762,71.0,28.0,10.1568649081,829.0
497,21.920289982,27.9537125447,0.0,166.0,17.897939682,45.8095238095,76.0,28.0,11.020975672,962.0
497,21.8846228349,27.9609544085,0.0,158.0,13.4596891403,41.5714285714,69.0,21.0,9.4264066779,873.0
497,21.8555456349,27.9520796933,0.0,159.0,12.1741075516,44.7142857143,57.0,32.0,7.51094439563,939.0
497,21.8700472668,27.9207168633,0.0,167.0,15.865439415,43.9047619048,70.0,24.0,11.3265385794,922.0
497,21.8770329647,27.9871513543,0.0,154.0,12.0529432297,39.8571428571,62.0,27.0,8.39217322441,837.0
497,21.8775733789,27.9295608692,0.0,161.0,19.6814002991,46.6666666667,71.0,34.0,11.2353608457,980.0
497,21.9061758248,27.9758059194,0.0,151.0,12.0392131805,41.0952380952,57.0,26.0,7.78398845005,863.0
497,21.8999109569,27.9783338342,0.0,150.0,14.7844705582,41.0476190476,68.0,25.0,10.6699399739,862.0
498,5.54580007894,36.6565134792,0.0,161.0,14.8219051361,36.619047619,58.0,21.0,9.38869634441,769.0
498,5.67169161295,36.8477020787,0.0,155.0,20.2756557465,42.380952381,68.0,26.0,12.1056854018,890.0
498,5.81829203437,36.8349986402,0.0,152.0,15.2247228622,39.0952380952,64.0,22.0,9.72576352738,821.0
498,5.48826724123,36.6828115135,0.0,162.0,18.0586547852,38.0952380952,63.0,18.0,12.5694262475,800.0
498,5.72952479864,36.8459245709,0.0,156.0,14.7092494965,38.0952380952,64.0,21.0,10.995020518,800.0
498,5.59163929635,36.8625177284,0.0,158.0,16.1497249603,39.5714285714,63.0,26.0,10.6281297911,831.0
498,5.31819322746,36.9138475806,0.0,165.0,12.6253452301,36.1428571429,53.0,20.0,9.57750340269,759.0
498,5.5509488924,36.7992531296,0.0,159.0,15.0449171066,38.2857142857,63.0,25.0,9.37626181985,804.0
498,5.66720417737,36.7453531959,0.0,153.0,18.2180805206,39.7619047619,75.0,20.0,12.0785129958,835.0
498,5.64548246862,36.8558902349,0.0,157.0,14.8775224686,37.0476190476,63.0,21.0,11.1600904588,778.0
498,5.4431285114,36.8619694302,0.0,164.0,17.780462265,40.2380952381,63.0,24.0,11.0630229228,845.0
498,5.44663351777,36.7770456925,0.0,163.0,12.3955173492,33.3333333333,57.0,19.0,9.409215341,700.0
499,24.9781442673,22.1149405296,0.0,153.0,13.4476165771,41.6666666667,67.0,22.0,10.2583299486,875.0
499,24.9821747118,22.1063668351,0.0,152.0,13.7216405869,41.1904761905,60.0,23.0,9.30923760369,865.0
499,24.9216023646,22.110459994,0.0,154.0,13.0863418579,43.7619047619,58.0,32.0,7.96181362445,919.0
499,24.8473898183,22.0653513356,0.0,155.0,15.4536561966,43.619047619,72.0,25.0,11.2671034009,916.0
499,24.8442544543,22.0027198507,0.0,156.0,14.9277553558,42.6666666667,61.0,28.0,9.62981481303,896.0
500,23.1289622715,30.1631236815,0.0,153.0,12.7877473831,41.5238095238,61.0,31.0,7.78215296444,872.0
500,23.1284432111,30.1667876934,0.0,152.0,14.1600980759,41.380952381,55.0,27.0,9.07455888997,869.0
501,3.53435853546,3.7549952118,0.0,154.0,12.0027418137,34.4285714286,54.0,19.0,8.72680599401,723.0
501,3.63354861576,3.77245807914,0.0,155.0,14.8979644775,33.0,66.0,21.0,11.8237050031,693.0
501,3.53622327837,3.80363574437,0.0,153.0,13.3912305832,34.9047619048,57.0,18.0,9.93430803783,733.0
502,19.6990033544,38.4190979537,0.0,154.0,14.6175804138,39.0476190476,64.0,23.0,10.9748630537,820.0
502,19.5930439588,38.3424096187,0.0,155.0,13.4101676941,42.1904761905,56.0,26.0,8.62333489793,886.0
503,19.1556113064,18.6428922011,0.0,159.0,22.0553741455,44.8095238095,77.0,26.0,12.9175038131,941.0
503,19.1123425543,18.5968458382,0.0,158.0,14.1341381073,45.380952381,67.0,21.0,10.1512373161,953.0
503,19.0036987375,18.303108037,0.0,154.0,13.245516777,38.7619047619,67.0,28.0,10.4494246823,814.0
503,19.0393893695,18.3593883302,0.0,155.0,20.9276275635,44.4285714286,76.0,25.0,12.3877819991,933.0
503,19.0369856517,18.2862376009,0.0,153.0,12.3437337875,42.2380952381,63.0,27.0,8.72871560944,887.0
503,19.0637492345,18.5757447342,0.0,157.0,14.1870326996,42.4761904762,64.0,24.0,11.3737375019,892.0
504,23.0769443323,20.6803900099,0.0,153.0,14.1168222427,44.5238095238,61.0,28.0,9.05880261193,935.0
504,22.943657034,20.6671456714,0.0,154.0,12.7941989899,41.2380952381,69.0,26.0,9.44936379819,866.0
504,23.0695471722,20.6489717695,0.0,155.0,16.7375602722,45.4285714286,69.0,32.0,10.8423771774,954.0
505,17.2816705397,20.1353014037,0.0,153.0,18.7080936432,41.7619047619,72.0,25.0,14.7543375382,877.0
505,17.2777256095,20.0850286924,0.0,155.0,14.230881691,41.0476190476,64.0,20.0,10.6886677864,862.0
505,17.3279974737,20.2979959823,0.0,154.0,20.0728206635,44.4285714286,70.0,25.0,13.2044364839,933.0
506,38.6037131555,16.540187991,0.0,160.0,21.8854522705,48.619047619,71.0,29.0,12.4999047615,1021.0
506,38.9410098971,16.5446511638,0.0,155.0,16.5165081024,46.4761904762,69.0,29.0,11.1517668897,976.0
506,38.5944264002,16.4977707682,0.0,161.0,22.8252124786,51.8571428571,80.0,27.0,15.624614281,1089.0
506,38.7470026651,16.539723411,0.0,163.0,15.1858644485,44.0952380952,63.0,29.0,10.2951676135,926.0
506,38.8736317655,16.5327977025,0.0,156.0,17.8298377991,44.1428571429,69.0,25.0,12.4751180928,927.0
506,38.9192664857,16.5622506978,0.0,157.0,16.2460441589,45.7142857143,66.0,24.0,11.0188150776,960.0
506,38.7310258147,16.4740055869,0.0,162.0,25.9967918396,50.2380952381,89.0,27.0,16.2262280334,1055.0
506,38.930478889,16.569919221,0.0,158.0,20.6111183167,47.0476190476,92.0,33.0,14.1614836457,988.0
506,38.7917033688,16.5738255087,0.0,159.0,19.7106761932,47.8095238095,75.0,34.0,11.8263225375,1004.0
507,14.1450983302,24.4108132761,0.0,162.0,14.6662578583,39.0952380952,65.0,24.0,11.4101041271,821.0
507,13.7326986209,24.4726863178,0.0,157.0,14.8141326904,39.7142857143,66.0,27.0,11.1406591239,834.0
507,13.7785149249,24.4518475259,0.0,158.0,15.5648584366,39.9523809524,71.0,21.0,12.0311104661,839.0
507,14.0443122601,24.4529249513,0.0,159.0,18.3998298645,43.8571428571,69.0,28.0,11.7783093621,921.0
507,13.9798560754,24.4378268387,0.0,160.0,13.6442270279,40.3333333333,61.0,29.0,8.26034704679,847.0
507,13.8890381887,24.4450398171,0.0,155.0,12.0223245621,39.3333333333,58.0,25.0,9.25922962958,826.0
507,14.0314522171,24.3663506838,0.0,161.0,13.2371282578,40.7142857143,61.0,18.0,10.5268364533,855.0
507,13.8910292994,24.5402907896,0.0,156.0,13.0775661469,39.3333333333,56.0,23.0,9.19420107096,826.0
508,30.4670750352,26.1139407615,0.0,155.0,14.3056411743,42.4761904762,71.0,28.0,10.8564222819,892.0
508,30.5652536706,26.286447968,0.0,156.0,13.6517438889,39.5238095238,63.0,27.0,9.20662287497,830.0
509,44.4274345021,30.7714814762,0.0,156.0,16.2572040558,44.5714285714,61.0,20.0,11.7455158617,936.0
509,44.423015736,30.7327116363,0.0,159.0,18.8297348022,49.0952380952,74.0,31.0,11.3177063131,1031.0
509,44.5485979075,30.7809818623,0.0,157.0,16.72057724,44.4761904762,68.0,29.0,10.4767315878,934.0
509,44.5235307234,30.6493286057,0.0,160.0,17.8434734344,45.1428571429,75.0,29.0,12.6225421936,948.0
509,44.4273600249,30.7448488119,0.0,155.0,17.3606567383,46.5238095238,74.0,29.0,11.7286787304,977.0
509,44.3702119154,30.5963894308,0.0,161.0,23.6834201813,49.0476190476,88.0,29.0,14.9414731217,1030.0
510,1.20199570826,14.451998029,0.0,116.0,12.4764757156,32.5238095238,57.0,21.0,8.98676275207,683.0
510,1.13341542814,14.4562940642,0.0,115.0,12.8109388351,33.9523809524,57.0,22.0,8.37541754467,713.0
511,27.2047098613,32.8721239379,0.0,156.0,16.7733535767,46.380952381,76.0,30.0,12.9902894135,974.0
511,27.0561928033,32.8703328714,0.0,158.0,12.2454719543,42.2380952381,57.0,32.0,7.52930781616,887.0
511,27.0065371371,32.8604032044,0.0,159.0,16.4968471527,43.0952380952,66.0,25.0,12.1115843799,905.0
511,27.1731842044,32.8283509338,0.0,157.0,15.8739395142,44.5714285714,68.0,22.0,11.3559298544,936.0
512,12.878287409,7.09429386491,0.0,177.0,21.7122631073,47.7142857143,77.0,27.0,13.2594979435,1002.0
512,13.2020642402,6.78045857881,0.0,164.0,19.4930114746,43.619047619,73.0,25.0,12.8002976156,916.0
512,13.0832100781,6.97641190052,0.0,175.0,36.4832305908,53.4761904762,109.0,32.0,19.9239028496,1123.0
512,13.1923665727,6.81772339555,0.0,162.0,19.7530536652,45.4761904762,72.0,26.0,11.8769484617,955.0
512,13.1233070833,6.99119517282,0.0,173.0,23.1948204041,45.8571428571,74.0,27.0,13.1881981873,963.0
512,13.0820675541,6.82463714161,0.0,158.0,19.1176013947,42.3333333333,74.0,29.0,12.4110166116,889.0
512,13.2675269784,6.84033519866,0.0,169.0,22.754524231,46.3333333333,76.0,23.0,16.5660294981,973.0
512,13.2189419551,6.89970944462,0.0,171.0,30.7628078461,52.4285714286,99.0,32.0,17.8705663832,1101.0
512,13.0748754139,6.71725833268,0.0,159.0,17.0566158295,43.0,77.0,29.0,10.5735519103,903.0
512,13.1998406645,6.811814937,0.0,166.0,20.7863140106,47.4761904762,69.0,30.0,11.5222352329,997.0
512,13.144288747,6.83885413077,0.0,161.0,18.1040210724,43.619047619,76.0,26.0,12.1056854018,916.0
512,13.2471793834,6.84856898494,0.0,167.0,37.1762084961,54.5714285714,107.0,29.0,22.2566202029,1146.0
512,12.9926994318,7.04038800627,0.0,176.0,17.543012619,46.0952380952,70.0,23.0,11.2467984863,968.0
512,13.159621167,7.01333215127,0.0,174.0,30.1198101044,52.619047619,95.0,33.0,17.1711274833,1105.0
512,13.1408176212,6.92095272277,0.0,172.0,28.0520515442,51.5714285714,85.0,15.0,18.5972348175,1083.0
512,13.1344672161,6.7495170176,0.0,163.0,16.2625694275,42.5714285714,66.0,28.0,9.99785691322,894.0
512,13.1257449881,6.82897551095,0.0,165.0,23.4912605286,48.7142857143,85.0,22.0,14.4746083095,1023.0
512,13.1354631775,6.77019268957,0.0,160.0,18.3124790192,43.8571428571,76.0,30.0,12.8852074655,921.0
512,13.2990137635,6.76305178009,0.0,168.0,24.4364929199,47.8571428571,78.0,30.0,14.315326452,1005.0
512,13.2751002156,6.82573050678,0.0,170.0,32.0704612732,54.8571428571,98.0,25.0,19.9882108111,1152.0
513,36.9947529296,7.45134678206,0.0,164.0,17.6007995605,43.9047619048,75.0,23.0,12.5654477115,922.0
513,36.770654702,7.38971695557,0.0,162.0,19.3723735809,47.619047619,74.0,30.0,12.8743007207,1000.0
513,36.8646894553,7.3071041019,0.0,159.0,15.3015975952,42.9523809524,69.0,15.0,11.9099798089,902.0
513,36.9179089894,7.50276832362,0.0,166.0,20.4263134003,47.9523809524,86.0,30.0,12.753337565,1007.0
513,36.7688248093,7.53461787551,0.0,169.0,17.0320243835,47.9523809524,67.0,30.0,10.0721208813,1007.0
513,36.8259529179,7.32904342999,0.0,158.0,22.4579524994,45.5238095238,86.0,25.0,15.8006931735,956.0
513,36.7309367636,7.31764351271,0.0,161.0,20.5311222076,48.3333333333,76.0,30.0,13.6467334309,1015.0
513,36.7976790789,7.49565005553,0.0,167.0,16.8379592896,45.2380952381,68.0,27.0,11.4451070851,950.0
513,36.8446747339,7.43867122882,0.0,163.0,16.3103961945,43.8095238095,80.0,27.0,13.6221108776,920.0
513,36.7486622331,7.34532921732,0.0,156.0,17.6759700775,44.2857142857,65.0,29.0,11.0006493315,930.0
513,36.8770977955,7.42088163082,0.0,160.0,23.8430194855,49.5714285714,84.0,23.0,15.2334219024,1041.0
513,36.7763010992,7.38168485251,0.0,168.0,18.5409545898,44.8095238095,68.0,27.0,11.0617315445,941.0
513,36.8138235161,7.33540233316,0.0,157.0,29.8711566925,52.9047619048,100.0,25.0,19.5317811833,1111.0
513,36.9207448799,7.47050068509,0.0,165.0,20.0925521851,45.2380952381,73.0,31.0,12.6645361617,950.0
514,39.4515743772,28.7762054459,0.0,156.0,17.7434692383,47.0,75.0,33.0,10.059821072,987.0
514,39.4675166049,28.8648336644,0.0,157.0,19.6982707977,45.4285714286,71.0,27.0,13.2761870602,954.0
515,4.75754838132,21.0538536632,0.0,157.0,19.8182735443,38.6666666667,73.0,23.0,14.5716619963,812.0
515,4.78784616225,21.117047586,0.0,158.0,13.5035362244,37.380952381,60.0,27.0,8.49397545603,785.0
515,4.67451690208,20.9898140647,0.0,156.0,22.690076828,39.619047619,83.0,21.0,15.1343192463,832.0
516,15.6292940609,38.3656647944,0.0,163.0,18.5190124512,44.3333333333,71.0,29.0,11.4687982515,931.0
516,15.5075429143,38.479293932,0.0,172.0,18.4067249298,42.9523809524,83.0,26.0,12.753337565,902.0
516,15.5649674527,38.597342354,0.0,174.0,25.5364837646,47.3333333333,90.0,24.0,15.3275351356,994.0
516,15.527297094,38.3433912958,0.0,170.0,17.6041316986,42.3333333333,62.0,26.0,10.3842829956,889.0
516,15.5724814513,38.321576493,0.0,165.0,18.117269516,41.6666666667,68.0,22.0,11.5209953274,875.0
516,15.4977663437,38.4183063591,0.0,168.0,19.3464660645,43.4285714286,72.0,22.0,12.6711145073,912.0
516,15.7046770473,38.3846944308,0.0,164.0,13.2029409409,42.4761904762,64.0,25.0,9.7345726543,892.0
516,15.5015004441,38.7040626896,0.0,175.0,23.8982505798,47.2380952381,77.0,22.0,14.2369405488,992.0
516,15.5321836544,38.6285320788,0.0,173.0,25.9030189514,47.0,91.0,31.0,16.3676510227,987.0
516,15.6060897626,38.3384863282,0.0,166.0,14.9627227783,44.1428571429,66.0,27.0,9.88577621781,927.0
516,15.5682052163,38.4190913105,0.0,171.0,21.9069061279,46.7619047619,73.0,24.0,12.9765356005,982.0
516,15.5047962078,38.2889955424,0.0,169.0,18.192647934,43.4285714286,69.0,25.0,11.8514616338,912.0
516,15.5462343065,38.3339594127,0.0,167.0,15.994591713,41.5714285714,68.0,24.0,10.1615521874,873.0
516,15.3513346128,38.7592422899,0.0,176.0,12.1879692078,38.619047619,64.0,24.0,9.73383886489,811.0
517,12.8569500108,34.5807113408,0.0,162.0,14.9790401459,42.0476190476,66.0,24.0,11.0248636748,883.0
517,13.0511381467,34.5318011245,0.0,164.0,18.4114093781,40.9523809524,67.0,24.0,12.897581907,860.0
517,12.9198955279,34.5148364928,0.0,163.0,12.5657482147,37.0,60.0,24.0,10.4880884817,777.0
518,44.3784614277,30.7302852004,0.0,165.0,34.9651641846,59.0476190476,107.0,32.0,21.0415688352,1240.0
518,44.345672186,30.8538892589,0.0,164.0,17.8847160339,49.2380952381,82.0,34.0,10.9859217269,1034.0
519,15.4222023824,34.5065471046,0.0,161.0,12.3121232986,40.619047619,61.0,27.0,9.26000102849,853.0
519,15.2056744564,34.4397473879,0.0,162.0,13.3418807983,38.4761904762,69.0,29.0,10.8748289532,808.0
520,18.2652521204,9.1746112882,0.0,161.0,13.0201635361,40.7142857143,63.0,27.0,8.77577835376,855.0
520,18.2657196916,9.17656453389,0.0,162.0,13.5686597824,40.7619047619,67.0,25.0,9.44407095433,856.0
520,18.2934043253,9.20819840502,0.0,160.0,14.5953941345,40.0952380952,62.0,25.0,10.4733221181,842.0
521,30.0706205594,2.02101616325,0.0,162.0,15.5121326447,41.6666666667,76.0,28.0,11.5513346992,875.0
521,30.0617812134,2.04323293225,0.0,161.0,20.3712921143,44.1428571429,80.0,26.0,13.0624871839,927.0
522,18.2289471011,9.25916972008,0.0,154.0,12.0749673843,39.0476190476,55.0,27.0,8.33952151191,820.0
522,18.2737581801,9.16733199844,0.0,150.0,14.2444496155,39.4285714286,58.0,30.0,8.50630018616,828.0
522,18.255044884,9.17117175871,0.0,146.0,15.9499139786,42.0952380952,67.0,27.0,9.9544199324,884.0
522,18.2915172507,9.17922539757,0.0,153.0,12.594247818,37.0476190476,58.0,17.0,10.5710746401,778.0
522,18.2818907483,9.26428950725,0.0,151.0,12.5622816086,37.4761904762,59.0,21.0,10.5906517628,787.0
522,18.3240078143,9.18747374388,0.0,148.0,24.0208244324,51.1904761905,85.0,36.0,13.7026240101,1075.0
522,18.2506914418,9.17185374292,0.0,147.0,39.5818786621,55.0,124.0,30.0,22.9499455337,1155.0
523,10.9962565521,10.6260636225,0.0,154.0,12.9896230698,38.2380952381,60.0,26.0,8.86512696979,803.0
523,10.9616739184,10.6336782028,0.0,153.0,14.8928804398,38.9523809524,70.0,26.0,10.1413815157,818.0
524,29.0253936922,4.1191016933,0.0,167.0,13.2300243378,38.2380952381,55.0,26.0,9.07691997268,803.0
524,28.9624234111,4.07946582541,0.0,168.0,12.8085565567,42.8095238095,56.0,28.0,8.0412626348,899.0
525,19.2229666781,14.1053642802,0.0,167.0,15.6254281998,44.2857142857,68.0,30.0,9.95059222932,930.0
525,19.0367976036,14.2166374229,0.0,168.0,17.4739265442,46.2380952381,73.0,31.0,11.3441824822,971.0
526,25.0300651356,8.87643257165,0.0,169.0,17.3135299683,44.1904761905,70.0,23.0,13.8333620195,928.0
526,25.0558554406,8.83759899275,0.0,167.0,19.0963039398,46.8095238095,78.0,27.0,12.8515331678,983.0
526,25.0698021785,8.88583728374,0.0,168.0,21.6267166138,50.1904761905,87.0,35.0,13.8982698478,1054.0
527,4.8640224665,21.0111814441,0.0,165.0,16.0613193512,38.6666666667,60.0,18.0,11.7103942433,812.0
527,4.80971150177,20.9306327318,0.0,168.0,19.2638778687,39.9523809524,65.0,25.0,11.612390755,839.0
527,4.78455667079,21.0127916116,0.0,166.0,19.0823783875,38.380952381,71.0,22.0,12.6667919793,806.0
527,4.8652438583,20.9777685922,0.0,167.0,12.8965358734,37.4285714286,60.0,24.0,9.93766284682,786.0
528,19.1665769965,18.4592726958,0.0,168.0,16.2142467499,43.7619047619,72.0,27.0,11.1530478431,919.0
528,19.0730215553,18.439233008,0.0,166.0,18.7434253693,44.9047619048,76.0,25.0,12.8837291259,943.0
528,19.0755385731,18.4354605194,0.0,165.0,13.119345665,40.2857142857,64.0,25.0,10.3978019655,846.0
528,19.1890682381,18.4120211832,0.0,169.0,17.3022575378,44.8571428571,80.0,30.0,11.3105513318,942.0
528,19.1598327568,18.4624026577,0.0,175.0,16.0946846008,44.4285714286,67.0,32.0,10.3129599465,933.0
528,19.2229161014,18.3948083948,0.0,176.0,20.3045921326,48.1904761905,79.0,24.0,13.4038018772,1012.0
528,19.1344384988,18.5116567038,0.0,173.0,19.5503768921,43.7619047619,77.0,25.0,14.0175060617,919.0
528,19.1599956397,18.4779775336,0.0,174.0,17.9457435608,43.4761904762,66.0,24.0,11.8389993142,913.0
528,19.1437237595,18.4652319965,0.0,172.0,16.4953384399,46.5714285714,69.0,24.0,11.5998768466,978.0
528,19.1792981662,18.3409012351,0.0,171.0,17.2687168121,46.9047619048,72.0,22.0,12.3729736196,985.0
529,38.5462302339,15.4645486307,0.0,169.0,15.1782245636,45.5714285714,66.0,30.0,10.8746100094,957.0
529,38.5964833586,15.578147036,0.0,168.0,21.9266319275,45.0952380952,78.0,20.0,14.8354466124,947.0
529,38.5244027352,15.3867656531,0.0,170.0,15.4120836258,45.0952380952,66.0,28.0,9.84329600238,947.0
529,38.4817716337,15.3901955083,0.0,171.0,15.1338357925,43.8571428571,57.0,30.0,8.56904728827,921.0
530,39.1247148765,28.8108618802,0.0,168.0,22.6434345245,49.0,94.0,30.0,14.7952695143,1029.0
530,39.1193151217,28.8074119823,0.0,169.0,23.6896724701,52.3333333333,86.0,32.0,14.6093577317,1099.0
531,22.9951750741,1.69162091219,0.0,177.0,16.9740772247,44.9523809524,72.0,28.0,12.2166942766,944.0
531,22.9283676824,1.68022057484,0.0,180.0,13.137254715,38.7142857143,64.0,22.0,11.198851982,813.0
531,23.1799410716,1.68817980955,0.0,175.0,32.1120262146,53.4761904762,103.0,31.0,19.3355089088,1123.0
531,23.2925409754,1.71747146384,0.0,173.0,17.0170669556,41.6666666667,85.0,26.0,12.8504215236,875.0
531,23.1386915319,1.75636700833,0.0,171.0,23.0174846649,47.0,79.0,27.0,15.6524758425,987.0
531,23.3175622695,1.60536045113,0.0,169.0,18.3105926514,45.1428571429,75.0,28.0,11.6759826751,948.0
531,23.0511290525,1.71174699669,0.0,178.0,16.3355770111,45.0,69.0,23.0,9.47100839404,945.0
531,23.1198712704,1.66298464507,0.0,176.0,21.8987960815,47.9523809524,82.0,29.0,14.3682851812,1007.0
531,23.2239121848,1.65638770131,0.0,174.0,25.171754837,47.8095238095,87.0,26.0,16.9694403196,1004.0
531,22.8665075509,1.66457701582,0.0,181.0,20.0079193115,45.7619047619,80.0,31.0,12.1115843799,961.0
531,23.2021902282,1.66923783891,0.0,172.0,16.0114345551,42.0476190476,67.0,27.0,10.4377976148,883.0
531,23.2103511202,1.62761381099,0.0,170.0,21.9130954742,47.9047619048,78.0,29.0,14.4114702994,1006.0
531,23.3159871195,1.60524664958,0.0,168.0,15.1559295654,39.619047619,66.0,25.0,10.6699399739,832.0
532,45.9725459725,38.591038591,0.0,150.0,22.5432472229,47.9523809524,86.0,24.0,14.7968786927,1007.0
532,45.9725459725,38.591038591,0.0,151.0,22.6445827484,51.9523809524,72.0,30.0,14.0373651035,1091.0
533,30.5004215131,26.0229478118,0.0,150.0,12.741774559,44.6666666667,61.0,31.0,8.87881373458,938.0
533,30.4998215085,26.1510093088,0.0,151.0,12.4984521866,44.4285714286,55.0,26.0,8.62885524604,933.0
534,13.8397016865,24.3744069348,0.0,170.0,16.0299167633,41.619047619,66.0,31.0,10.8833643258,874.0
534,13.9043548266,24.2643878948,0.0,171.0,13.8926410675,42.3333333333,58.0,22.0,8.71970947528,889.0
534,13.8706411529,24.2161796331,0.0,169.0,15.6383781433,39.2380952381,61.0,22.0,10.3145759094,824.0
534,14.0179343433,24.5137173911,0.0,172.0,14.5140209198,39.9047619048,58.0,29.0,9.51264822173,838.0
535,44.5610878951,30.7172394658,0.0,170.0,14.3522081375,43.5238095238,69.0,27.0,10.8010140617,914.0
535,44.4927199056,30.7094468954,0.0,171.0,19.186882019,50.1428571429,79.0,34.0,11.4073910877,1053.0
535,44.4372574066,30.7086757152,0.0,169.0,13.3262739182,43.5714285714,65.0,29.0,9.81616742202,915.0
536,36.5373283444,36.0336174263,0.0,170.0,13.4890604019,42.4285714286,65.0,28.0,9.44759984637,891.0
536,36.6400331981,36.2837567319,0.0,169.0,12.3598031998,40.2857142857,64.0,28.0,8.63216576036,846.0
537,36.2140894087,3.75700669355,0.0,171.0,14.9471292496,41.0,63.0,29.0,8.70057469366,861.0
537,36.5198638205,3.81768235859,0.0,166.0,13.6984796524,42.3333333333,60.0,29.0,10.2632028789,889.0
537,36.2618171292,3.75318557428,0.0,170.0,19.2545852661,44.0,73.0,24.0,11.2205169221,924.0
537,36.3744862969,3.83103611901,0.0,169.0,19.6397094727,45.0,70.0,28.0,12.5059985607,945.0
537,36.5692793707,3.96721072128,0.0,165.0,12.8470287323,43.2857142857,65.0,25.0,10.0704660128,909.0
537,36.4534573874,3.84320778942,0.0,167.0,16.1629695892,43.9047619048,77.0,30.0,12.336550417,922.0
538,35.8449936702,21.9586382128,0.0,170.0,14.4867601395,40.7619047619,68.0,22.0,11.3441824822,856.0
538,35.7511269167,21.7665639525,0.0,171.0,12.3661384583,43.0,62.0,31.0,7.98122797569,903.0
538,35.3888920928,21.8948128419,0.0,177.0,29.8047389984,56.2380952381,88.0,37.0,17.0026608562,1181.0
538,35.642527727,21.8441499279,0.0,175.0,19.7400398254,48.4761904762,70.0,27.0,12.0980124302,1018.0
538,35.5558266631,21.853672105,0.0,176.0,24.8663368225,49.619047619,88.0,27.0,16.9837457308,1042.0
538,35.7180874393,21.7677225528,0.0,172.0,12.8812274933,41.7142857143,67.0,25.0,9.34956072307,876.0
538,35.3599558039,22.0599447685,0.0,180.0,25.618309021,53.3333333333,90.0,37.0,14.8099065943,1120.0
538,35.4208437436,21.9815634396,0.0,179.0,24.5343990326,53.7619047619,95.0,32.0,15.6105885921,1129.0
538,35.7346756363,21.8743381567,0.0,174.0,21.0120868683,46.6666666667,89.0,26.0,14.1891977692,980.0
538,35.4079078243,22.1154031138,0.0,181.0,23.9936447144,52.9047619048,75.0,33.0,15.1522432725,1111.0
539,12.018717856,1.93035832703,0.0,171.0,18.4519615173,40.4761904762,78.0,26.0,12.5124699705,850.0
539,11.8522881337,1.99378973351,0.0,170.0,20.8887042999,43.8095238095,78.0,22.0,13.7135664494,920.0
540,0.0,36.519036519,0.0,146.0,20.7541923523,35.0952380952,80.0,22.0,13.8199303975,737.0
540,0.0797578246454,36.5694130647,0.0,148.0,17.5603847504,41.4761904762,71.0,20.0,15.0752082825,871.0
540,0.0,36.6485366485,0.0,147.0,18.0384120941,45.380952381,67.0,30.0,13.2532116503,953.0
541,19.7683252845,11.7078458844,0.0,148.0,12.9969329834,42.5714285714,68.0,23.0,9.98284242374,894.0
541,19.7886260293,11.7412404364,0.0,147.0,12.7592048645,40.1428571429,59.0,23.0,9.00714002492,843.0
542,16.9466662169,27.6355841591,0.0,172.0,25.423707962,51.6666666667,87.0,36.0,14.7693376065,1085.0
542,16.9779181127,27.8924561896,0.0,178.0,20.3360729218,44.5714285714,74.0,30.0,12.1842990302,936.0
542,16.8847220836,27.6506214435,0.0,171.0,21.6253623962,48.2857142857,81.0,25.0,14.8833559964,1014.0
542,17.0437758348,27.7268493292,0.0,177.0,24.5695362091,48.0476190476,82.0,29.0,15.5160439239,1009.0
542,17.0832117599,27.7322677462,0.0,176.0,27.3416976929,50.5238095238,97.0,33.0,14.9218599632,1061.0
542,17.0027829849,27.7873148404,0.0,179.0,17.9165897369,46.4285714286,70.0,31.0,10.4717306524,975.0
542,17.0085407309,27.8401052588,0.0,175.0,22.1180171967,48.0476190476,82.0,32.0,12.563742239,1009.0
542,16.8774378943,27.9700989974,0.0,180.0,23.7493438721,45.4761904762,70.0,24.0,15.5036094108,955.0
542,17.0132442003,27.6239376773,0.0,173.0,26.202381134,50.1904761905,95.0,20.0,17.5459939804,1054.0
542,17.0275920735,27.5924779667,0.0,174.0,26.3056430817,51.5714285714,90.0,33.0,16.6990162242,1083.0
542,16.8887663551,27.9946604794,0.0,181.0,17.6394252777,44.4761904762,69.0,26.0,11.378132745,934.0
543,16.2059223081,27.1889073984,0.0,175.0,20.1197452545,41.7619047619,67.0,19.0,14.7949476576,877.0
543,16.2303093712,27.1715216287,0.0,172.0,12.360118866,42.1904761905,63.0,27.0,8.89729761006,886.0
543,16.1397130043,27.1768003536,0.0,173.0,21.4222927094,44.1428571429,73.0,25.0,14.9307927261,927.0
543,16.1527295503,27.2049891779,0.0,174.0,19.3544216156,41.619047619,79.0,21.0,13.796652458,874.0
544,21.8786749094,27.9288724154,0.0,174.0,16.393705368,46.0,61.0,29.0,9.37549998667,966.0
544,21.7436811268,27.9152743894,0.0,192.0,17.5731811523,44.1904761905,70.0,25.0,12.1186593632,928.0
544,21.6569351835,27.8109687811,0.0,195.0,15.9833459854,42.9523809524,61.0,26.0,11.8637101721,902.0
544,21.7818615,27.7775434348,0.0,184.0,16.2684574127,43.5714285714,66.0,22.0,11.6900446046,915.0
544,21.6843584192,27.9308725782,0.0,198.0,18.2980079651,44.6666666667,77.0,26.0,13.7780017903,938.0
544,21.950277006,27.7863907703,0.0,177.0,12.6148271561,40.5238095238,59.0,24.0,9.50588789971,851.0
544,21.7960758091,28.0053865704,0.0,187.0,17.7907581329,47.1904761905,62.0,34.0,9.63129818674,991.0
544,21.7356281851,27.8505191863,0.0,196.0,17.6170578003,44.2857142857,63.0,27.0,11.7692092221,930.0
544,21.7822419843,27.9384801817,0.0,193.0,16.1963558197,45.9047619048,78.0,25.0,11.8359822656,964.0
544,21.6146398128,27.9612429547,0.0,199.0,13.4881954193,44.0476190476,61.0,26.0,8.96368334155,925.0
544,21.8970109278,27.7591301393,0.0,175.0,12.8335266113,41.9047619048,63.0,26.0,10.6813143475,880.0
544,21.8686912749,27.8749768327,0.0,180.0,16.156370163,45.7142857143,63.0,31.0,9.2311584167,960.0
544,21.8337202507,27.8959203845,0.0,191.0,17.9473228455,46.4285714286,68.0,26.0,12.2905306174,975.0
544,21.8975575669,27.808642254,0.0,185.0,12.1146669388,39.0,58.0,23.0,9.32201694914,819.0
544,21.9321844337,28.034571542,0.0,173.0,16.7923049927,48.380952381,70.0,34.0,10.1068105279,1016.0
544,21.6687037794,27.7644920013,0.0,194.0,13.5259056091,42.3333333333,58.0,30.0,8.91814629468,889.0
544,21.6569198252,27.9034208003,0.0,190.0,16.0083446503,44.7619047619,61.0,22.0,10.0394460101,940.0
544,21.6474581479,27.9729152515,0.0,188.0,13.8676300049,39.7142857143,60.0,27.0,9.78336781044,834.0
544,21.8137522276,27.7102277155,0.0,183.0,15.1765441895,43.8095238095,73.0,27.0,11.5395799214,920.0
544,21.7131832302,27.7938354607,0.0,197.0,15.8435745239,45.1904761905,66.0,29.0,9.8975706495,949.0
544,21.7860519074,27.8726326749,0.0,186.0,20.3532047272,48.5714285714,74.0,32.0,11.5739856081,1020.0
544,21.860388912,27.7475613774,0.0,176.0,17.4619483948,45.7142857143,67.0,29.0,10.431408616,960.0
544,21.9475508283,27.9222841506,0.0,179.0,13.8798093796,44.5238095238,66.0,30.0,10.3228825801,935.0
544,21.7882724814,27.9313774386,0.0,181.0,20.6062240601,54.619047619,77.0,35.0,11.5129326867,1147.0
545,32.0028582698,36.3965596914,0.0,174.0,12.248421669,39.380952381,70.0,26.0,9.66683086888,827.0
545,32.1555722911,36.3585230495,0.0,175.0,15.3100538254,39.6666666667,69.0,19.0,12.6820082532,833.0
545,32.1098332835,36.342138492,0.0,173.0,12.3545513153,40.1904761905,64.0,18.0,10.6706093904,844.0
545,32.2106429366,36.4115266767,0.0,177.0,15.3267717361,40.1428571429,66.0,26.0,12.1461340116,843.0
545,32.2459500182,36.3340028647,0.0,176.0,13.6121511459,40.8571428571,69.0,21.0,10.214135863,858.0
546,31.1061058896,5.44215647079,0.0,175.0,15.0866794586,43.2380952381,65.0,29.0,8.92695223413,908.0
546,31.1836068576,5.37520988348,0.0,176.0,14.8183631897,41.9523809524,62.0,27.0,9.24378813299,881.0
546,31.1863929936,5.6833637746,0.0,173.0,15.3121709824,45.7619047619,61.0,33.0,8.27589730425,961.0
546,31.1643004228,5.6715691789,0.0,174.0,12.2405881882,38.8095238095,61.0,27.0,9.67790807778,815.0
547,10.0671187027,17.8849632913,0.0,173.0,13.3254089355,39.0952380952,63.0,30.0,8.91574316535,821.0
547,10.1192175273,17.7173173298,0.0,174.0,12.8351163864,36.4285714286,62.0,21.0,9.16281304279,765.0
548,28.8017694318,20.911386944,0.0,175.0,15.2029294968,46.5714285714,78.0,35.0,11.209689686,978.0
548,29.0021515184,20.733303621,0.0,173.0,14.9072828293,44.1904761905,72.0,25.0,10.6612337355,928.0
548,28.9236498576,20.8503187284,0.0,174.0,21.4503078461,47.0476190476,78.0,28.0,13.9552004302,988.0
549,34.1873178071,18.9177508552,0.0,147.0,12.7250671387,43.0,60.0,31.0,8.53229160308,903.0
549,34.3005610509,18.744413304,0.0,146.0,16.7970333099,45.5714285714,63.0,28.0,10.9113309389,957.0
550,36.7685025646,7.78088739339,0.0,177.0,15.4631233215,43.1428571429,61.0,30.0,8.39812904334,906.0
550,36.7711272229,7.9115588,0.0,176.0,13.2502508163,41.380952381,58.0,30.0,9.16229332905,869.0
550,36.7246692635,7.59765208888,0.0,178.0,14.7572174072,42.8571428571,57.0,25.0,9.59836295566,900.0
551,29.7332693746,27.8346322083,0.0,178.0,13.829331398,40.4761904762,57.0,23.0,10.6283538124,850.0
551,29.7455687676,27.8014116378,0.0,177.0,13.1933689117,40.2380952381,59.0,28.0,9.13183859858,845.0
552,24.7461021312,39.2391067163,0.0,178.0,13.570438385,40.5714285714,62.0,29.0,10.4046692815,852.0
552,24.7083846571,39.1047239021,0.0,177.0,15.4231262207,41.8571428571,61.0,23.0,9.48833870752,879.0
552,24.8960670162,39.2644952803,0.0,176.0,16.5607833862,46.619047619,75.0,34.0,11.0021642892,979.0
553,20.3672557382,31.8606694038,0.0,178.0,21.0674324036,46.6666666667,76.0,27.0,12.6504281877,980.0
553,20.2115907519,31.8843759115,0.0,180.0,12.4908704758,41.8095238095,65.0,28.0,8.51245585962,878.0
553,20.2467667284,31.8136215892,0.0,179.0,12.1532068253,42.2380952381,69.0,30.0,10.4924008783,887.0
554,15.5240151243,38.479215951,0.0,184.0,29.7489109039,49.3333333333,92.0,29.0,18.0342267185,1036.0
554,15.1909418943,38.4700066151,0.0,195.0,28.038269043,48.8095238095,96.0,26.0,18.0737905477,1025.0
554,15.6467678675,38.507038665,0.0,179.0,15.756819725,42.7142857143,74.0,31.0,11.2567440103,897.0
554,15.3189849417,38.4033308336,0.0,181.0,13.6509037018,39.380952381,62.0,24.0,11.2048033917,827.0
554,15.4665673985,38.3641990998,0.0,192.0,15.7363882065,41.8095238095,58.0,26.0,10.7266912308,878.0
554,15.2668646165,38.443554127,0.0,182.0,24.4906616211,45.9047619048,83.0,18.0,16.2138976249,964.0
554,15.6407043276,38.4292317748,0.0,187.0,17.5232620239,41.1904761905,67.0,22.0,13.400071073,865.0
554,15.3242734347,38.4571689609,0.0,193.0,18.1835212708,42.4285714286,71.0,25.0,12.2456989534,891.0
554,15.640898504,38.313047108,0.0,191.0,12.3334817886,36.2380952381,57.0,23.0,9.10442069494,761.0
554,15.5318479479,38.5335581607,0.0,185.0,24.006855011,44.5714285714,95.0,21.0,17.4572948322,936.0
554,15.0392675883,38.5914748527,0.0,196.0,13.8874921799,38.4761904762,64.0,24.0,10.6424576467,808.0
554,15.4990089044,38.4815724064,0.0,180.0,19.6336803436,43.7619047619,75.0,25.0,13.0839778428,919.0
554,15.6716513325,38.5632152226,0.0,178.0,23.1211013794,47.7142857143,83.0,22.0,14.1708957273,1002.0
554,15.3333947215,38.4614694719,0.0,194.0,13.9249629974,42.0952380952,61.0,25.0,9.35363438405,884.0
554,15.6661339019,38.4086706652,0.0,188.0,28.6790866852,52.6666666667,102.0,30.0,16.7401712456,1106.0
554,15.402615051,38.466519664,0.0,183.0,19.1560249329,44.2380952381,74.0,27.0,13.4458349012,929.0
554,15.7645015207,38.2159604982,0.0,189.0,12.8063631058,36.9047619048,55.0,21.0,9.62758932394,775.0
554,15.4271538007,38.4603294308,0.0,186.0,25.0280590057,48.380952381,89.0,30.0,14.6337834837,1016.0
555,29.1276839665,21.967563087,0.0,141.0,14.5220346451,45.8571428571,70.0,35.0,8.67344057618,963.0
555,29.1668970271,21.9999343766,0.0,142.0,13.9407196045,42.9523809524,58.0,30.0,8.77767731508,902.0
555,29.2340012542,22.0037636269,0.0,140.0,12.300037384,42.3333333333,60.0,26.0,9.6815976643,889.0
556,9.06500906501,39.4975394975,0.0,186.0,16.0837650299,40.3333333333,56.0,24.0,9.67643184926,847.0
556,8.93550893551,39.4975394975,0.0,185.0,13.0703868866,40.9523809524,59.0,27.0,7.51316305211,860.0
556,8.93550893551,39.4975394975,0.0,181.0,17.0512237549,38.8095238095,59.0,26.0,9.31460706428,815.0
556,8.93550893551,39.4975394975,0.0,180.0,19.8054523468,43.9047619048,68.0,27.0,11.9620431445,922.0
556,9.06500906501,39.4975394975,0.0,184.0,13.9152793884,39.5714285714,53.0,22.0,9.38387674989,831.0
556,9.06500906501,39.4975394975,0.0,187.0,12.1113023758,37.8095238095,51.0,25.0,9.25537167065,794.0
556,9.06500906501,39.4975394975,0.0,182.0,13.0821495056,38.3333333333,62.0,27.0,9.88095811819,805.0
557,24.8506288524,39.2479553682,0.0,185.0,12.1441478729,42.0476190476,63.0,30.0,8.32151542975,883.0
557,24.8435677761,39.4072913253,0.0,181.0,14.7609815598,47.0952380952,71.0,29.0,13.3899393647,989.0
557,24.8157951052,39.263199829,0.0,184.0,16.8029708862,45.7619047619,73.0,26.0,12.7314758057,961.0
557,24.8229074289,39.4159124521,0.0,183.0,15.2686510086,48.1428571429,72.0,31.0,11.9259620756,1011.0
557,24.9269029057,39.3550557915,0.0,182.0,17.5557422638,49.6666666667,85.0,24.0,16.8117022735,1043.0
558,30.4513097936,15.8079626103,0.0,183.0,13.7009553909,40.5714285714,67.0,27.0,9.84160265694,852.0
558,30.4316605179,15.8346476466,0.0,182.0,15.2081251144,44.619047619,66.0,31.0,10.3705168168,937.0
558,30.3945350079,15.77198954,0.0,181.0,12.8498067856,40.619047619,65.0,29.0,9.82586479897,853.0
559,19.2546726892,18.3336246927,0.0,184.0,13.8658761978,41.0952380952,80.0,23.0,11.9327480569,863.0
559,19.2231336488,18.3926467669,0.0,183.0,13.6028461456,39.7142857143,69.0,22.0,11.6582282408,834.0
559,19.1901233367,18.3611557609,0.0,182.0,17.258392334,45.3333333333,67.0,27.0,10.1800458414,952.0
559,19.3113829755,18.4227900377,0.0,187.0,15.1095571518,46.7619047619,66.0,36.0,8.11113285494,982.0
559,19.2675481135,18.3987071985,0.0,181.0,22.6427249908,46.2857142857,94.0,31.0,14.3706049182,972.0
559,19.1646945959,18.3754665577,0.0,180.0,21.766960144,46.4761904762,72.0,27.0,14.069893559,976.0
559,19.2294521912,18.354775601,0.0,186.0,17.7408924103,42.5238095238,70.0,24.0,13.826131229,893.0
559,19.279673872,18.2886317375,0.0,185.0,12.7710609436,40.5238095238,66.0,29.0,9.96804417937,851.0
560,12.8378645942,32.9857150575,0.0,180.0,12.7143974304,37.4761904762,59.0,18.0,10.68933603,787.0
560,12.6369653938,32.9948383762,0.0,181.0,12.461979866,37.0476190476,61.0,21.0,9.66165715846,778.0
560,12.8282108147,33.0416494702,0.0,179.0,13.1074476242,38.0,57.0,22.0,9.45515732286,798.0
561,27.195027195,0.0,0.0,180.0,18.7760028839,44.8571428571,63.0,25.0,14.1608111148,942.0
561,27.0563787092,0.0754091729432,0.0,179.0,13.2810821533,43.380952381,59.0,27.0,10.0870024808,911.0
561,27.3245273245,0.0,0.0,181.0,14.6840362549,38.9047619048,67.0,27.0,9.31077205126,817.0
562,33.0963947685,38.3424238353,0.0,185.0,15.5289669037,43.2857142857,75.0,27.0,12.6259370232,909.0
562,33.0492784033,38.2484763359,0.0,189.0,23.9220619202,47.3333333333,76.0,25.0,15.3112159326,994.0
562,33.0863966645,38.4100278896,0.0,184.0,14.6960506439,43.0476190476,68.0,22.0,11.7195400527,904.0
562,33.0159868528,38.1826663898,0.0,188.0,19.7379741669,44.1428571429,70.0,25.0,12.4550620805,927.0
562,32.9413019821,38.1490676135,0.0,190.0,14.9640436172,43.9523809524,70.0,23.0,10.8142322449,923.0
562,33.0489622407,38.2982911704,0.0,187.0,19.5175323486,48.5238095238,75.0,36.0,11.1158402634,1019.0
562,33.0867502145,38.4068062908,0.0,182.0,13.8286571503,42.7619047619,62.0,26.0,11.130609875,898.0
562,33.1169344014,38.3945488521,0.0,183.0,14.9789419174,42.9047619048,70.0,22.0,11.3705970024,901.0
562,33.0699324383,38.365150862,0.0,186.0,19.8416843414,49.0952380952,76.0,28.0,13.1563853771,1031.0
563,28.2019797562,1.3833892058,0.0,183.0,16.3358535767,45.8571428571,65.0,25.0,10.8640955182,963.0
563,28.3532796007,1.25209142966,0.0,185.0,15.4102210999,45.5714285714,67.0,32.0,9.52140445823,957.0
563,28.1964851852,1.31078367309,0.0,184.0,22.0857009888,47.2380952381,83.0,29.0,14.1205692587,992.0
564,22.6363985144,1.44587396542,0.0,191.0,22.0699081421,46.0952380952,82.0,21.0,13.6231595524,968.0
564,22.7370298794,1.57166272639,0.0,186.0,16.4306335449,44.7142857143,77.0,31.0,10.3205758422,939.0
564,22.6766348626,1.43821776504,0.0,187.0,20.7167415619,44.0,70.0,25.0,12.8879788951,924.0
564,22.7862170544,1.69109491425,0.0,185.0,13.2133722305,41.5714285714,61.0,25.0,9.25511441621,873.0
564,22.576605871,1.3772884801,0.0,192.0,15.8129367828,42.8095238095,65.0,22.0,12.4604135069,899.0
564,22.7129226946,1.55137970602,0.0,189.0,15.7068195343,43.5238095238,68.0,29.0,9.16307288861,914.0
564,22.8336044185,1.63512683494,0.0,184.0,20.8369102478,46.7619047619,80.0,31.0,15.185205833,982.0
564,22.7003085943,1.48947206401,0.0,188.0,19.8528804779,44.2857142857,78.0,21.0,15.3660107287,930.0
565,18.9527074348,14.4746411248,0.0,179.0,14.6120004654,43.2857142857,61.0,28.0,9.75778077814,909.0
565,19.0152004761,14.4527738031,0.0,180.0,13.3867034912,42.4285714286,64.0,29.0,9.38387674989,891.0
566,1.95064318741,2.26985994631,0.0,186.0,12.1189718246,30.7619047619,47.0,14.0,8.74588338537,646.0
566,2.09006048975,2.3118909368,0.0,185.0,17.1385993958,32.380952381,57.0,15.0,11.9894795153,680.0
567,24.2050760541,2.12732474737,0.0,186.0,13.1875352859,39.9523809524,61.0,26.0,10.254151308,839.0
567,24.1924055133,2.13064521329,0.0,185.0,16.3325977325,45.5238095238,68.0,29.0,10.3470722797,956.0
568,27.3245273245,0.0,0.0,187.0,16.2523021698,40.7142857143,60.0,24.0,10.1249338622,855.0
568,27.3245273245,0.0,0.0,186.0,13.9131908417,40.5714285714,59.0,29.0,8.78391386895,852.0
568,27.195027195,0.0,0.0,188.0,12.8089532852,40.3333333333,61.0,29.0,9.15059196628,847.0
569,5.61122462592,15.5352238686,0.0,188.0,19.7447128296,40.2380952381,68.0,25.0,12.1651336281,845.0
569,5.61642587362,15.5443908962,0.0,187.0,18.6251716614,39.5238095238,71.0,23.0,11.5741913222,830.0
569,5.60990864144,15.5075829537,0.0,186.0,17.7320518494,36.8095238095,64.0,18.0,11.9021806725,773.0
570,35.8402173808,26.2184091484,0.0,188.0,19.8030605316,48.380952381,76.0,29.0,12.2085060121,1016.0
570,35.9074987306,26.1729750465,0.0,190.0,17.7331218719,44.0,78.0,20.0,12.9228479833,924.0
570,35.9896890166,26.4261354818,0.0,193.0,13.3636512756,42.9047619048,62.0,21.0,9.03274466541,901.0
570,35.9774827997,26.3424467393,0.0,191.0,12.8406076431,43.5714285714,57.0,26.0,8.39387531818,915.0
570,35.9592412745,26.3863965794,0.0,196.0,13.1535758972,40.0,64.0,26.0,10.0498756211,840.0
570,35.8062416847,26.1796543652,0.0,189.0,16.9547405243,44.9047619048,77.0,30.0,12.9533963187,943.0
570,35.9533616214,26.3531805577,0.0,192.0,13.3422737122,44.9523809524,58.0,31.0,8.94693349968,944.0
570,35.9925055681,26.3858964273,0.0,195.0,19.0331077576,45.2857142857,82.0,25.0,12.673369154,951.0
571,2.02849218877,2.22516378819,0.0,190.0,13.1840677261,32.4761904762,63.0,21.0,10.1470145738,682.0
571,1.88257895777,2.31534707705,0.0,191.0,12.3958778381,33.9047619048,51.0,22.0,8.25775249026,712.0
572,18.822455481,2.15701456331,0.0,190.0,13.0658416748,39.9047619048,62.0,28.0,9.6897098094,838.0
572,18.8891633453,2.13959810217,0.0,191.0,13.1006536484,37.4761904762,59.0,14.0,10.2010737063,787.0
573,8.93550893551,39.4975394975,0.0,201.0,17.6269016266,39.7142857143,66.0,24.0,10.5931244548,834.0
573,8.93550893551,39.4975394975,0.0,205.0,18.1068344116,38.4761904762,64.0,28.0,10.6377584463,808.0
573,8.93550893551,39.4975394975,0.0,195.0,13.5056800842,35.380952381,54.0,24.0,9.95226703056,743.0
573,8.93550893551,39.4975394975,0.0,192.0,12.8774929047,37.0476190476,55.0,22.0,9.84619820274,778.0
573,8.93550893551,39.4975394975,0.0,198.0,12.3990888596,37.8571428571,56.0,22.0,8.21149020754,795.0
573,8.93550893551,39.4975394975,0.0,202.0,15.6107120514,41.0952380952,65.0,30.0,10.9448835622,863.0
573,8.93550893551,39.4975394975,0.0,193.0,12.9359025955,36.9047619048,55.0,22.0,9.27849536242,775.0
573,9.06500906501,39.4975394975,0.0,196.0,17.7694339752,39.0476190476,58.0,27.0,9.95226703056,820.0
573,9.06500906501,39.4975394975,0.0,191.0,15.0184984207,39.4285714286,57.0,22.0,9.73432806398,828.0
573,8.93550893551,39.4975394975,0.0,203.0,18.2905826569,45.8571428571,65.0,33.0,8.29026968371,963.0
573,9.06500906501,39.4975394975,0.0,199.0,12.1999769211,39.7619047619,52.0,23.0,8.65970416299,835.0
573,9.06500906501,39.4975394975,0.0,194.0,14.4679555893,41.0476190476,59.0,26.0,10.6558725146,862.0
573,8.93550893551,39.4975394975,0.0,204.0,13.9842329025,40.9523809524,60.0,26.0,10.6558725146,860.0
573,8.93550893551,39.4975394975,0.0,200.0,19.2534427643,43.1904761905,69.0,23.0,13.764516147,907.0
573,8.93550893551,39.4975394975,0.0,197.0,16.1580638885,41.7619047619,59.0,26.0,9.86359347249,877.0
574,19.279349848,18.4143850821,0.0,194.0,14.3615350723,43.8095238095,61.0,28.0,9.29311060743,920.0
574,19.2620148434,18.3672607016,0.0,193.0,23.1450157166,49.9047619048,81.0,28.0,13.9674792354,1048.0
574,19.2210519584,18.3652509831,0.0,192.0,16.5397453308,45.7619047619,81.0,31.0,11.5321496778,961.0
574,19.3136680573,18.3943576182,0.0,195.0,12.6106815338,40.5238095238,64.0,20.0,9.82150216423,851.0
575,24.2352220397,2.29215912882,0.0,191.0,12.8075895309,37.8571428571,58.0,20.0,10.7204744031,795.0
575,24.3364270304,2.20587734946,0.0,192.0,17.0212974548,43.380952381,65.0,28.0,10.8327106048,911.0
576,34.0824488466,9.89807202935,0.0,191.0,12.3412151337,41.9523809524,67.0,19.0,11.599466326,881.0
576,34.0911211574,9.98535969201,0.0,192.0,16.9046916962,44.619047619,70.0,31.0,9.8664897024,937.0
577,29.6680393797,14.7846115866,0.0,191.0,13.1093330383,46.1428571429,68.0,30.0,8.60398578733,969.0
577,29.5557008094,14.8866017304,0.0,192.0,12.5541028976,39.5238095238,69.0,26.0,9.5844616313,830.0
578,44.0768638719,29.2339631102,0.0,198.0,14.7227563858,43.0476190476,72.0,32.0,9.58371634845,904.0
578,43.814105854,29.3464426986,0.0,209.0,24.0588169098,50.0,92.0,30.0,17.0205757834,1050.0
578,43.6113253543,29.1121649411,0.0,213.0,28.6170349121,55.2857142857,93.0,38.0,15.3007936302,1161.0
578,44.0452959477,29.1241180255,0.0,217.0,15.1792640686,42.4285714286,67.0,27.0,10.2302073712,891.0
578,43.8200149593,29.3346676576,0.0,202.0,20.5492134094,49.1428571429,86.0,29.0,14.0438090071,1032.0
578,43.8583272228,29.2949474224,0.0,206.0,22.4707260132,47.7619047619,83.0,24.0,15.6649441809,1003.0
578,43.7820159722,29.1499017979,0.0,214.0,38.6655845642,57.0,118.0,31.0,22.2979819715,1197.0
578,44.0100934241,29.1881690748,0.0,196.0,15.6841564178,45.8571428571,71.0,23.0,11.6930993081,963.0
578,44.0418750864,29.2673756889,0.0,199.0,14.5182943344,43.4285714286,58.0,28.0,9.11356916126,912.0
578,43.8490090006,29.3439328187,0.0,203.0,24.4396266937,49.9523809524,90.0,30.0,15.9576821327,1049.0
578,43.8596966312,29.2985458159,0.0,207.0,27.7030792236,52.8571428571,87.0,28.0,17.2490165351,1110.0
578,43.7688764014,29.2930960321,0.0,210.0,26.6257724762,52.9047619048,89.0,33.0,15.5753162469,1111.0
578,43.8789094796,29.0159557975,0.0,215.0,24.038476944,52.380952381,86.0,35.0,12.5278736842,1100.0
578,43.6821565659,29.1952427528,0.0,211.0,26.6328048706,52.619047619,84.0,22.0,18.0567887247,1105.0
578,43.8684273161,29.2666141217,0.0,200.0,24.6299247742,51.380952381,96.0,34.0,15.0315541129,1079.0
578,44.1217466994,29.2409825465,0.0,197.0,15.1400337219,43.5714285714,68.0,28.0,11.0840941379,915.0
578,43.9004004175,29.1838095243,0.0,204.0,18.0027885437,49.0476190476,73.0,36.0,9.93215077652,1030.0
578,43.911777989,29.3633180893,0.0,208.0,20.1142787933,48.3333333333,83.0,34.0,12.7253028779,1015.0
578,43.6408104738,29.1482143935,0.0,212.0,34.8581085205,56.8095238095,112.0,29.0,20.0190385574,1193.0
578,43.9344762597,28.9770597043,0.0,216.0,21.1435680389,50.1904761905,82.0,23.0,14.1124733751,1054.0
578,43.8798672339,29.2559977277,0.0,201.0,23.7498512268,49.619047619,90.0,28.0,14.6508572803,1042.0
579,27.2099212743,35.9830900506,0.0,199.0,21.566532135,48.0,71.0,27.0,14.2372750202,1008.0
579,27.0608372481,36.0967621047,0.0,205.0,15.4253416061,42.6666666667,66.0,28.0,9.94652368083,896.0
579,27.2235730337,36.1228211877,0.0,201.0,28.9668159485,54.2380952381,97.0,34.0,16.631009476,1139.0
579,27.1973575359,36.1035360998,0.0,203.0,22.6423892975,48.0952380952,84.0,28.0,12.9418111635,1010.0
579,27.0567463327,36.0483186655,0.0,195.0,26.0974521637,51.5714285714,85.0,34.0,15.714870119,1083.0
579,27.2341838835,36.0072308217,0.0,202.0,29.0510826111,52.3333333333,94.0,33.0,17.4680661017,1099.0
579,26.9627156819,35.894768764,0.0,198.0,21.3662509918,52.1904761905,82.0,36.0,12.4202216068,1096.0
579,27.1641309861,36.0866030097,0.0,200.0,18.0047779083,43.380952381,78.0,29.0,13.5405915324,911.0
579,27.1040130671,36.131099008,0.0,206.0,21.1188430786,49.619047619,82.0,35.0,12.8704164287,1042.0
579,27.0835939269,36.0334379503,0.0,204.0,16.5716533661,42.5238095238,68.0,27.0,12.3069860145,893.0
579,27.0498455883,35.957975946,0.0,197.0,23.1002922058,49.619047619,81.0,34.0,13.8328456598,1042.0
579,26.9937474157,36.0530193002,0.0,196.0,21.2806243896,50.0476190476,81.0,26.0,14.1048792638,1051.0
580,24.6672531857,38.9930316715,0.0,203.0,13.9559526443,40.8095238095,62.0,17.0,12.3960439158,857.0
580,24.7470825259,39.0614352606,0.0,199.0,19.210144043,47.2857142857,73.0,30.0,11.8158489206,993.0
580,24.8113019746,39.1198978676,0.0,198.0,16.3992538452,40.2380952381,73.0,21.0,12.7628553306,845.0
580,24.6199409274,39.1156546292,0.0,202.0,15.3049411774,40.7142857143,55.0,24.0,8.59152406237,855.0
580,24.8285671645,39.1078095963,0.0,200.0,13.1912260056,42.2380952381,61.0,22.0,10.3242663754,887.0
580,24.7876594234,39.1752675689,0.0,197.0,14.045384407,43.0476190476,69.0,27.0,11.1286845156,904.0
581,30.2288853423,16.5601061943,0.0,202.0,17.8269023895,45.380952381,73.0,31.0,11.3731094714,953.0
581,30.1892990579,16.3230600644,0.0,204.0,13.5700407028,43.4285714286,65.0,28.0,9.73432806398,912.0
581,30.2083977263,16.5930705728,0.0,200.0,12.8715171814,39.5238095238,62.0,24.0,10.5717503169,830.0
581,30.1962728378,16.3682975188,0.0,199.0,12.2305326462,39.0952380952,58.0,27.0,9.44936379819,821.0
581,30.1577268921,16.4792508142,0.0,203.0,16.3745059967,42.7142857143,65.0,30.0,10.6683778389,897.0
581,30.2125927654,16.6014210076,0.0,201.0,14.1314964294,41.4285714286,71.0,27.0,11.5480363204,870.0
582,26.9917895427,23.1851979751,0.0,171.0,12.7149276733,42.0476190476,60.0,26.0,9.06353237141,883.0
582,26.9706611553,23.2822825663,0.0,172.0,12.1418552399,38.7619047619,61.0,21.0,10.4542085396,814.0
583,12.057292601,2.02948366463,0.0,166.0,16.3121833801,40.5238095238,60.0,20.0,10.5100858589,851.0
583,12.0204572334,2.12227716729,0.0,167.0,13.2411460876,38.8095238095,62.0,26.0,9.34675905124,815.0
584,26.8471334975,21.1137272385,0.0,205.0,18.5290184021,42.380952381,72.0,18.0,13.9049494443,890.0
584,26.8914108278,20.9706116202,0.0,202.0,19.8584537506,47.7142857143,79.0,27.0,14.6189700634,1002.0
584,26.8245455486,21.0749111809,0.0,206.0,17.7066268921,45.0952380952,67.0,21.0,12.8136831626,947.0
584,26.8299272878,21.0530996615,0.0,204.0,16.6010227203,43.9523809524,87.0,30.0,15.0115828295,923.0
584,26.8491775244,21.0129102691,0.0,203.0,24.9938106537,50.4285714286,80.0,33.0,14.1547568986,1059.0
585,26.7984952934,33.1070457064,0.0,165.0,19.0350418091,45.6666666667,72.0,29.0,12.0388260779,959.0
585,26.7665468375,33.1154984712,0.0,166.0,14.0423154831,43.9523809524,67.0,30.0,9.9873729803,923.0
586,36.2227920116,1.46267663119,0.0,204.0,14.168346405,40.1904761905,62.0,27.0,8.73280623637,844.0
586,36.2424930554,1.4382534326,0.0,203.0,20.8666343689,45.6666666667,80.0,32.0,12.3261240191,959.0
587,35.400637237,21.8684968033,0.0,213.0,19.2475624084,44.1428571429,81.0,28.0,13.4249235167,927.0
587,35.3427651177,22.0555084991,0.0,211.0,31.3943634033,55.0476190476,102.0,32.0,18.6479923597,1156.0
587,35.6737337015,22.0711164831,0.0,206.0,18.9906768799,45.8095238095,83.0,31.0,13.7681481965,962.0
587,35.5148569389,22.125863348,0.0,204.0,14.6634044647,43.2380952381,69.0,30.0,11.0494559228,908.0
587,35.540076969,22.0856448531,0.0,208.0,13.4842987061,44.1428571429,73.0,26.0,9.77898621681,927.0
587,35.368475491,21.9174464285,0.0,212.0,23.0815563202,51.9047619048,73.0,35.0,13.1297553744,1090.0
587,35.5925352593,22.1757682559,0.0,203.0,14.2215480804,40.8095238095,67.0,26.0,9.8164099732,857.0
587,35.4790728031,22.2737976419,0.0,207.0,12.4680242538,40.0952380952,58.0,24.0,9.72062118336,842.0
587,35.425776367,22.0135354384,0.0,210.0,27.5609798431,53.2857142857,89.0,27.0,16.9974788046,1119.0
588,23.0912648858,2.36409937696,0.0,209.0,16.9385375977,43.4285714286,71.0,25.0,11.7540266657,912.0
588,23.1116130136,2.39028205799,0.0,208.0,17.4330177307,44.5714285714,80.0,23.0,14.37209598,936.0
588,23.1705401448,2.32711880053,0.0,206.0,12.2374897003,40.1428571429,56.0,27.0,7.55834448994,843.0
588,23.2321023561,2.31839640437,0.0,207.0,14.0551614761,42.5714285714,67.0,30.0,9.74972527085,894.0
588,23.019742683,2.28620550058,0.0,205.0,13.5303459167,39.8095238095,62.0,25.0,10.2206606813,836.0
589,15.0673242389,37.2895743933,0.0,207.0,27.0200862885,49.2380952381,93.0,28.0,16.7388911279,1034.0
589,15.0789738384,37.2735049019,0.0,209.0,28.8942089081,51.380952381,106.0,35.0,18.3697473866,1079.0
589,15.0786863509,37.263318265,0.0,208.0,31.6310405731,50.4285714286,116.0,25.0,22.4222466059,1059.0
589,15.1698886362,37.3232921093,0.0,210.0,12.6396150589,38.0476190476,60.0,23.0,8.87398552217,799.0
590,33.1962919048,38.2444918349,0.0,210.0,14.370057106,44.5714285714,67.0,30.0,10.2789660403,936.0
590,33.014555129,37.9905868866,0.0,207.0,12.8570594788,41.0476190476,58.0,24.0,9.81058708985,862.0
590,33.1296545747,38.3872888362,0.0,211.0,12.3769903183,40.1904761905,64.0,24.0,10.0529550264,844.0
590,33.0334548086,38.3818439285,0.0,208.0,17.2159328461,45.619047619,77.0,29.0,11.8594948901,958.0
591,41.3857076555,39.04604036,0.0,207.0,12.1818990707,41.9523809524,65.0,26.0,11.4344925138,881.0
591,41.3736117494,38.989218314,0.0,208.0,16.7961082458,44.8571428571,72.0,25.0,12.6304620434,942.0
592,4.2119235713,13.7439982761,0.0,213.0,20.4982833862,40.7142857143,84.0,21.0,15.2484191218,855.0
592,4.27520158145,13.7347630172,0.0,211.0,12.5409679413,33.0952380952,52.0,15.0,9.04380872147,695.0
592,4.20206931174,13.7235785525,0.0,210.0,16.7973022461,35.9523809524,64.0,22.0,10.9566244367,755.0
592,4.19881377661,13.7183244934,0.0,212.0,18.831029892,38.8571428571,76.0,22.0,13.4472514451,816.0
592,4.17992297759,13.7682156828,0.0,208.0,17.9299812317,41.5238095238,65.0,24.0,11.0797971444,872.0
592,4.2158197364,13.7404439383,0.0,207.0,14.0601539612,35.1428571429,63.0,18.0,10.7855723737,738.0
593,16.2725071891,3.82314978992,0.0,209.0,15.9564008713,42.3333333333,64.0,28.0,10.0515338796,889.0
593,16.1645324894,3.93674840476,0.0,210.0,16.9296646118,41.0952380952,67.0,28.0,12.0162588267,863.0
594,7.8530778956,18.2610435656,0.0,160.0,15.1515140533,38.5238095238,71.0,25.0,10.4528419467,809.0
594,7.85710255851,18.3258797485,0.0,161.0,14.5817718506,38.5714285714,63.0,18.0,11.0615163001,810.0
595,19.3827301031,20.6503822185,0.0,160.0,14.5853996277,42.3333333333,72.0,26.0,10.1011550495,889.0
595,19.4493856691,20.5659432406,0.0,161.0,13.0024623871,44.6666666667,65.0,30.0,9.35592503889,938.0
596,36.9017493919,36.0089254751,0.0,161.0,13.1352863312,43.4761904762,59.0,25.0,9.57402239197,913.0
596,36.8125376808,36.1614862991,0.0,160.0,14.4473972321,44.4761904762,65.0,31.0,10.0628974337,934.0
597,16.6095935292,13.9696615948,0.0,161.0,13.4422521591,40.4285714286,61.0,29.0,9.08609612854,849.0
597,16.5958187996,14.0204009291,0.0,160.0,18.6873855591,44.7142857143,88.0,25.0,13.7227652357,939.0
598,30.4150947314,16.207239162,0.0,213.0,18.3221302032,48.619047619,75.0,31.0,10.5521381268,1021.0
598,30.5298585624,16.0275249334,0.0,215.0,14.7411594391,47.4285714286,71.0,30.0,9.63624111659,996.0
598,30.3954208821,16.1962869094,0.0,211.0,22.1252250671,51.4285714286,81.0,33.0,12.4682453801,1080.0
598,30.4971597155,16.0728431014,0.0,216.0,16.1002655029,47.7619047619,72.0,29.0,11.0720583538,1003.0
598,30.3549674214,16.364046081,0.0,210.0,17.6124038696,45.619047619,71.0,23.0,13.1395440959,958.0
598,30.4396751403,16.230416944,0.0,212.0,20.856502533,49.0,85.0,27.0,13.3191591326,1029.0
599,15.7528573271,34.7092519978,0.0,213.0,12.9972076416,42.2380952381,68.0,29.0,9.93430803783,887.0
599,15.5383441998,34.926738477,0.0,211.0,17.4399242401,43.619047619,64.0,24.0,11.1376666788,916.0
599,15.6683123274,34.7481802581,0.0,212.0,20.5629329681,46.8095238095,75.0,31.0,12.4924739248,983.0
600,42.5115622483,15.8169601743,0.0,211.0,18.9436740875,44.0,72.0,30.0,12.3085336251,924.0
600,42.5241018209,15.8153323888,0.0,210.0,14.1631069183,42.1904761905,61.0,26.0,8.80124450075,886.0
601,31.0759998768,13.2848689478,0.0,217.0,15.589600563,42.4285714286,68.0,25.0,12.1225881254,891.0
601,31.0014880874,13.3668558674,0.0,216.0,13.3655986786,41.380952381,64.0,26.0,10.3945956654,869.0
601,31.0820610477,13.3317276136,0.0,214.0,13.0574121475,39.7619047619,70.0,25.0,9.45994060185,835.0
601,31.1118458882,13.4181112153,0.0,213.0,13.802740097,44.0,71.0,24.0,11.1085552616,924.0
602,2.27231480067,3.2089890103,0.0,214.0,12.3761043549,33.0476190476,64.0,21.0,10.0721208813,694.0
602,2.27176823374,3.22274030948,0.0,215.0,13.4778118134,33.7142857143,52.0,22.0,8.8269069166,708.0
603,19.0634132294,14.3799517818,0.0,215.0,16.9812507629,45.8571428571,71.0,22.0,12.5749183468,963.0
603,19.1295482153,14.5670217609,0.0,214.0,13.4103069305,40.4761904762,62.0,22.0,10.3083415136,850.0
603,18.9386877855,14.1768719278,0.0,216.0,14.6624126434,42.5714285714,59.0,28.0,9.62066228786,894.0
604,22.538761484,22.0920172556,0.0,215.0,22.8389987946,47.2380952381,81.0,28.0,14.3836878508,992.0
604,22.5307767553,22.0711032216,0.0,216.0,21.6159133911,48.4285714286,80.0,34.0,13.6439416173,1017.0
605,35.8803071037,3.87388429771,0.0,217.0,17.933675766,43.2380952381,70.0,25.0,11.1754407605,908.0
605,35.8501027075,3.98983209864,0.0,220.0,16.6140899658,42.8095238095,70.0,28.0,11.9566677951,899.0
605,35.8646307164,3.89980347755,0.0,218.0,17.7858753204,45.7619047619,73.0,33.0,9.66387480209,961.0
605,35.9236901003,3.98481878467,0.0,221.0,19.4065666199,45.7619047619,73.0,29.0,10.7419959128,961.0
605,35.9024842465,3.83662513193,0.0,216.0,13.9643745422,40.9047619048,64.0,26.0,10.158271319,859.0
605,35.856853169,3.99963593714,0.0,223.0,21.4446220398,43.2380952381,78.0,26.0,13.7109618988,908.0
605,35.8019672692,4.06742368755,0.0,222.0,13.1363277435,41.0952380952,61.0,28.0,10.3725829083,863.0
605,35.8841950892,3.9554760538,0.0,219.0,24.335899353,51.0952380952,80.0,30.0,16.1613884363,1073.0
605,35.8394654432,4.1084337629,0.0,224.0,22.8342857361,46.6666666667,92.0,26.0,15.1305430614,980.0
605,35.8196199117,3.86537721984,0.0,215.0,12.1157503128,39.0,60.0,21.0,8.71206060585,819.0
606,17.8646038624,28.5632308941,0.0,217.0,12.2219800949,38.6666666667,57.0,25.0,8.4162541153,812.0
606,17.7475021924,28.6229700827,0.0,216.0,12.2789459229,40.7142857143,61.0,24.0,8.29543764453,855.0
607,2.05629529274,3.38355906867,0.0,218.0,22.7719173431,39.619047619,73.0,22.0,13.0632162597,832.0
607,2.08023976407,3.40792138655,0.0,219.0,16.0222682953,37.1428571429,58.0,18.0,10.0463212883,780.0
607,2.13394377846,3.4291255752,0.0,220.0,16.8217067719,36.0952380952,64.0,23.0,11.2823081056,758.0
608,33.1200776174,38.4762843283,0.0,220.0,15.1570825577,41.7142857143,75.0,28.0,10.8726393168,876.0
608,33.0512850724,38.188245608,0.0,222.0,14.1696014404,42.8095238095,65.0,25.0,11.1562495832,899.0
608,33.1011020908,38.3131266605,0.0,221.0,13.0270347595,40.5238095238,69.0,28.0,9.7858011814,851.0
608,33.1771687024,38.3446819862,0.0,219.0,14.060336113,43.1904761905,74.0,32.0,10.0529550264,907.0
609,30.5156327987,16.0251585046,0.0,222.0,18.0986976624,47.9523809524,74.0,27.0,10.9976187899,1007.0
609,30.4422398472,15.9834013329,0.0,220.0,15.0068635941,45.0952380952,68.0,33.0,9.36965720774,947.0
609,30.4422293055,15.9180875827,0.0,221.0,13.7234783173,44.8571428571,65.0,33.0,8.79366655205,942.0
609,30.5603901565,16.1603705631,0.0,223.0,14.1712589264,44.7142857143,63.0,30.0,8.84953590389,939.0
609,30.4805199596,16.3272421074,0.0,224.0,15.7899370193,43.4285714286,73.0,26.0,11.5133462928,912.0
610,30.8906911811,13.3393615067,0.0,223.0,12.0738649368,42.3333333333,65.0,28.0,10.0763750096,889.0
610,31.0509134211,13.3117752821,0.0,221.0,14.6006765366,42.5714285714,68.0,26.0,8.89703000204,894.0
610,31.0284425975,13.3039844538,0.0,222.0,20.9322738647,48.7619047619,77.0,27.0,13.978214342,1024.0
611,15.586947688,34.9282127406,0.0,222.0,16.2363033295,42.380952381,62.0,30.0,10.8373252718,890.0
611,15.8009722783,34.9283621037,0.0,221.0,16.2238960266,40.0476190476,70.0,28.0,11.2003401309,841.0
612,8.93550893551,39.4975394975,0.0,208.0,15.0580797195,35.9047619048,76.0,25.0,11.6572070493,754.0
612,8.80600880601,39.4975394975,0.0,209.0,22.3729610443,44.7619047619,72.0,23.0,12.9649711219,940.0
613,19.0491920491,14.3598728138,0.0,227.0,29.4556808472,48.5714285714,107.0,26.0,19.4334027606,1020.0
613,18.9132272163,14.3427783367,0.0,225.0,16.0224075317,42.4761904762,74.0,24.0,11.9733831794,892.0
613,19.0323300659,14.1919383567,0.0,228.0,21.0147361755,48.0952380952,77.0,26.0,13.6158171327,1010.0
613,19.0190449602,14.38138822,0.0,223.0,24.2533054352,49.2380952381,82.0,30.0,13.9423985092,1034.0
613,18.9564893087,14.3212929159,0.0,226.0,15.7297172546,42.6666666667,62.0,21.0,11.2842072532,896.0
613,18.9939546767,14.3603312063,0.0,222.0,24.1379146576,53.8095238095,83.0,33.0,13.9234300645,1130.0
613,18.9225554713,14.3066289254,0.0,224.0,14.1981258392,44.380952381,63.0,25.0,10.4042116014,932.0
614,33.0128085569,26.4975954566,0.0,224.0,14.732131958,47.2380952381,67.0,28.0,10.0195047877,992.0
614,33.004466163,26.4827284435,0.0,222.0,13.0613698959,42.5238095238,74.0,23.0,11.5178949796,893.0
614,33.0013260632,26.5181112946,0.0,223.0,18.2210178375,45.5714285714,71.0,30.0,12.2620203416,957.0
615,3.1499301249,3.23137758083,0.0,225.0,13.915055275,34.2857142857,53.0,15.0,10.1150524326,720.0
615,3.09622552,3.27878916337,0.0,226.0,21.5092544556,39.2857142857,69.0,26.0,12.6773138209,825.0
615,3.14494961922,3.10150862079,0.0,224.0,12.7116060257,33.0476190476,47.0,15.0,8.36346931887,694.0
616,41.4093974974,39.0167403175,0.0,229.0,13.7963142395,44.4285714286,72.0,30.0,9.87203843475,933.0
616,41.4319832261,39.0906291101,0.0,228.0,12.1281366348,39.0,59.0,23.0,9.82344135219,819.0
617,37.4799666353,9.80783319016,0.0,230.0,13.0878381729,38.2380952381,58.0,26.0,9.96947722754,803.0
617,37.528648565,9.82166893133,0.0,229.0,12.5795993805,40.3333333333,63.0,21.0,9.37194394634,847.0
618,19.2777652703,20.4557137533,0.0,230.0,14.0598678589,41.5238095238,72.0,25.0,10.7639167946,872.0
618,19.3269011062,20.5488658421,0.0,229.0,12.4914083481,40.0476190476,61.0,24.0,9.3030972825,841.0
619,33.0164948743,26.5010708752,0.0,234.0,21.8727626801,50.9523809524,83.0,25.0,15.4708635521,1070.0
619,33.0261643982,26.5514899976,0.0,235.0,15.976026535,45.4761904762,73.0,27.0,10.9115491458,955.0
619,33.0333907247,26.5175231224,0.0,232.0,13.1799268723,45.3333333333,68.0,33.0,9.68676072448,952.0
619,32.968618314,26.5140799773,0.0,233.0,12.8559846878,46.8571428571,69.0,31.0,9.37168989183,984.0
619,33.0012064749,26.5110168373,0.0,236.0,36.5059051514,59.5238095238,125.0,34.0,22.0740097119,1250.0
620,15.7342903777,34.9229329621,0.0,231.0,16.9929008484,44.5238095238,72.0,28.0,11.1113412675,935.0
620,15.7071065501,34.9454688285,0.0,232.0,17.7334194183,40.7619047619,72.0,18.0,12.3284417584,856.0
621,21.6202016033,3.00358583498,0.0,232.0,13.7497730255,41.0952380952,58.0,23.0,9.11539775273,863.0
621,21.4679044037,3.00775902847,0.0,231.0,15.1634082794,43.1904761905,64.0,28.0,8.61753472647,907.0
622,15.6798928271,8.91096714814,0.0,232.0,12.4231500626,38.1428571429,59.0,23.0,8.94027803978,801.0
622,15.7023528698,8.90111415597,0.0,231.0,15.4174909592,42.5714285714,70.0,22.0,11.3559298544,894.0
623,17.222036409,9.59824990172,0.0,244.0,20.9026508331,47.619047619,71.0,28.0,12.2493925991,1000.0
623,17.1037753427,9.71085052252,0.0,237.0,19.553653717,43.8571428571,65.0,21.0,11.3722720434,921.0
623,17.2647356053,9.68228290905,0.0,245.0,21.8868923187,47.0,76.0,31.0,13.2060592154,987.0
623,17.2065669251,9.59641806467,0.0,239.0,28.8135814667,50.4285714286,87.0,30.0,15.4840932204,1059.0
623,17.0915830428,9.6253805872,0.0,238.0,19.5944747925,44.5238095238,76.0,25.0,11.9105795309,935.0
623,17.3430731204,9.67493610311,0.0,246.0,20.0580615997,45.0952380952,67.0,34.0,11.5797442196,947.0
623,17.1182213234,9.56316155775,0.0,242.0,22.365606308,47.6666666667,72.0,29.0,12.1627847688,1001.0
623,16.9995693068,9.56468705859,0.0,235.0,19.0717449188,40.4761904762,75.0,22.0,14.7533692681,850.0
623,17.2659720972,9.68435353112,0.0,247.0,22.5442466736,44.9523809524,80.0,27.0,15.0282274087,944.0
623,17.1378840106,9.52666672043,0.0,240.0,13.4472703934,40.7619047619,62.0,25.0,10.0444251299,856.0
623,17.1151019828,9.54311174796,0.0,243.0,31.2005634308,48.7142857143,92.0,23.0,20.6860891837,1023.0
623,17.0827622635,9.71065249214,0.0,236.0,15.5606126785,41.0952380952,68.0,24.0,9.61199647266,863.0
623,17.1086302624,9.54826404638,0.0,241.0,22.4301624298,48.0,77.0,30.0,12.1983605456,1008.0
624,41.4799571173,39.1487397841,0.0,236.0,17.5633926392,46.9047619048,71.0,33.0,11.9117788844,985.0
624,41.4612563344,39.1380407732,0.0,238.0,12.6587638855,40.4285714286,65.0,27.0,10.1812151955,849.0
624,41.4497918954,39.1297170335,0.0,237.0,13.9271144867,43.3333333333,57.0,27.0,9.21592824046,910.0
624,41.5029444264,39.1281910091,0.0,235.0,13.5680713654,46.0952380952,69.0,32.0,9.58073463731,968.0
625,26.8996836138,0.35570451699,0.0,237.0,16.446723938,43.2857142857,67.0,30.0,10.1199943535,909.0
625,26.9874180126,0.357027460538,0.0,239.0,14.5103349686,39.380952381,69.0,23.0,12.2453100838,827.0
625,27.0068684102,0.35354933055,0.0,240.0,16.6281452179,43.8095238095,72.0,29.0,11.8178637986,920.0
625,26.9297580036,0.33997441773,0.0,238.0,12.8397874832,42.2380952381,61.0,26.0,9.91919735616,887.0
626,42.4550395321,35.6974464105,0.0,238.0,14.5654735565,42.7619047619,64.0,27.0,10.0444251299,898.0
626,42.4013234036,35.9473242294,0.0,237.0,14.2796640396,46.0476190476,63.0,32.0,10.4760497826,967.0
627,17.7475321229,28.6444413553,0.0,239.0,13.3275060654,38.1428571429,71.0,23.0,10.0910143905,801.0
627,17.7532551909,28.6041602885,0.0,238.0,12.9452219009,36.9523809524,57.0,19.0,9.8664897024,776.0
628,4.49395393829,32.4156048539,0.0,199.0,15.8434896469,36.4761904762,63.0,21.0,11.2009778485,766.0
628,4.44202142524,32.4548640659,0.0,198.0,14.291135788,33.2380952381,61.0,17.0,10.8577380789,698.0
629,30.090560656,1.94531029071,0.0,240.0,12.0622310638,38.9047619048,60.0,22.0,9.26771148615,817.0
629,30.1176399932,1.96008516938,0.0,239.0,14.3758640289,40.0952380952,69.0,25.0,10.4302673116,842.0
629,30.1565063396,1.97213203487,0.0,241.0,16.3415985107,42.0,67.0,26.0,11.7430830705,882.0
630,10.7419645263,36.9110948828,0.0,246.0,22.7920856476,43.380952381,72.0,20.0,14.7223510027,911.0
630,10.9730640479,37.0689654261,0.0,249.0,13.0314130783,36.380952381,57.0,20.0,9.90694801882,764.0
630,10.7155759215,37.0481508282,0.0,242.0,19.8730983734,40.9523809524,74.0,24.0,13.0517285847,860.0
630,10.9058839774,36.9528797889,0.0,248.0,12.2284736633,35.6666666667,53.0,23.0,9.50438495292,749.0
630,10.6177745732,36.8367811585,0.0,239.0,16.3152503967,40.9523809524,72.0,27.0,11.2003401309,860.0
630,10.5703968981,36.9005242265,0.0,240.0,16.8045635223,39.0,70.0,22.0,11.9247641486,819.0
630,10.6188230346,37.0362512353,0.0,245.0,12.3756084442,36.8095238095,56.0,10.0,10.35673234,773.0
630,10.8140792136,37.1115084785,0.0,250.0,22.1276607513,45.0,76.0,27.0,14.0463518395,945.0
630,10.8773763744,36.9203224248,0.0,247.0,29.4618301392,48.7619047619,84.0,30.0,16.5012265056,1024.0
630,10.5971834911,37.0281336592,0.0,243.0,16.6157970428,37.6666666667,61.0,23.0,10.5798550715,791.0
631,27.8350671386,38.4448162631,0.0,241.0,12.6137342453,41.8095238095,57.0,29.0,8.28624793027,878.0
631,27.7663650521,38.6157228911,0.0,253.0,35.3039093018,57.5238095238,115.0,33.0,21.5907828659,1208.0
631,27.7609026751,38.5765730517,0.0,252.0,42.9984283447,62.8571428571,133.0,37.0,27.2328583044,1320.0
631,27.7722341708,38.5149788567,0.0,244.0,21.5830116272,49.380952381,76.0,30.0,13.2267765932,1037.0
631,27.7902739385,38.5300319419,0.0,245.0,14.4786319733,43.8571428571,67.0,30.0,10.1502990807,921.0
631,27.7254294417,38.5215449975,0.0,250.0,23.4288368225,51.5238095238,87.0,33.0,14.2955204439,1082.0
631,27.7635716224,38.5447172166,0.0,254.0,31.9159698486,53.9523809524,98.0,22.0,21.4277301422,1133.0
631,27.7327640275,38.5285209006,0.0,246.0,35.8658027649,60.5714285714,113.0,32.0,23.0728659437,1272.0
631,27.7907528544,38.5653546658,0.0,249.0,44.6147727966,64.4761904762,128.0,27.0,27.3872580731,1354.0
631,27.7616124571,38.5031551219,0.0,242.0,18.1156311035,45.4285714286,81.0,27.0,12.035661297,954.0
631,27.7896097762,38.5051923095,0.0,251.0,20.5732383728,46.8571428571,79.0,26.0,14.4231956039,984.0
631,27.7691692439,38.5954799306,0.0,247.0,25.1856594086,49.3333333333,93.0,33.0,16.2028804024,1036.0
631,27.7963167655,38.4927402385,0.0,243.0,22.5110416412,50.1428571429,78.0,29.0,14.0544858116,1053.0
632,19.2264937079,12.9917768102,0.0,241.0,16.1262607574,43.2380952381,67.0,25.0,12.0245780047,908.0
632,19.2393830986,13.0102482784,0.0,242.0,12.2900409698,41.2380952381,59.0,24.0,9.75656067426,866.0
633,42.495436657,35.7122997185,0.0,244.0,17.4356517792,46.0,79.0,30.0,10.9087121146,966.0
633,42.5670879771,35.5750097148,0.0,248.0,13.3504362106,42.2857142857,68.0,26.0,11.0460076822,888.0
633,42.6221932935,35.6274590161,0.0,247.0,13.9020662308,46.8095238095,68.0,23.0,10.8564222819,983.0
633,42.5414134335,35.6711846316,0.0,245.0,14.5182561874,45.1428571429,60.0,29.0,9.56705657078,948.0
634,20.0626503608,32.251735228,0.0,244.0,13.3404417038,37.1904761905,70.0,18.0,11.002813493,781.0
634,19.9153196701,32.1436953884,0.0,245.0,12.5464868546,40.6666666667,59.0,27.0,9.43044714387,854.0
635,27.0655270655,0.0,0.0,247.0,14.671456337,44.0,64.0,29.0,9.54463199919,924.0
635,27.0071744291,0.215328177622,0.0,249.0,15.1154870987,40.6666666667,67.0,26.0,13.005127194,854.0
635,27.0655270655,0.0,0.0,245.0,12.7643575668,42.0,57.0,22.0,10.7610408419,882.0
635,27.0655270655,0.0,0.0,248.0,12.2133302689,46.0,61.0,28.0,10.7051389529,966.0
635,27.0511446171,0.155246558795,0.0,244.0,12.229927063,45.0952380952,63.0,29.0,9.34293723571,947.0
636,28.1684421632,25.3095788861,0.0,246.0,23.9397945404,50.2380952381,89.0,30.0,16.3429029303,1055.0
636,28.1771778307,25.3091632633,0.0,247.0,18.9157714844,46.0,78.0,27.0,14.0178457689,966.0
636,28.1752293773,25.2602598011,0.0,245.0,17.8917808533,46.380952381,77.0,31.0,11.8172593713,974.0
637,31.0533108927,5.48407978023,0.0,196.0,15.0827198029,42.619047619,61.0,30.0,9.97234270609,895.0
637,30.9312578849,5.45356522562,0.0,195.0,12.1007766724,37.4761904762,66.0,24.0,10.3228825801,787.0
638,38.5933257868,15.3807322702,0.0,197.0,18.7742042542,45.8095238095,69.0,31.0,11.1023378062,962.0
638,38.3919627639,15.510519961,0.0,196.0,14.862616539,41.9523809524,66.0,28.0,9.98236540343,881.0
638,38.3026889325,15.3111531431,0.0,195.0,13.1352767944,41.380952381,65.0,29.0,9.99738060932,869.0
639,31.3366984467,36.6231838206,0.0,252.0,16.3056335449,44.1428571429,74.0,32.0,9.68651492687,927.0
639,31.4530735003,36.735119863,0.0,253.0,14.618563652,41.380952381,62.0,22.0,10.5568754396,869.0
639,31.4061082518,36.7139600564,0.0,249.0,14.1864175797,45.5714285714,68.0,28.0,10.3950537688,957.0
639,31.3213708742,36.695205307,0.0,251.0,25.1389865875,50.0,84.0,32.0,15.5434873822,1050.0
639,31.3412117614,36.618649698,0.0,250.0,16.7712650299,44.2380952381,82.0,27.0,12.6605875136,929.0
640,19.650793227,1.65408789898,0.0,255.0,18.6152172089,43.9047619048,70.0,26.0,11.6486255065,922.0
640,19.521727123,1.84421921488,0.0,257.0,12.6393938065,39.0952380952,62.0,31.0,8.39586065811,821.0
640,19.9045146354,1.70188734381,0.0,250.0,13.6049814224,39.9523809524,63.0,24.0,10.2199617929,839.0
640,19.7427311918,1.69710023101,0.0,253.0,20.3429470062,44.0,74.0,27.0,13.1377319199,924.0
640,19.599731349,1.78723473845,0.0,256.0,16.0189189911,42.0476190476,71.0,20.0,11.2448930207,883.0
640,19.7771632514,1.67924566005,0.0,252.0,17.3425312042,42.0476190476,60.0,25.0,10.4042116014,883.0
640,19.6395125479,1.80553346388,0.0,258.0,16.4511699677,40.4285714286,69.0,23.0,11.2675260309,849.0
640,19.7777466635,1.63411462081,0.0,249.0,17.9019126892,41.7619047619,65.0,22.0,11.7766920733,877.0
640,19.7611091509,1.42205403448,0.0,248.0,13.1954650879,38.0476190476,55.0,25.0,9.26000102849,799.0
640,19.934581445,1.65300161087,0.0,251.0,15.6666526794,39.1428571429,66.0,27.0,11.0421271243,822.0
641,38.3155858031,15.5450873286,0.0,251.0,18.459148407,46.3333333333,69.0,31.0,10.9514078243,973.0
641,38.7183405118,15.5073952222,0.0,247.0,23.0108146667,48.9047619048,85.0,28.0,15.8300497848,1027.0
641,38.4105774182,15.4737115306,0.0,250.0,17.2038822174,47.0476190476,74.0,27.0,12.3631557075,988.0
641,38.43501997,15.4435135274,0.0,249.0,18.2741680145,49.380952381,68.0,30.0,10.365694335,1037.0
641,38.5381848828,15.4938772996,0.0,248.0,16.3747329712,46.1428571429,71.0,31.0,11.2173335258,969.0
642,18.7962836127,25.116960422,0.0,248.0,12.9504756927,36.7619047619,54.0,19.0,11.2955954332,772.0
642,18.8103914756,25.1037453379,0.0,249.0,14.3713607788,41.8571428571,67.0,22.0,10.5985174165,879.0
643,43.9037042726,26.181948996,0.0,248.0,24.7516021729,46.6666666667,74.0,30.0,14.6093577317,980.0
643,43.887610135,26.2038428508,0.0,249.0,18.3317260742,47.2857142857,72.0,33.0,11.3452318493,993.0
644,14.8818365433,33.3502797425,0.0,249.0,15.0427770615,39.619047619,62.0,17.0,11.1690473653,832.0
644,14.94144389,33.3840667776,0.0,248.0,15.0128669739,42.0,64.0,32.0,9.0,882.0
644,15.0270550515,33.5127676492,0.0,247.0,14.2912969589,39.7142857143,58.0,23.0,9.69093832992,834.0
645,31.6496109047,14.3511036044,0.0,194.0,19.7196941376,44.0952380952,85.0,23.0,14.0032309197,926.0
645,31.621631281,14.3554362292,0.0,195.0,20.399394989,46.7619047619,81.0,22.0,13.4718401189,982.0
646,19.1505040018,1.86507637306,0.0,194.0,16.1228122711,43.2857142857,63.0,30.0,10.5030607784,909.0
646,19.2027757652,1.93394165373,0.0,193.0,13.9646806717,40.7619047619,58.0,25.0,9.7514345709,856.0
646,19.1318928058,1.97764288889,0.0,195.0,16.2773780823,42.7142857143,68.0,29.0,9.57153518064,897.0
647,15.4521374628,34.9182682777,0.0,195.0,12.6425189972,37.4285714286,63.0,22.0,10.4621767743,786.0
647,15.5599205359,34.9563054876,0.0,194.0,15.3609056473,40.1428571429,68.0,26.0,10.6173712108,843.0
648,36.5585763991,38.4400278358,0.0,252.0,12.3664560318,40.7619047619,57.0,17.0,9.92927369904,856.0
648,36.6086585369,38.5775788455,0.0,254.0,12.1546506882,39.9523809524,56.0,20.0,9.60456240792,839.0
648,36.6271458633,38.422674561,0.0,253.0,14.4754838943,42.0952380952,62.0,27.0,10.0940812455,884.0
649,27.3554320293,19.4044708864,0.0,251.0,14.7555589676,41.0,73.0,25.0,13.1757352736,861.0
649,27.3257124479,19.3968959839,0.0,252.0,13.3048734665,42.5238095238,57.0,23.0,10.3180378349,893.0
649,27.3636759802,19.3486970968,0.0,253.0,13.6225070953,43.2380952381,70.0,26.0,11.2022531747,908.0
650,12.7777230641,17.006164117,0.0,251.0,14.012919426,40.7142857143,63.0,28.0,10.2720146862,855.0
650,12.8521708589,16.874218411,0.0,255.0,13.8555107117,39.8571428571,62.0,26.0,9.99642793345,837.0
650,12.6701335321,16.9290817842,0.0,250.0,13.1793956757,36.0,57.0,18.0,10.0697567001,756.0
650,13.0413141834,16.9691801008,0.0,253.0,15.1460056305,40.380952381,61.0,22.0,11.3994569628,848.0
650,12.9457118881,16.9897229237,0.0,252.0,16.1621665955,43.0,62.0,29.0,10.2713192921,903.0
650,12.972982522,16.8764183883,0.0,254.0,16.3134346008,39.8571428571,66.0,27.0,11.1994897843,837.0
651,14.9344408955,33.5998795076,0.0,253.0,21.5825843811,45.380952381,72.0,28.0,13.5590419664,953.0
651,14.9824608013,33.5281597404,0.0,252.0,16.9920005798,41.4761904762,64.0,28.0,11.2899027791,871.0
652,19.3541212055,4.47499517018,0.0,254.0,21.4058647156,49.0,80.0,20.0,15.0432709209,1029.0
652,19.4629688664,4.7141912441,0.0,253.0,12.9659852982,45.380952381,72.0,29.0,10.5616106275,953.0
653,28.0191369058,25.2676625374,0.0,254.0,17.0149116516,47.9047619048,79.0,32.0,10.5209541483,1006.0
653,28.0997098457,25.261288276,0.0,253.0,22.1636600494,45.9047619048,78.0,26.0,14.8724737751,964.0
654,39.7884689601,22.8473443254,0.0,255.0,16.3355484009,43.9047619048,74.0,24.0,13.3000179019,922.0
654,39.8367243527,22.7493113973,0.0,256.0,16.1889190674,46.0476190476,68.0,30.0,10.2736370895,967.0
655,23.668229685,18.5239031924,0.0,197.0,16.6509189606,44.0952380952,71.0,25.0,11.8823598746,926.0
655,23.7860981736,18.6151051648,0.0,196.0,13.2888183594,42.7619047619,67.0,29.0,9.7514345709,898.0
656,17.5617002407,16.3371274424,0.0,197.0,20.417722702,48.6666666667,76.0,27.0,14.3782242761,1022.0
656,17.6199669472,16.5047771646,0.0,196.0,13.614317894,44.6666666667,71.0,31.0,9.76387901058,938.0
657,19.4851175673,28.4537954663,0.0,197.0,13.2662639618,40.619047619,66.0,28.0,8.71479311559,853.0
657,19.563427555,28.4667616174,0.0,196.0,13.688706398,41.4285714286,63.0,25.0,9.71376049,870.0
658,10.3226743005,32.0013607657,0.0,197.0,15.6069507599,34.8095238095,64.0,21.0,11.3825262909,731.0
658,10.3411699126,32.0379105686,0.0,196.0,14.5215053558,36.3333333333,60.0,20.0,10.1456066025,763.0
659,33.1155401664,38.2661688519,0.0,257.0,13.2570638657,41.2857142857,61.0,24.0,10.3544331431,867.0
659,33.0355622818,38.3106997378,0.0,256.0,17.6206150055,45.2380952381,64.0,31.0,10.9768153938,950.0
660,31.409008258,36.9957751046,0.0,263.0,19.6369419098,46.2857142857,81.0,26.0,13.77731054,972.0
660,31.2072053971,36.7373168577,0.0,257.0,17.5084476471,46.7619047619,78.0,26.0,12.613107317,982.0
660,31.2722135386,37.0135667266,0.0,265.0,17.1490249634,45.1904761905,64.0,22.0,11.9315508113,949.0
660,31.2870930133,37.0969900655,0.0,262.0,14.4217424393,43.8571428571,60.0,29.0,9.90598664589,921.0
660,31.1698489499,36.9353788857,0.0,266.0,15.171330452,41.9523809524,72.0,27.0,10.0820443883,881.0
660,31.3045050291,37.0072606993,0.0,259.0,17.617143631,47.2380952381,67.0,31.0,10.1089305167,992.0
660,31.2605737177,37.0790183874,0.0,261.0,17.8201313019,44.2380952381,71.0,22.0,12.5056177852,929.0
660,31.2762310034,37.0929707054,0.0,260.0,17.6416721344,46.0476190476,73.0,27.0,13.9265077836,967.0
660,31.352229152,36.6635233998,0.0,256.0,12.5974349976,41.0952380952,59.0,27.0,8.0056527648,863.0
660,31.2897148852,36.8795843588,0.0,258.0,20.0272731781,45.8095238095,73.0,29.0,12.6040431911,962.0
660,31.2478007617,36.9486834288,0.0,267.0,15.330575943,41.2380952381,68.0,26.0,10.5589050659,866.0
661,12.4054369735,38.9647257691,0.0,257.0,13.2456588745,36.619047619,58.0,22.0,9.54188760401,769.0
661,12.2388901503,38.820460885,0.0,256.0,17.4977912903,42.0952380952,66.0,29.0,10.0643169759,884.0
662,40.5769107252,20.2392498679,0.0,257.0,16.4304275513,45.1904761905,69.0,28.0,11.4525938006,949.0
662,40.5434548216,20.1649227215,0.0,259.0,17.9894046783,45.2857142857,78.0,31.0,12.7559509922,951.0
662,40.5338338596,20.1498670571,0.0,260.0,15.3577890396,44.0,69.0,31.0,9.62288937898,924.0
662,40.4759509462,20.1394873696,0.0,258.0,17.0068359375,47.1904761905,82.0,28.0,12.0483154325,991.0
663,19.8603097941,38.9235467028,0.0,258.0,12.3771648407,40.1428571429,54.0,25.0,9.94628430262,843.0
663,19.7307994614,38.8949662416,0.0,257.0,12.2036218643,39.4285714286,62.0,22.0,10.3032588465,828.0
664,16.207413901,39.4203647463,0.0,258.0,12.148724556,44.0476190476,61.0,30.0,9.74923684437,925.0
664,16.1895718275,39.247151284,0.0,259.0,16.1846580505,42.380952381,63.0,28.0,10.9474937336,890.0
665,19.4855961783,4.47350848103,0.0,259.0,13.2130489349,41.8571428571,57.0,29.0,8.48107136089,879.0
665,19.5032719788,4.4629003193,0.0,260.0,16.2736911774,41.380952381,69.0,28.0,11.0067079114,869.0
665,19.3879231618,4.46649663074,0.0,258.0,13.4517889023,39.3333333333,60.0,20.0,10.919401693,826.0
666,0.349595137132,29.6029799144,0.0,278.0,16.1447849274,37.1428571429,66.0,22.0,11.1143408005,780.0
666,0.416008894981,29.5842472455,0.0,265.0,14.2359037399,35.9047619048,64.0,22.0,9.8990138999,754.0
666,0.542074047306,29.5682197981,0.0,272.0,14.6400413513,34.0952380952,63.0,18.0,11.2290015669,716.0
666,0.35180189122,29.5862793929,0.0,279.0,21.197353363,39.4285714286,77.0,21.0,14.5759096751,828.0
666,0.337034977172,29.5506998893,0.0,285.0,13.8723983765,33.4761904762,65.0,20.0,10.98917216,703.0
666,0.427630474427,29.69749112,0.0,289.0,16.166809082,35.9523809524,65.0,20.0,11.0656052274,755.0
666,0.405172146202,29.7597796848,0.0,258.0,18.1007423401,38.7619047619,59.0,19.0,10.0891266317,814.0
666,0.389730605598,29.7431384497,0.0,264.0,15.7812805176,37.1428571429,58.0,22.0,10.0114220483,780.0
666,0.47840019603,29.5874105146,0.0,274.0,12.3830566406,31.7619047619,51.0,17.0,9.38032388516,667.0
666,0.412076460392,29.6698394672,0.0,290.0,19.3409252167,37.5238095238,67.0,22.0,12.2744411181,788.0
666,0.474072698797,29.6412812272,0.0,273.0,19.6963310242,42.0952380952,69.0,26.0,11.5408178302,884.0
666,0.402478894842,29.5937683491,0.0,286.0,19.8544826508,38.0,75.0,19.0,14.6935359938,798.0
666,0.404493442796,29.7691248686,0.0,259.0,14.5684080124,34.0,57.0,21.0,9.088454214,714.0
666,0.380259718273,29.7208614845,0.0,266.0,19.2681179047,37.9523809524,59.0,19.0,13.5995448103,797.0
666,0.354465039819,29.5450417704,0.0,280.0,19.7905521393,39.380952381,83.0,21.0,14.2845237599,827.0
666,0.411066535856,29.7742657085,0.0,267.0,22.5035381317,39.0952380952,66.0,20.0,13.834394681,821.0
666,0.435349213099,29.5954307905,0.0,275.0,16.4940910339,38.2857142857,59.0,23.0,11.1899189324,804.0
666,0.324294727339,29.5770155824,0.0,282.0,14.9901781082,35.8095238095,63.0,21.0,11.6173105649,752.0
666,0.431953419449,29.6350898776,0.0,291.0,18.0846767426,35.5238095238,61.0,18.0,12.6634081022,746.0
666,0.413636154504,29.7704071069,0.0,262.0,13.8724536896,33.1428571429,59.0,18.0,9.29669680201,696.0
666,0.351360120617,29.7660831111,0.0,268.0,15.646238327,35.7142857143,59.0,23.0,10.4696841268,750.0
666,0.375142042616,29.5585635922,0.0,281.0,15.7163171768,33.1428571429,67.0,19.0,11.1816175676,696.0
666,0.354662371668,29.7269200467,0.0,269.0,22.3840465546,41.380952381,78.0,22.0,15.5707295605,869.0
666,0.293762002355,29.6236828177,0.0,277.0,21.6651802063,39.1428571429,70.0,14.0,15.8407250916,822.0
666,0.408369685382,29.6392512724,0.0,292.0,15.9431877136,33.8571428571,65.0,19.0,11.0511796397,711.0
666,0.420567291445,29.6784042208,0.0,288.0,22.935049057,38.1904761905,73.0,23.0,14.3931200496,802.0
666,0.349300404681,29.729410772,0.0,263.0,18.9858798981,36.5714285714,66.0,19.0,14.1970821952,768.0
666,0.460636092621,29.665618009,0.0,270.0,18.2159194946,40.380952381,62.0,23.0,10.9839710054,848.0
666,0.379244063344,29.5917111429,0.0,293.0,14.964392662,35.5714285714,64.0,18.0,11.7242118224,747.0
666,0.385085060624,29.6164443417,0.0,276.0,23.5075054169,40.619047619,70.0,25.0,13.4219081746,853.0
666,0.42980671685,29.7707902106,0.0,260.0,14.863948822,35.619047619,62.0,21.0,9.82586479897,748.0
666,0.457697680686,29.6951897087,0.0,271.0,13.2125673294,33.619047619,59.0,17.0,10.0472692334,706.0
666,0.276310942138,29.5207363551,0.0,283.0,14.2284088135,35.6666666667,59.0,20.0,10.0316166859,749.0
667,33.9005543806,19.3597232611,0.0,259.0,29.0101928711,56.2380952381,86.0,35.0,15.5528285592,1181.0
667,33.9297198234,19.3652445057,0.0,260.0,30.2736148834,55.9523809524,108.0,33.0,19.0275489501,1175.0
667,33.9059591653,19.3737089082,0.0,261.0,16.1084270477,45.9047619048,76.0,28.0,10.8761425235,964.0
667,33.8833021612,19.3626807089,0.0,262.0,14.6846561432,43.9523809524,68.0,30.0,10.4186188647,923.0
668,36.8866342652,38.5969021702,0.0,263.0,23.1815872192,48.9047619048,97.0,29.0,14.3662965371,1027.0
668,36.7782043617,38.6534289534,0.0,262.0,20.3788852692,46.619047619,79.0,27.0,13.6325939956,979.0
668,36.6951659271,38.6046689611,0.0,260.0,15.1255836487,40.9047619048,62.0,24.0,11.7766920733,859.0
668,36.7770289967,38.6387061048,0.0,261.0,28.3408164978,50.9047619048,89.0,32.0,16.4039774503,1069.0
669,28.8322233629,25.5312368468,0.0,262.0,14.4739494324,43.1904761905,67.0,29.0,10.9069658825,907.0
669,28.7583441867,25.4412034447,0.0,265.0,13.0035772324,42.0476190476,72.0,27.0,10.5189171994,883.0
669,28.7939030908,25.5025185244,0.0,264.0,18.9244937897,46.5238095238,86.0,32.0,12.2172789426,977.0
669,28.8551824336,25.5557741794,0.0,261.0,16.2175521851,43.8095238095,67.0,25.0,11.6731274628,920.0
670,19.7689894483,1.79724125227,0.0,262.0,14.3532762527,40.0,66.0,25.0,9.53939201417,840.0
670,19.814698256,1.72794188296,0.0,263.0,15.4888858795,40.3333333333,64.0,27.0,10.2045741378,847.0
671,35.1478600491,5.81757105333,0.0,264.0,17.453874588,44.7142857143,74.0,28.0,11.4330348427,939.0
671,35.0569074362,5.71586493658,0.0,262.0,17.0670986176,43.0,73.0,24.0,13.11106403,903.0
671,35.1198207875,5.75557708644,0.0,263.0,18.9990558624,48.1904761905,79.0,30.0,12.12278453,1012.0
672,10.7487913778,1.38451770446,0.0,264.0,12.7219190598,36.619047619,58.0,19.0,8.2248172653,769.0
672,10.7898036003,1.38412753637,0.0,263.0,13.8608751297,38.8095238095,60.0,20.0,10.4910392603,815.0
673,17.416119025,28.8112692555,0.0,259.0,12.6754646301,40.5238095238,58.0,26.0,9.43726150755,851.0
673,17.4713919625,28.8315011122,0.0,260.0,18.44506073,43.7619047619,76.0,26.0,11.9201709799,919.0
674,26.6887373035,21.2265621503,0.0,265.0,30.0056495667,53.2857142857,100.0,35.0,17.1614185228,1119.0
674,26.756285322,21.1524942215,0.0,266.0,18.4850120544,49.0952380952,75.0,26.0,11.806374388,1031.0
674,26.7068183801,21.1699511558,0.0,267.0,19.3294754028,46.0,75.0,27.0,13.1681433771,966.0
674,26.7674976733,21.23104431,0.0,264.0,14.8043384552,44.619047619,71.0,25.0,10.1758350541,937.0
674,26.5252029727,21.161034465,0.0,268.0,17.2742938995,45.8095238095,69.0,25.0,11.9189724709,962.0
675,27.2408634223,21.8392953745,0.0,251.0,12.1251974106,41.0952380952,67.0,25.0,10.1286956806,863.0
675,27.1669693643,21.8617346591,0.0,250.0,13.5060758591,40.6666666667,66.0,24.0,10.2290436177,854.0
675,27.3338484607,21.9039299537,0.0,252.0,15.3077449799,41.2857142857,69.0,29.0,9.90526555496,867.0
676,7.04451376197,1.81261242091,0.0,252.0,14.0898923874,34.4761904762,69.0,22.0,10.7732030874,724.0
676,7.16150824651,1.93965149042,0.0,251.0,16.9461746216,39.5714285714,62.0,25.0,10.1171706943,831.0
677,11.7454550061,7.5122066189,0.0,269.0,13.175573349,39.8571428571,54.0,27.0,8.95145638589,837.0
677,11.7646125727,7.53989713006,0.0,270.0,13.0134630203,41.380952381,59.0,29.0,9.52615447322,869.0
678,1.84118492587,39.1591368796,0.0,270.0,12.9199972153,33.5714285714,56.0,22.0,8.89703000204,705.0
678,1.82691121106,39.08324871,0.0,269.0,12.4664258957,33.2380952381,53.0,22.0,8.06786689221,698.0
679,17.593221686,28.7598468218,0.0,270.0,14.3776626587,42.1904761905,57.0,25.0,9.68823537915,886.0
679,17.6778528365,28.7925068311,0.0,276.0,13.5357503891,41.4285714286,58.0,27.0,9.82125973881,870.0
679,17.6650683873,28.76093168,0.0,272.0,15.8207988739,40.380952381,65.0,22.0,11.8172593713,848.0
679,17.7240036881,28.8169742881,0.0,277.0,19.6458568573,45.2380952381,69.0,28.0,12.0950599912,950.0
679,17.809678633,28.9180510632,0.0,280.0,24.3258037567,49.7142857143,81.0,27.0,16.8645867342,1044.0
679,17.6488227778,28.770298406,0.0,273.0,23.6107654572,46.7619047619,81.0,24.0,15.5399638414,982.0
679,17.7580366516,28.8718112097,0.0,279.0,16.6241893768,40.4761904762,62.0,21.0,10.7592706427,850.0
679,17.6581552822,28.7848255341,0.0,271.0,23.7170333862,48.4285714286,84.0,28.0,16.1386846694,1017.0
679,17.7120422937,28.8281771662,0.0,275.0,17.0270690918,42.9523809524,66.0,18.0,12.1386827559,902.0
680,27.2997991437,35.6775018878,0.0,270.0,18.7897815704,45.8095238095,71.0,30.0,11.2544171223,962.0
680,27.2615346196,35.691532826,0.0,271.0,14.3688259125,45.1904761905,69.0,30.0,9.67274029228,949.0
681,11.7229305769,7.51502607289,0.0,272.0,15.8111419678,43.2857142857,58.0,21.0,10.8126909562,909.0
681,11.6097152717,7.37204933115,0.0,273.0,16.3240356445,44.2857142857,68.0,29.0,9.70125176017,930.0
681,11.6230449863,7.42962473087,0.0,271.0,18.2701282501,48.619047619,73.0,33.0,11.6682311876,1021.0
681,11.542764308,7.35319587404,0.0,274.0,14.2035570145,39.9523809524,69.0,22.0,10.514162784,839.0
681,11.5637333154,7.40923333134,0.0,270.0,12.2321767807,39.0,59.0,20.0,11.401754251,819.0
682,10.7571710338,11.6181702592,0.0,250.0,14.2925453186,38.5238095238,64.0,27.0,9.53739507213,809.0
682,10.7700122593,11.3815669037,0.0,251.0,16.2868328094,40.2380952381,64.0,23.0,10.8531320913,845.0
683,10.837495907,1.45797129214,0.0,271.0,16.1381168365,39.5238095238,65.0,26.0,9.72429456372,830.0
683,10.7944738369,1.46170410704,0.0,272.0,19.7129745483,39.4761904762,73.0,20.0,13.9521290405,829.0
683,10.8594451977,1.48388746242,0.0,273.0,14.3809547424,39.8095238095,61.0,22.0,10.1075172402,836.0
684,43.9739928706,31.0611545712,0.0,272.0,23.5816726685,45.380952381,87.0,19.0,16.8537123224,953.0
684,43.9334416699,31.0679200218,0.0,273.0,16.1545505524,41.6666666667,75.0,27.0,11.6975780969,875.0
685,19.81971781,1.65417829819,0.0,273.0,15.5016155243,40.9523809524,63.0,28.0,8.95252026234,860.0
685,19.7025802722,1.70355803229,0.0,274.0,23.1033668518,49.5238095238,77.0,25.0,12.436313954,1040.0
686,25.9693169784,6.05408521994,0.0,277.0,12.7495975494,40.5714285714,67.0,25.0,9.47930075782,852.0
686,26.1782669738,6.15551529648,0.0,279.0,18.7456283569,44.6666666667,65.0,25.0,14.2173602801,938.0
686,25.9944439584,6.11364433706,0.0,275.0,12.86378479,44.0952380952,64.0,25.0,10.4637696931,926.0
686,26.1509942133,6.06621684449,0.0,278.0,14.3845443726,41.4761904762,73.0,29.0,12.1721774865,871.0
686,26.0936822367,6.02498579604,0.0,276.0,12.9292573929,41.2380952381,60.0,28.0,10.7326826185,866.0
687,39.7531603342,22.5455733995,0.0,276.0,21.2572841644,51.6666666667,93.0,34.0,14.7082743153,1085.0
687,39.8562972651,22.3781132515,0.0,275.0,19.5208969116,51.8571428571,81.0,31.0,13.7487661784,1089.0
688,38.6352429167,37.5852469323,0.0,278.0,13.570889473,42.4761904762,60.0,26.0,9.74996947492,892.0
688,38.7427398291,37.4198870622,0.0,276.0,16.6735076904,43.8095238095,64.0,25.0,11.9483013337,920.0
688,38.7187705107,37.5054160385,0.0,277.0,20.1506462097,48.1904761905,74.0,27.0,11.8685258041,1012.0
689,27.3667896831,35.535408026,0.0,278.0,12.7386846542,40.3333333333,71.0,24.0,10.9742121965,847.0
689,27.3454861677,35.7631261617,0.0,276.0,14.3983564377,41.9523809524,60.0,23.0,10.6980193984,881.0
689,27.297769245,35.5943131154,0.0,277.0,15.9286594391,46.0476190476,69.0,28.0,10.7493078404,967.0
690,38.9666528769,31.2704987347,0.0,278.0,19.0518760681,43.619047619,72.0,26.0,13.3134375369,916.0
690,38.892559171,31.3126923637,0.0,277.0,15.7336406708,41.0952380952,76.0,28.0,12.4615599421,863.0
690,38.9091111792,31.312648965,0.0,280.0,15.9931945801,41.7619047619,73.0,22.0,12.6447805908,877.0
690,38.9189124804,31.2954686297,0.0,279.0,19.6137275696,46.5238095238,73.0,29.0,13.3177289641,977.0
691,19.7060663753,4.42128685182,0.0,277.0,20.5385951996,43.619047619,93.0,26.0,14.2037888976,916.0
691,19.6753693503,4.42478535018,0.0,279.0,37.465133667,57.0,119.0,28.0,21.4872054954,1197.0
691,19.6548448851,4.42505995082,0.0,278.0,24.3905544281,49.6666666667,79.0,29.0,14.444145296,1043.0
691,19.7092625544,4.40794296025,0.0,280.0,16.8102169037,44.2857142857,63.0,24.0,10.1051613403,930.0
692,36.3130226031,17.907111817,0.0,281.0,15.9317913055,45.2857142857,69.0,29.0,11.6839328017,951.0
692,36.3773852223,17.9127724396,0.0,280.0,18.2124595642,44.2857142857,73.0,28.0,11.5505101928,930.0
692,36.3174809555,17.9077702581,0.0,279.0,24.6226139069,49.9523809524,88.0,28.0,15.5867770577,1049.0
692,36.3896550588,17.9153177136,0.0,283.0,13.3579053879,47.5238095238,59.0,36.0,7.94744643026,998.0
692,36.2894750143,17.9290166396,0.0,282.0,16.5363636017,46.8095238095,77.0,27.0,12.5164653462,983.0
693,15.987269569,26.9970183517,0.0,281.0,33.5290260315,54.619047619,109.0,27.0,23.9968251868,1147.0
693,15.9017874431,26.9079005402,0.0,280.0,14.1739721298,38.7142857143,61.0,22.0,10.1889295667,813.0
693,15.8979946774,27.0170001647,0.0,283.0,26.4392642975,50.0,89.0,31.0,17.2017440976,1050.0
693,15.9205156084,26.9925896915,0.0,282.0,29.5779666901,53.2857142857,99.0,32.0,18.1965459831,1119.0
694,32.7313874159,38.434911831,0.0,288.0,14.6019535065,44.3333333333,63.0,29.0,10.1011550495,931.0
694,32.7651784688,38.4795465419,0.0,282.0,22.0409374237,48.3333333333,76.0,24.0,14.3259670994,1015.0
694,32.7821881526,38.2527983379,0.0,287.0,12.821149826,41.380952381,59.0,31.0,8.03415328754,869.0
694,32.8159152079,38.3949997709,0.0,281.0,13.2490816116,44.2857142857,73.0,23.0,10.9687868843,930.0
694,32.8258536384,38.1975658098,0.0,286.0,12.3982419968,42.619047619,61.0,22.0,10.4090162382,895.0
694,32.9465973406,38.5368049148,0.0,280.0,15.571149826,48.0952380952,67.0,30.0,10.3387850442,1010.0
694,32.7970298336,38.3054447541,0.0,285.0,15.7563781738,46.2857142857,75.0,27.0,12.3294073545,972.0
694,32.6936150222,38.2988094417,0.0,289.0,13.4470424652,40.9047619048,60.0,31.0,9.3215061117,859.0
694,32.7665532113,38.4685365858,0.0,283.0,16.5363502502,49.1904761905,72.0,33.0,10.7266912308,1033.0
695,26.3560811657,5.9505720471,0.0,282.0,16.0673046112,43.6666666667,70.0,27.0,9.39858145325,917.0
695,26.3835137434,5.97440123796,0.0,281.0,15.0446176529,42.8095238095,71.0,25.0,12.1475061129,899.0
696,43.149179256,32.8166357782,0.0,236.0,12.6183385849,41.0952380952,61.0,23.0,11.5408178302,863.0
696,43.1355268731,32.772990452,0.0,237.0,15.8266019821,44.380952381,62.0,23.0,10.514162784,932.0
697,21.3643390634,3.28036229355,0.0,237.0,12.8700094223,38.4285714286,55.0,28.0,7.78184700808,807.0
697,21.4123091005,3.22640010594,0.0,236.0,13.161614418,40.5238095238,62.0,25.0,9.17942834614,851.0
698,6.06284195464,0.887276723049,0.0,285.0,16.360452652,36.1428571429,60.0,20.0,10.1207001452,759.0
698,6.09550702748,0.907968143174,0.0,283.0,15.4620409012,35.2857142857,57.0,24.0,8.98967661901,741.0
698,6.1019967731,0.913456556935,0.0,284.0,16.8681106567,35.9523809524,63.0,18.0,10.4855910204,755.0
699,11.5742732628,7.37722311815,0.0,285.0,16.4403381348,40.8095238095,65.0,27.0,9.72429456372,857.0
699,11.5852574398,7.32408807995,0.0,288.0,12.1425848007,37.2857142857,58.0,23.0,9.61323492453,783.0
699,11.5389906142,7.37606876562,0.0,289.0,13.6125926971,37.5714285714,59.0,23.0,9.7702171346,789.0
699,11.592074075,7.36711981273,0.0,292.0,22.0515537262,42.0476190476,77.0,19.0,14.7494955523,883.0
699,11.5807725913,7.36764598075,0.0,295.0,14.1350574493,35.9047619048,56.0,14.0,10.1039831844,754.0
699,11.6006332284,7.33313771896,0.0,284.0,12.2006855011,37.4285714286,62.0,24.0,9.35719738261,786.0
699,11.5671937014,7.35736076854,0.0,290.0,15.4749822617,38.0476190476,61.0,21.0,10.6839889109,799.0
699,11.5524634268,7.36690380588,0.0,280.0,15.0188550949,39.2380952381,56.0,21.0,10.8162135792,824.0
699,11.580958065,7.37356431637,0.0,286.0,16.8784637451,41.380952381,63.0,25.0,9.80548923041,869.0
699,11.5128931412,7.3580795953,0.0,283.0,16.373588562,38.5238095238,70.0,24.0,10.5148421178,809.0
699,11.5811480485,7.36278045275,0.0,287.0,20.7211532593,41.8095238095,75.0,19.0,14.0129192091,878.0
699,11.6210711233,7.35909303289,0.0,294.0,12.7232990265,36.8095238095,57.0,22.0,8.52419525597,773.0
699,11.5705149843,7.34878967186,0.0,291.0,16.888256073,41.1904761905,63.0,21.0,10.9435782431,865.0
699,11.5341677834,7.36179356676,0.0,281.0,14.7575263977,37.0,58.0,25.0,9.08295106229,777.0
700,8.4813878336,17.5020607045,0.0,286.0,16.8159732819,43.2857142857,71.0,29.0,10.784910093,909.0
700,8.38335587711,17.4523040425,0.0,285.0,26.328836441,47.7142857143,98.0,28.0,16.5231439416,1002.0
700,8.42799292789,17.3234451264,0.0,283.0,15.5596494675,40.4761904762,63.0,23.0,10.4958041503,850.0
700,8.37715025274,17.5008515919,0.0,287.0,14.0421581268,40.4761904762,59.0,25.0,9.06432042471,850.0
700,8.35037453927,17.3744434027,0.0,284.0,25.4312591553,47.6666666667,87.0,28.0,16.8087278916,1001.0
701,17.6412991105,28.996475672,0.0,290.0,13.7424001694,42.2380952381,63.0,29.0,9.09892719998,887.0
701,17.5716774371,28.8900226028,0.0,284.0,22.544052124,45.380952381,79.0,22.0,14.4584791402,953.0
701,17.5154899499,28.9270282663,0.0,294.0,26.3020591736,50.0952380952,96.0,24.0,17.4754249216,1052.0
701,17.3992019048,28.9809562953,0.0,293.0,15.2229890823,40.0,64.0,25.0,11.9373363863,840.0
701,17.5867615928,28.943140459,0.0,286.0,13.9082307816,39.7142857143,63.0,26.0,9.92039745748,834.0
701,17.5931328383,29.0208464217,0.0,289.0,13.9416503906,41.5238095238,60.0,24.0,9.35745183059,872.0
701,17.6145237236,28.9427916085,0.0,283.0,13.5011548996,40.5238095238,58.0,20.0,10.4528419467,851.0
701,17.7116517295,28.9813271737,0.0,288.0,12.3109302521,39.8571428571,58.0,27.0,8.72516884814,837.0
701,17.597202109,28.8641815172,0.0,285.0,16.6324291229,41.5238095238,60.0,24.0,10.6846574471,872.0
701,17.5738920214,28.9807693914,0.0,291.0,17.1345558167,40.4285714286,72.0,25.0,11.7071406781,849.0
701,17.606636416,28.8726779891,0.0,287.0,17.9249324799,45.3333333333,78.0,26.0,11.837792587,952.0
702,4.33947380967,33.7068689367,0.0,282.0,12.7173366547,35.3333333333,51.0,23.0,8.54595420847,742.0
702,4.44702802856,33.8742005611,0.0,284.0,15.874455452,36.7619047619,57.0,19.0,10.6813143475,772.0
702,4.39731481143,33.7886435482,0.0,283.0,14.9331121445,35.1904761905,58.0,22.0,10.0877105808,739.0
703,19.7620102033,1.54442053821,0.0,283.0,14.3350629807,40.4761904762,64.0,25.0,10.9481461792,850.0
703,19.7106186323,1.59856920398,0.0,282.0,18.8098907471,45.5238095238,81.0,33.0,11.7882104139,956.0
704,28.6450569608,25.5635228806,0.0,286.0,14.3447704315,44.0476190476,68.0,23.0,11.6080842109,925.0
704,28.6215155571,25.6400322214,0.0,285.0,16.4944896698,43.3333333333,74.0,29.0,11.2575900322,910.0
704,28.777835503,25.4069304319,0.0,288.0,12.0541095734,42.8571428571,65.0,26.0,9.5093938518,900.0
704,28.6734128138,25.489690708,0.0,287.0,14.6353740692,44.9523809524,61.0,28.0,9.80548923041,944.0
704,28.6326876717,25.624060677,0.0,284.0,17.5876255035,44.8571428571,72.0,28.0,11.1592370451,942.0
705,37.4697516533,26.6571805522,0.0,230.0,14.2790107727,41.0952380952,64.0,24.0,11.3221233075,863.0
705,37.4316559206,26.6807733264,0.0,231.0,15.0846967697,43.8095238095,80.0,27.0,10.8472072333,920.0
706,26.1653727627,2.17630863052,0.0,285.0,14.6337146759,42.6666666667,59.0,25.0,10.4083299973,896.0
706,26.1734533546,2.34692178563,0.0,287.0,18.239364624,39.619047619,65.0,23.0,12.6509928088,832.0
706,26.0921660945,2.34279524959,0.0,286.0,13.7983989716,39.8571428571,61.0,22.0,10.4368851401,837.0
707,26.3602171991,5.72317944845,0.0,286.0,15.9616889954,44.8095238095,65.0,26.0,10.6424576467,941.0
707,26.3059278617,5.73371891764,0.0,285.0,16.1929416656,40.6666666667,74.0,21.0,12.138094304,854.0
708,23.697942856,18.6941303889,0.0,286.0,15.0437288284,45.619047619,73.0,31.0,10.993071411,958.0
708,23.6964826259,18.7256573329,0.0,285.0,12.2791919708,42.7619047619,61.0,27.0,9.83313155564,898.0
708,23.5683914459,18.7532081015,0.0,287.0,18.0031242371,44.1904761905,76.0,27.0,12.5204594469,928.0
709,38.763589286,37.5751312503,0.0,287.0,17.5251979828,42.0,72.0,24.0,13.194695904,882.0
709,38.7351772058,37.4357401162,0.0,291.0,16.3296890259,45.7619047619,72.0,26.0,10.3145759094,961.0
709,38.8191372207,37.5279062288,0.0,288.0,19.1542930603,45.2857142857,77.0,31.0,12.3618075424,951.0
709,38.6959989378,37.5270576223,0.0,290.0,18.6735343933,46.4285714286,82.0,27.0,12.2660972953,975.0
709,38.5492853743,37.5522551374,0.0,286.0,12.6372556686,42.380952381,58.0,28.0,8.43490480371,890.0
709,38.5043992514,37.4917230975,0.0,285.0,13.6386699677,40.1428571429,75.0,29.0,11.5467991854,843.0
709,38.8762654779,37.5562039545,0.0,289.0,20.7709293365,45.9047619048,80.0,26.0,12.4615599421,964.0
710,15.911136271,26.9635634538,0.0,290.0,24.845123291,47.7619047619,94.0,27.0,15.5496133775,1003.0
710,15.8624064971,26.9951001269,0.0,293.0,13.2880096436,41.7619047619,64.0,26.0,10.7233612357,877.0
710,15.8446991121,27.0064314582,0.0,294.0,22.1560401917,47.5714285714,85.0,25.0,15.3087276694,999.0
710,15.9171628033,26.9266998256,0.0,288.0,16.5884914398,42.0952380952,68.0,29.0,11.7681976611,884.0
710,15.8958124137,26.9740895048,0.0,292.0,28.6514453888,53.0,85.0,35.0,17.1055546534,1113.0
710,15.9517889898,26.9390436652,0.0,289.0,28.8551921844,51.2857142857,91.0,27.0,17.1585047634,1077.0
710,15.9079635061,26.9679291575,0.0,291.0,21.9790229797,43.5238095238,74.0,22.0,15.3838195765,914.0
711,4.36721492767,33.7462508811,0.0,287.0,13.211596489,38.0,54.0,19.0,8.80340843083,798.0
711,4.38775653723,33.7745990939,0.0,289.0,18.1917915344,39.4761904762,65.0,26.0,11.2009778485,829.0
711,4.43074036089,33.8004419989,0.0,288.0,14.5538330078,34.2380952381,60.0,14.0,11.8907727331,719.0
712,26.1839912508,2.36048962773,0.0,291.0,14.4769411087,42.6666666667,59.0,28.0,9.55161417423,896.0
712,26.2313834161,2.30191372626,0.0,290.0,12.8510093689,40.8571428571,64.0,26.0,9.8299832873,858.0
713,13.0381030691,32.0158938017,0.0,287.0,14.4159317017,38.1904761905,59.0,24.0,9.9076689873,802.0
713,13.0664271193,32.0048197066,0.0,288.0,12.9076824188,39.0952380952,57.0,21.0,9.76168408578,821.0
714,10.6443668464,36.7898172239,0.0,288.0,15.349650383,38.9523809524,57.0,25.0,9.48934239279,818.0
714,10.5972619494,36.746140634,0.0,287.0,17.4369335175,40.7619047619,65.0,26.0,11.7426775563,856.0
715,21.0006913582,9.60809110575,0.0,288.0,13.6795501709,36.619047619,64.0,23.0,10.136450022,769.0
715,21.001149799,9.5878694931,0.0,287.0,14.3738632202,43.9523809524,60.0,25.0,9.45238694974,923.0
716,19.5449947526,21.7600643981,0.0,288.0,13.4381046295,43.1428571429,65.0,29.0,9.67618578928,906.0
716,19.530553169,21.7152017775,0.0,287.0,15.9095687866,39.380952381,64.0,18.0,11.8679239569,827.0
717,30.900064007,30.9311252357,0.0,288.0,12.8176012039,42.0476190476,64.0,23.0,10.38978436,883.0
717,30.8137432438,30.8665961386,0.0,287.0,14.3960294724,40.619047619,70.0,19.0,11.6596577586,853.0
718,6.00914405348,1.01016438335,0.0,292.0,13.7241888046,35.619047619,54.0,19.0,9.9873729803,748.0
718,6.03993282565,1.02802891398,0.0,291.0,13.0197639465,36.5714285714,58.0,18.0,9.26591295325,768.0
718,6.0848417439,1.00458047996,0.0,293.0,12.3538036346,35.2857142857,49.0,24.0,7.41041737787,741.0
719,15.8802483858,3.69151179387,0.0,293.0,16.2466907501,43.9523809524,65.0,24.0,10.9246335887,923.0
719,15.9460261364,3.74250552794,0.0,292.0,18.0894699097,39.619047619,79.0,22.0,13.3021659532,832.0
719,15.9912877276,3.8195448329,0.0,291.0,14.2548093796,40.5238095238,65.0,20.0,10.552815016,851.0
720,11.6764504546,30.8964859969,0.0,293.0,18.0258178711,43.2380952381,69.0,29.0,11.3925623189,908.0
720,11.6723916297,30.8147928134,0.0,292.0,13.7101984024,36.9523809524,70.0,24.0,10.9246335887,776.0
721,31.7163282205,13.6991936543,0.0,293.0,23.2798938751,50.1904761905,81.0,31.0,14.1266381267,1054.0
721,31.6061464609,13.604112547,0.0,296.0,19.2995300293,46.5238095238,81.0,28.0,13.1057966092,977.0
721,31.5985690325,13.5525137286,0.0,301.0,12.7872066498,43.4285714286,65.0,31.0,8.82933422502,912.0
721,31.5874378933,13.6022933649,0.0,300.0,18.9262523651,48.1904761905,73.0,30.0,12.0400126562,1012.0
721,31.6514892797,13.5997798203,0.0,299.0,15.7190570831,43.7142857143,72.0,20.0,12.0047609603,918.0
721,31.5851873872,13.7335302191,0.0,295.0,17.6023273468,46.5714285714,71.0,33.0,9.80597485501,978.0
721,31.5196710508,13.6308259412,0.0,297.0,22.5970649719,49.8095238095,77.0,29.0,13.876667639,1046.0
721,31.5562930364,13.6667660582,0.0,298.0,17.2403907776,49.0476190476,68.0,23.0,11.5129326867,1030.0
721,31.5864010283,13.6717684408,0.0,294.0,18.3064746857,47.7142857143,75.0,33.0,11.7223839604,1002.0
722,23.0272211493,14.1296738876,0.0,294.0,16.0619907379,43.9047619048,71.0,24.0,11.1261168514,922.0
722,22.9827686523,14.1459635195,0.0,293.0,14.8236465454,43.5238095238,70.0,24.0,11.7116140972,914.0
722,22.9438191608,14.110411466,0.0,296.0,17.1921710968,45.1428571429,70.0,23.0,12.1913318152,948.0
722,22.9173085541,14.1375704062,0.0,295.0,21.235294342,49.8095238095,84.0,24.0,13.8152779473,1046.0
722,23.0595857703,14.1251700752,0.0,297.0,14.9290342331,47.2857142857,64.0,35.0,7.53752517172,993.0
723,12.5219706232,2.86303034184,0.0,294.0,14.7148962021,39.4761904762,62.0,29.0,8.1462816525,829.0
723,12.5818583044,2.93177557512,0.0,293.0,15.7496862411,37.380952381,70.0,27.0,11.4344925138,785.0
724,27.370492263,35.7642942538,0.0,294.0,18.6268005371,45.0,76.0,32.0,12.4458828534,945.0
724,27.257135474,35.6857897997,0.0,295.0,17.3787345886,46.380952381,78.0,29.0,13.4107277598,974.0
725,13.3971789274,9.62337374713,0.0,296.0,18.732881546,43.6666666667,72.0,23.0,12.6148061156,917.0
725,13.4587538396,9.67134016689,0.0,299.0,22.5275382996,45.9523809524,74.0,23.0,14.3543588867,965.0
725,13.5794370995,9.55172988167,0.0,297.0,13.8919153214,37.7142857143,58.0,24.0,9.9556157878,792.0
725,13.53366126,9.62264438418,0.0,298.0,13.4317941666,40.2857142857,60.0,28.0,8.47433098919,846.0
726,32.6853878349,38.3011935615,0.0,297.0,20.1376743317,44.7142857143,74.0,24.0,14.5228883392,939.0
726,32.7592885167,38.3769626751,0.0,298.0,15.5464868546,45.0,66.0,29.0,9.51314879522,945.0
726,32.5482392884,38.2093325437,0.0,296.0,18.2807102203,44.9523809524,70.0,30.0,11.6896372505,944.0
726,32.7749247315,38.4372836944,0.0,299.0,21.7047672272,47.6666666667,85.0,28.0,13.4213759851,1001.0
727,24.29296151,1.36050583487,0.0,299.0,17.9038105011,45.8571428571,71.0,30.0,12.6541918521,963.0
727,24.4112869785,1.23862592902,0.0,300.0,12.5484933853,42.1904761905,58.0,30.0,8.78987512778,886.0
727,24.2758285941,1.37143781154,0.0,297.0,14.1416158676,43.1904761905,60.0,24.0,9.30923760369,907.0
727,24.2615264832,1.32015250457,0.0,298.0,16.6562232971,42.1428571429,67.0,28.0,11.3282201351,885.0
727,24.2653768608,1.4653830861,0.0,296.0,13.8521604538,40.7619047619,65.0,22.0,10.2416051569,856.0
727,24.5022339559,1.30290624672,0.0,301.0,16.4672431946,40.9047619048,79.0,26.0,11.9662223024,859.0
728,40.3536644327,34.7107165045,0.0,298.0,20.6348495483,49.2857142857,80.0,27.0,13.7264083326,1035.0
728,40.2511483416,35.0379396266,0.0,303.0,13.7134904861,43.5714285714,66.0,28.0,11.2630876254,915.0
728,40.2032204934,34.7729652779,0.0,297.0,18.6293239594,44.6666666667,75.0,22.0,14.3538612691,938.0
728,40.2820166778,34.7239463765,0.0,301.0,21.1502742767,47.6666666667,88.0,28.0,12.6741206138,1001.0
728,40.2242538689,34.9566419237,0.0,302.0,15.2285461426,46.8095238095,61.0,28.0,8.4653354784,983.0
728,40.3378840326,34.7076269492,0.0,299.0,14.6721353531,42.9523809524,68.0,25.0,11.46069889,902.0
728,40.3865403615,34.8142681286,0.0,300.0,27.9234657288,53.1904761905,94.0,28.0,15.5679769001,1117.0
729,1.34351124029,38.9673722731,0.0,297.0,14.9682836533,31.4761904762,62.0,13.0,12.0233899031,661.0
729,1.34653150794,38.938244192,0.0,298.0,12.3726243973,32.9047619048,51.0,19.0,9.4016209342,691.0
729,1.34196029599,38.9494776149,0.0,301.0,12.5453357697,34.6666666667,52.0,20.0,8.97403662425,728.0
729,1.37737429205,38.9162447181,0.0,302.0,12.7925386429,32.9047619048,54.0,16.0,9.77703821157,691.0
729,1.33911788288,38.9473145099,0.0,299.0,18.4304523468,36.0952380952,65.0,18.0,12.7667723482,758.0
730,42.2746490254,33.7947691833,0.0,304.0,21.0926494598,48.4285714286,85.0,32.0,14.1229296839,1017.0
730,42.2784278246,33.7821966937,0.0,298.0,18.6088275909,48.380952381,84.0,25.0,12.7807518968,1016.0
730,42.2324976127,33.7791211261,0.0,303.0,19.4504146576,45.9523809524,90.0,24.0,14.2494778518,965.0
730,42.210799321,33.7995603504,0.0,301.0,16.4118614197,46.4761904762,66.0,31.0,9.74996947492,976.0
730,42.2753706586,33.8079917268,0.0,302.0,20.7768421173,49.2380952381,86.0,34.0,13.5569346163,1034.0
730,42.2388268782,33.8043790569,0.0,299.0,24.0700054169,50.2380952381,100.0,32.0,14.3906384914,1055.0
730,42.2249643592,33.8175564717,0.0,297.0,12.868768692,41.0952380952,62.0,27.0,8.23956771867,863.0
730,42.2337846126,33.794284112,0.0,300.0,18.6934318542,44.6666666667,74.0,27.0,12.9241376244,938.0
731,15.0183323215,33.5846603906,0.0,298.0,15.7653083801,43.8571428571,64.0,23.0,11.1233345463,921.0
731,15.0392745643,33.5240301983,0.0,297.0,16.7673797607,41.1904761905,66.0,26.0,10.1272851625,865.0
732,40.1435796971,34.7295167765,0.0,291.0,12.5304489136,42.8571428571,67.0,25.0,9.85030818952,900.0
732,40.2124695904,34.6835116847,0.0,292.0,15.4881925583,46.1428571429,73.0,32.0,10.214135863,969.0
733,23.0763418449,13.9979778228,0.0,301.0,15.6051721573,43.4761904762,63.0,29.0,9.8164099732,913.0
733,22.9767948295,14.0121329726,0.0,302.0,15.9768390656,44.7619047619,70.0,25.0,11.759697113,940.0
733,23.039347288,14.0704134154,0.0,305.0,15.6117858887,43.8571428571,66.0,18.0,12.1131569555,921.0
733,22.9856729259,14.0673546653,0.0,304.0,15.22909832,45.7619047619,68.0,27.0,11.0720583538,961.0
733,22.9782927417,14.1189234743,0.0,303.0,12.1519422531,42.1904761905,67.0,27.0,10.6846574471,886.0
734,16.9938325072,20.011134126,0.0,301.0,22.2007217407,47.7619047619,84.0,29.0,14.9060550177,1003.0
734,16.9251812403,20.1330755222,0.0,302.0,14.3422689438,41.3333333333,60.0,23.0,11.1415139606,868.0
734,16.9947002155,19.9755364598,0.0,299.0,16.640586853,44.1904761905,66.0,32.0,10.2743323268,928.0
734,16.8792259654,20.0167893014,0.0,300.0,16.7051868439,44.9047619048,65.0,24.0,11.7213683583,943.0
734,17.0081394609,20.0754606362,0.0,303.0,18.0100631714,45.380952381,74.0,27.0,12.0103130287,953.0
734,16.9108625764,20.1389534101,0.0,304.0,14.0735883713,40.4285714286,67.0,26.0,11.2453164854,849.0
735,15.5473986607,3.84489770801,0.0,302.0,14.2857446671,39.3333333333,73.0,30.0,10.3650052259,826.0
735,15.7745295713,3.88766074915,0.0,306.0,14.3492183685,41.2857142857,79.0,20.0,13.1116088149,867.0
735,15.6514019772,3.86408175755,0.0,309.0,13.0229444504,39.4761904762,56.0,29.0,7.92224114515,829.0
735,15.6396061763,3.74409030115,0.0,299.0,17.0615539551,44.0476190476,66.0,30.0,10.4330062325,925.0
735,15.6063377982,3.83403575459,0.0,303.0,14.8485431671,42.7142857143,62.0,27.0,10.3785493068,897.0
735,15.6766480184,3.91594413334,0.0,305.0,16.5163230896,42.0952380952,64.0,23.0,10.6014374587,884.0
735,15.5576678889,3.79340622321,0.0,300.0,21.5465679169,44.6666666667,73.0,29.0,12.8192563487,938.0
735,15.5673302163,3.86105987085,0.0,311.0,12.3647441864,37.3333333333,64.0,27.0,8.74261593194,784.0
735,15.6114374698,3.85839140025,0.0,304.0,16.1972007751,40.7142857143,66.0,27.0,11.2033158357,855.0
735,15.634084079,3.89799556554,0.0,307.0,15.0942020416,42.0952380952,59.0,25.0,8.78011823329,884.0
735,15.5332573845,3.7725357092,0.0,301.0,17.8608093262,42.1428571429,81.0,31.0,11.7783093621,885.0
735,15.6698054229,3.85524614737,0.0,310.0,17.144744873,40.3333333333,61.0,25.0,11.4207413653,847.0
736,19.6270436823,9.64210274896,0.0,302.0,27.6576976776,50.9523809524,98.0,28.0,18.9828243169,1070.0
736,19.5777851603,9.47767547224,0.0,303.0,27.7653598785,47.9047619048,98.0,31.0,16.48910174,1006.0
736,19.6724570944,9.43671208894,0.0,304.0,12.2037410736,37.2380952381,56.0,22.0,9.79236826261,782.0
736,19.6262049339,9.67812099024,0.0,301.0,23.8053855896,50.2380952381,79.0,28.0,15.3749951607,1055.0
737,11.5200986024,7.38940955423,0.0,302.0,15.969745636,39.2380952381,60.0,26.0,8.93814724596,824.0
737,11.5432673935,7.38131266696,0.0,299.0,12.1576709747,36.9523809524,60.0,23.0,9.22754675131,776.0
737,11.5832351649,7.37639098355,0.0,303.0,12.7407112122,38.7619047619,57.0,27.0,8.91574316535,814.0
737,11.5775859115,7.36534854227,0.0,298.0,14.8486003876,37.2380952381,64.0,19.0,10.8069642449,782.0
737,11.5679925083,7.37070503638,0.0,301.0,12.1271409988,38.7619047619,61.0,28.0,7.77756235529,814.0
738,31.4458914677,26.6060915178,0.0,302.0,18.7752323151,47.2857142857,67.0,31.0,11.2166967381,993.0
738,31.2953867633,26.4438542253,0.0,303.0,21.313873291,48.6666666667,88.0,25.0,14.5922353782,1022.0
738,31.3203491227,26.5887251186,0.0,304.0,12.2413873672,41.380952381,58.0,24.0,8.59928014706,869.0
739,17.3818023952,28.7564784009,0.0,307.0,12.273733139,38.8571428571,53.0,24.0,8.28423632139,816.0
739,17.4747333459,28.9769401831,0.0,302.0,22.9188804626,46.7142857143,80.0,29.0,15.7991862358,981.0
739,17.4006495578,28.8475769773,0.0,306.0,25.8831272125,49.5714285714,83.0,18.0,15.7752065868,1041.0
739,17.5167985697,28.9154777896,0.0,305.0,17.2192783356,42.4761904762,69.0,25.0,11.8937758833,892.0
739,17.4954678461,28.9937955026,0.0,303.0,21.5596218109,46.4761904762,90.0,27.0,13.496736819,976.0
739,17.476218883,28.8478993174,0.0,304.0,17.6883087158,43.0476190476,70.0,25.0,11.2092648754,904.0
740,18.5275992419,35.6158722378,0.0,304.0,22.4007854462,45.1904761905,83.0,25.0,13.8874729437,949.0
740,18.4352098,35.5219668116,0.0,303.0,19.5559005737,45.7619047619,78.0,29.0,13.2661402145,961.0
740,18.3238872609,35.5485678966,0.0,302.0,12.1559314728,39.1428571429,60.0,22.0,9.49360687139,822.0
740,18.577250061,35.6653106697,0.0,305.0,13.6103258133,39.4761904762,67.0,21.0,10.9755138723,829.0
741,1.28064151606,9.46575951594,0.0,280.0,12.1349163055,33.3333333333,47.0,20.0,7.89514618822,700.0
741,1.23795162732,9.36301109626,0.0,281.0,17.1958770752,36.4285714286,59.0,19.0,12.1678733909,765.0
742,12.6933552002,32.9423691753,0.0,278.0,13.4432001114,41.0,58.0,19.0,10.17840852,861.0
742,12.8482657387,32.9285169148,0.0,281.0,14.7613401413,37.1428571429,66.0,21.0,11.4467712229,780.0
742,12.8718375294,33.0457933834,0.0,280.0,21.0604171753,44.7619047619,73.0,24.0,13.8596708543,940.0
742,12.7195524534,32.9693430365,0.0,277.0,15.7410955429,37.9047619048,78.0,23.0,13.3225551675,796.0
743,31.583730519,13.6185541232,0.0,307.0,18.3497085571,44.9047619048,80.0,31.0,11.497411717,943.0
743,31.4817671809,13.4611592973,0.0,310.0,16.3531265259,42.380952381,69.0,30.0,10.6839889109,890.0
743,31.5859265386,13.54092918,0.0,312.0,18.7894592285,42.6666666667,85.0,25.0,14.8200314889,896.0
743,31.4458926668,13.5578001484,0.0,317.0,19.3969898224,48.5714285714,76.0,35.0,12.3270897968,1020.0
743,31.5649518457,13.5781491654,0.0,306.0,20.9362678528,47.8095238095,79.0,30.0,13.1628987978,1004.0
743,31.4596149682,13.5733208905,0.0,305.0,19.9903831482,47.4285714286,82.0,23.0,12.544207542,996.0
743,31.5770002063,13.5899835581,0.0,309.0,20.9688243866,48.5714285714,73.0,30.0,11.7412581463,1020.0
743,31.431590529,13.4654633599,0.0,315.0,15.1666526794,44.7619047619,60.0,32.0,8.46111554055,940.0
743,31.5352042081,13.5022524009,0.0,314.0,15.7937860489,46.7142857143,73.0,29.0,11.3099197926,981.0
743,31.6043574636,13.5156331177,0.0,311.0,16.1075210571,44.7142857143,63.0,29.0,10.654308317,939.0
743,31.4945457902,13.6200404007,0.0,316.0,26.5767345428,48.9523809524,84.0,31.0,14.7325360698,1028.0
743,31.6503142484,13.5704346698,0.0,313.0,14.920296669,43.0952380952,65.0,27.0,10.7186975044,905.0
744,30.2529244375,6.15661205669,0.0,317.0,19.8805656433,47.2857142857,76.0,26.0,13.646035531,993.0
744,30.2170270559,6.38700224329,0.0,328.0,22.8312225342,47.2857142857,82.0,27.0,15.195864099,993.0
744,30.248235201,6.12142929737,0.0,311.0,27.2522144318,51.5238095238,89.0,24.0,18.1758604958,1082.0
744,30.3011650446,6.0716444228,0.0,305.0,21.9126815796,47.380952381,71.0,28.0,13.3021659532,995.0
744,30.219802518,6.17926913359,0.0,323.0,26.9690265656,52.6666666667,89.0,33.0,16.4266044371,1106.0
744,30.3132462233,6.0665801497,0.0,318.0,25.4984817505,48.9047619048,82.0,30.0,14.838816536,1027.0
744,30.2952371743,6.08746989325,0.0,306.0,16.8609752655,43.9047619048,68.0,25.0,11.1664889822,922.0
744,30.248437556,6.1167979421,0.0,312.0,23.4566040039,48.4285714286,75.0,24.0,15.532454502,1017.0
744,30.2836353143,6.1036797716,0.0,319.0,27.2804412842,52.2380952381,84.0,32.0,14.9228173007,1097.0
744,30.2840568229,6.37850847077,0.0,324.0,14.1487379074,43.1904761905,63.0,27.0,10.2010737063,907.0
744,30.2387223965,6.10178765521,0.0,313.0,33.0964508057,56.4761904762,114.0,31.0,20.407398285,1186.0
744,30.3137125976,6.09568404612,0.0,307.0,13.8360433578,40.8571428571,64.0,25.0,9.80451790903,858.0
744,30.2218257022,6.34900742222,0.0,325.0,16.9194049835,42.9523809524,72.0,26.0,10.7910897989,902.0
744,30.2200711024,6.13269965618,0.0,314.0,30.7534408569,56.3333333333,103.0,32.0,19.1815883944,1183.0
744,30.2772806357,6.15886954819,0.0,320.0,27.4681129456,53.3333333333,88.0,31.0,16.9627041869,1120.0
744,30.3217678805,6.06435605506,0.0,304.0,19.8456478119,45.1428571429,75.0,27.0,13.0087882383,948.0
744,30.1909666715,6.11217381326,0.0,308.0,31.1546230316,54.4285714286,101.0,34.0,17.0808999428,1143.0
744,30.1932020476,6.31947118476,0.0,326.0,23.6667366028,53.4285714286,80.0,34.0,12.432101305,1122.0
744,30.2103090287,6.1437098167,0.0,315.0,42.5808372498,64.4285714286,121.0,30.0,26.8357437545,1353.0
744,30.3100614393,6.18631097483,0.0,321.0,24.1638813019,51.1428571429,83.0,29.0,12.3987326541,1074.0
744,30.2077446775,6.08664755336,0.0,309.0,23.8135929108,49.380952381,95.0,32.0,14.4653938435,1037.0
744,30.1354612279,6.31640573224,0.0,327.0,23.2201023102,49.0,84.0,26.0,14.0142784331,1029.0
744,30.1920803239,6.20921473775,0.0,316.0,29.4514141083,53.2857142857,104.0,31.0,18.0835363166,1119.0
744,30.2073410768,6.10931837178,0.0,310.0,25.5847835541,52.5714285714,84.0,38.0,14.0127492969,1104.0
744,30.2637214904,6.16368377634,0.0,322.0,34.9185714722,57.4285714286,111.0,30.0,21.8118578497,1206.0
745,15.5748654477,18.5241890208,0.0,307.0,12.9659786224,39.4285714286,60.0,23.0,9.44230601374,828.0
745,15.5501797055,18.5409804027,0.0,306.0,13.3766832352,40.7142857143,69.0,27.0,9.14955112092,855.0
745,15.6636918906,18.5323108794,0.0,305.0,16.2207260132,40.2380952381,65.0,17.0,10.6859943941,845.0
745,15.589135198,18.5594614122,0.0,304.0,12.6389417648,40.380952381,62.0,29.0,9.34064339581,848.0
745,15.6035275678,18.5240360397,0.0,308.0,13.9594869614,41.4285714286,69.0,20.0,12.1760889803,870.0
746,17.2260474091,34.7426434077,0.0,306.0,23.0728816986,43.3333333333,72.0,16.0,16.4387752991,910.0
746,17.229385734,34.7596669086,0.0,305.0,12.7161874771,39.8095238095,60.0,22.0,9.19031581405,836.0
747,42.8262803775,35.741823043,0.0,308.0,14.6092939377,43.2380952381,73.0,29.0,10.3484528404,908.0
747,42.8819371015,35.7089698486,0.0,311.0,16.4391593933,43.1428571429,63.0,21.0,11.4380317987,906.0
747,42.6754717247,35.4934257411,0.0,303.0,13.4645881653,46.8571428571,63.0,33.0,8.73662242681,984.0
747,42.7227291348,35.467163999,0.0,304.0,12.5240488052,44.1428571429,63.0,31.0,10.5417537169,927.0
747,42.8620370678,35.7948626124,0.0,310.0,21.4269371033,48.6666666667,87.0,24.0,15.2063583192,1022.0
747,42.7771128904,35.6419272817,0.0,306.0,14.147851944,45.6666666667,66.0,28.0,10.9650961388,959.0
747,42.7499941551,35.7550855364,0.0,309.0,13.3367118835,43.0,75.0,28.0,10.5498815159,903.0
747,42.7222282276,35.6052196055,0.0,305.0,12.7782945633,43.6666666667,69.0,31.0,9.3666073545,917.0
748,18.3251962733,13.0422154658,0.0,306.0,16.1992912292,43.5714285714,70.0,29.0,10.1812151955,915.0
748,18.4471677136,12.9886596009,0.0,309.0,22.4149227142,49.9523809524,83.0,30.0,14.2635065481,1049.0
748,18.7566252926,12.9758843545,0.0,312.0,18.9529438019,44.6666666667,70.0,26.0,12.0885620871,938.0
748,18.4406776,12.9316269016,0.0,308.0,24.244354248,47.7619047619,94.0,28.0,16.0465097822,1003.0
748,18.6868967706,13.0363918127,0.0,311.0,18.8492355347,45.2380952381,77.0,26.0,12.1033250056,950.0
748,18.4188596783,12.9509592342,0.0,307.0,23.614440918,47.9523809524,80.0,28.0,14.0302394508,1007.0
748,18.5202714685,12.9599473996,0.0,310.0,27.3894462585,49.0952380952,96.0,28.0,17.4668393303,1031.0
749,11.5543322165,7.38744823239,0.0,306.0,26.304605484,42.0,102.0,24.0,17.9332094172,882.0
749,11.5814290356,7.40286035539,0.0,308.0,19.0383720398,42.0,73.0,21.0,12.0249740124,882.0
749,11.5381572313,7.35796411374,0.0,307.0,16.1159954071,37.3333333333,65.0,23.0,10.1554583025,784.0
750,40.4612982561,34.87070242,0.0,308.0,16.2216339111,47.619047619,76.0,28.0,13.124314041,1000.0
750,40.7516539018,34.8080021687,0.0,310.0,15.3536663055,50.1904761905,72.0,36.0,10.6236483734,1054.0
750,40.5238028066,34.8881649004,0.0,309.0,14.8263502121,50.6666666667,67.0,28.0,10.9833206879,1064.0
750,40.3982156268,35.0208518141,0.0,307.0,12.4338665009,43.1428571429,63.0,29.0,9.82489549199,906.0
750,40.5647202502,34.8435437886,0.0,311.0,13.0349235535,43.7142857143,61.0,28.0,9.24739345515,918.0
751,13.571374936,23.6706870688,0.0,307.0,13.1764936447,36.9523809524,70.0,15.0,10.7632531814,776.0
751,13.7411157414,24.2032650248,0.0,310.0,18.7588291168,43.0952380952,80.0,27.0,12.0037692493,905.0
751,13.6006509267,24.0111599475,0.0,309.0,17.6608276367,45.8571428571,74.0,30.0,11.6416739101,963.0
751,13.553624077,23.8047170658,0.0,308.0,21.466545105,46.8095238095,78.0,28.0,13.0675898605,983.0
752,34.5972023445,28.8205926179,0.0,307.0,15.6663351059,44.0476190476,65.0,24.0,10.5616106275,925.0
752,34.6462774358,28.8362158716,0.0,308.0,15.4382858276,42.6666666667,78.0,25.0,12.6780650469,896.0
753,19.8491415441,1.77734602922,0.0,277.0,15.810503006,41.7142857143,61.0,22.0,11.5375164448,876.0
753,19.7951291621,1.74769657133,0.0,278.0,13.6489887238,38.5714285714,61.0,30.0,7.59323006744,810.0
754,27.423059996,22.0678003103,0.0,277.0,15.5964946747,41.0952380952,64.0,24.0,11.0539801063,863.0
754,27.412187606,22.0941218965,0.0,278.0,13.8693084717,44.2857142857,65.0,28.0,8.50378067181,930.0
755,42.5732532471,26.1796774871,0.0,277.0,19.2690544128,45.619047619,71.0,26.0,12.607443002,958.0
755,42.5777855507,26.1793478305,0.0,278.0,13.1132831573,40.619047619,61.0,21.0,9.82077487002,853.0
756,18.6713993137,37.7800198437,0.0,311.0,13.5374031067,39.9523809524,58.0,26.0,8.42897497016,839.0
756,18.6740940406,37.686313,0.0,319.0,14.1493549347,41.2380952381,60.0,27.0,9.64315696183,866.0
756,18.650536404,37.5724456104,0.0,320.0,19.9427509308,43.7142857143,79.0,23.0,12.6259370232,918.0
756,18.5584584763,37.8661012434,0.0,310.0,12.3777561188,41.4285714286,59.0,25.0,9.87710194628,870.0
756,18.517393938,37.7303223408,0.0,318.0,17.3697109222,42.2857142857,74.0,24.0,12.5105669621,888.0
756,18.5089949674,37.9676240658,0.0,313.0,19.8276081085,45.619047619,73.0,23.0,12.5438279264,958.0
756,18.5029892067,38.0431512853,0.0,315.0,24.4349422455,48.4285714286,81.0,24.0,15.5034558359,1017.0
756,18.61799925,37.8911982814,0.0,312.0,18.6722068787,41.1428571429,83.0,25.0,14.9709242009,864.0
756,18.4333441955,37.6758289166,0.0,309.0,12.3183069229,38.9047619048,63.0,26.0,9.49686665119,817.0
756,18.6254686539,38.0305487014,0.0,314.0,18.0287761688,42.9047619048,66.0,28.0,11.8907727331,901.0
756,18.508507213,37.8881921788,0.0,317.0,15.6799430847,42.2380952381,71.0,22.0,11.1171253564,887.0
756,18.6677926922,37.6128094663,0.0,321.0,21.549911499,46.8095238095,81.0,29.0,12.9445704742,983.0
757,17.539761106,28.9008018541,0.0,313.0,20.0369968414,44.8095238095,74.0,29.0,12.9792875291,941.0
757,17.7316914084,28.8788470397,0.0,316.0,20.3404827118,44.0476190476,92.0,27.0,13.154756518,925.0
757,17.8371061706,28.6091702232,0.0,318.0,17.1777172089,40.380952381,67.0,23.0,11.8679239569,848.0
757,17.6530436772,28.8737685158,0.0,312.0,16.4244384766,45.7142857143,66.0,28.0,9.78847719077,960.0
757,17.841177068,28.6121566124,0.0,317.0,19.9356536865,43.7619047619,75.0,20.0,12.7589371105,919.0
757,17.654674725,28.8783339086,0.0,315.0,17.7007808685,44.0476190476,68.0,30.0,11.5085889251,925.0
757,17.5962468434,28.8772513745,0.0,314.0,12.054312706,39.2857142857,53.0,22.0,8.62057339823,825.0
757,17.5748549912,28.803244074,0.0,311.0,16.8720779419,43.1428571429,78.0,29.0,12.207725891,906.0
758,1.31123548481,38.9623492885,0.0,313.0,21.9232978821,36.7142857143,81.0,16.0,13.2217353518,771.0
758,1.30329218057,38.9534606533,0.0,314.0,18.564365387,35.5238095238,68.0,19.0,11.6945245633,746.0
759,11.5420225056,7.41876044389,0.0,317.0,20.304605484,41.9523809524,76.0,23.0,13.5110184312,881.0
759,11.6118642972,7.47444033467,0.0,321.0,13.7256603241,38.8571428571,54.0,24.0,8.91787931229,816.0
759,11.5423821487,7.38629798345,0.0,314.0,17.342206955,39.9523809524,71.0,25.0,11.4563353236,839.0
759,11.6190082055,7.46636097189,0.0,320.0,14.1223125458,38.4761904762,57.0,26.0,9.70370572317,808.0
759,11.5537103697,7.41082537453,0.0,324.0,15.0107030869,38.0476190476,71.0,23.0,11.7238056555,799.0
759,11.5643172272,7.41864045551,0.0,319.0,19.9679832458,42.5714285714,76.0,13.0,13.8837006182,894.0
759,11.5517060204,7.43429465691,0.0,313.0,23.4319190979,46.5238095238,73.0,20.0,14.9050966036,977.0
759,11.5491314495,7.42798673233,0.0,323.0,20.8360538483,43.8571428571,72.0,26.0,13.2336152063,921.0
759,11.5462331622,7.44727867964,0.0,316.0,12.8526678085,36.7619047619,70.0,22.0,11.2290015669,772.0
759,11.5852607607,7.37106833971,0.0,318.0,15.9028902054,40.8571428571,63.0,25.0,11.2706952505,858.0
760,26.806423597,9.41675697587,0.0,315.0,24.910402298,49.1428571429,80.0,27.0,16.3226398425,1032.0
760,26.7945690361,9.4008874511,0.0,314.0,23.00182724,50.5238095238,77.0,29.0,13.6331179399,1061.0
761,41.3980994733,39.0392387123,0.0,265.0,13.0965242386,45.0952380952,63.0,32.0,8.74016454024,947.0
761,41.3366122412,38.9765912276,0.0,266.0,12.4320850372,43.9523809524,61.0,31.0,8.36346931887,923.0
761,41.3750312465,39.0691240186,0.0,264.0,12.3392419815,45.3333333333,64.0,30.0,9.52015406038,952.0
762,6.10921231614,20.5250608617,0.0,318.0,16.0161552429,39.8095238095,63.0,26.0,10.604805739,836.0
762,6.15737167495,20.7905360937,0.0,323.0,13.8630905151,36.2857142857,59.0,16.0,11.6238670723,762.0
762,6.17940172098,20.7149314729,0.0,322.0,12.4962463379,35.8095238095,50.0,23.0,8.25602233293,752.0
762,6.15032107527,20.5671548763,0.0,317.0,14.6535177231,38.2857142857,63.0,26.0,10.4887695043,804.0
762,6.13814261502,20.7318400065,0.0,321.0,13.8518924713,37.4761904762,61.0,23.0,10.0678649555,787.0
762,6.22714412487,20.7154937889,0.0,320.0,13.4821529388,36.1428571429,59.0,19.0,9.66067137566,759.0
763,15.6219327867,18.5652340581,0.0,323.0,13.2828121185,41.3333333333,71.0,28.0,10.1061037662,868.0
763,15.5734021374,18.5578031103,0.0,322.0,14.6629552841,41.1428571429,71.0,27.0,11.3502674607,864.0
763,15.591683878,18.5215740486,0.0,318.0,14.0017375946,40.8095238095,61.0,30.0,9.41604507009,857.0
763,15.6116383746,18.539608257,0.0,321.0,15.175538063,42.4285714286,61.0,28.0,10.5478501533,891.0
763,15.6104574155,18.5511553439,0.0,317.0,14.8379507065,40.7142857143,62.0,25.0,10.2183308673,855.0
763,15.6036974468,18.5425422957,0.0,325.0,17.1490345001,43.2380952381,71.0,27.0,12.4816055133,908.0
763,15.6085472974,18.5662505665,0.0,320.0,15.1771087646,42.2857142857,66.0,24.0,11.8538721823,888.0
763,15.5880472835,18.543750822,0.0,319.0,15.8016815186,40.5238095238,63.0,21.0,12.0067441366,851.0
763,15.6072215168,18.5645720272,0.0,324.0,15.9059467316,41.0,68.0,24.0,11.7770964163,861.0
763,15.6346866925,18.5189216451,0.0,316.0,12.833738327,39.8571428571,89.0,25.0,13.0471671802,837.0
764,31.2153462821,37.7234839598,0.0,319.0,12.1659879684,38.1904761905,59.0,26.0,8.34637075392,802.0
764,31.17764745,37.657427013,0.0,318.0,18.7816486359,46.4761904762,81.0,32.0,11.5135530902,976.0
764,31.2168181729,37.5837756541,0.0,317.0,14.1702079773,40.2857142857,64.0,20.0,10.2720146862,846.0
765,17.3419954292,17.1202002473,0.0,318.0,14.0821113586,40.0952380952,63.0,27.0,9.74630577144,842.0
765,17.3617493899,17.2261867157,0.0,319.0,13.8207216263,41.2380952381,58.0,29.0,9.26771148615,866.0
766,28.532383492,25.74705175,0.0,317.0,13.4802465439,44.0952380952,61.0,22.0,8.96607362174,926.0
766,28.6352906895,25.892313789,0.0,316.0,12.9219245911,41.4761904762,68.0,27.0,10.1124628435,871.0
767,1.53545791571,9.08459720531,0.0,319.0,21.3746700287,38.6666666667,78.0,25.0,13.3204104041,812.0
767,1.4935647915,9.08920563229,0.0,320.0,15.805524826,39.6666666667,60.0,23.0,9.13418487515,833.0
768,14.9155074581,33.7107960864,0.0,320.0,14.5070161819,39.6666666667,71.0,26.0,12.1298529807,833.0
768,14.9263114288,33.5069705459,0.0,323.0,26.108039856,47.5238095238,91.0,27.0,16.6000573722,998.0
768,14.993531411,33.5082175313,0.0,326.0,19.5484962463,42.380952381,82.0,24.0,13.5737842567,890.0
768,14.8841628302,33.5967468248,0.0,322.0,22.3912067413,44.9047619048,87.0,26.0,15.9527576359,943.0
768,15.0021924549,33.7727770268,0.0,321.0,18.2648105621,43.380952381,76.0,21.0,12.607443002,911.0
768,14.9611511332,33.516886037,0.0,325.0,21.3823261261,43.2380952381,80.0,18.0,16.3030818004,908.0
768,15.042368712,33.6723239854,0.0,319.0,14.3089637756,42.3333333333,62.0,28.0,9.71768147931,889.0
768,14.9091685371,33.5602587878,0.0,324.0,26.0775909424,49.380952381,97.0,36.0,14.2775214602,1037.0
769,17.5732197674,28.7617259004,0.0,265.0,13.9976968765,40.6666666667,63.0,26.0,10.1800458414,854.0
769,17.7166329572,28.7616028533,0.0,266.0,12.7624521255,40.1428571429,66.0,25.0,9.41958446157,843.0
770,33.4186040388,3.03666187584,0.0,320.0,14.9558973312,42.0476190476,65.0,27.0,10.8049812146,883.0
770,33.4014437836,2.97148892999,0.0,321.0,12.1528606415,40.2380952381,56.0,26.0,9.3215061117,845.0
770,33.2931418739,2.94134851935,0.0,323.0,20.1863517761,41.2857142857,71.0,25.0,13.846092796,867.0
770,33.3879510928,2.9516013644,0.0,322.0,18.6722679138,42.0476190476,72.0,24.0,12.7611762408,883.0
771,34.1003753999,9.88811933097,0.0,322.0,14.4652166367,42.0,63.0,24.0,10.7888831674,882.0
771,34.0528052193,9.94024141186,0.0,321.0,21.0173873901,46.8095238095,78.0,29.0,13.5411190365,983.0
771,33.9413561328,9.79802627944,0.0,323.0,12.9798946381,41.4285714286,63.0,25.0,8.98649780822,870.0
772,29.7888164743,21.1980117682,0.0,323.0,25.3932437897,50.4285714286,94.0,30.0,14.8107104103,1059.0
772,29.6908562367,21.1720911654,0.0,322.0,22.6732616425,49.3333333333,84.0,19.0,15.6950098227,1036.0
772,29.9117681542,21.1280018918,0.0,328.0,16.7981147766,43.4761904762,70.0,26.0,10.9390083994,913.0
772,29.876827819,21.1426318759,0.0,325.0,12.5971794128,43.0,60.0,29.0,9.46572765296,903.0
772,29.8849873995,21.1098442961,0.0,327.0,13.186999321,45.6666666667,65.0,35.0,8.30261003139,959.0
772,29.8928185472,21.1615042324,0.0,324.0,17.177438736,46.5714285714,76.0,33.0,10.7961633397,978.0
773,34.8013727614,26.1550705728,0.0,323.0,12.7137784958,42.5714285714,64.0,27.0,10.4430427969,894.0
773,34.7881522467,26.1211413667,0.0,322.0,13.1016798019,43.5238095238,68.0,26.0,10.2840607136,914.0
774,33.6003230844,17.7406559807,0.0,325.0,19.1049251556,47.1904761905,69.0,26.0,12.2008977031,991.0
774,33.6392697766,17.763750045,0.0,324.0,17.2828884125,45.7619047619,67.0,31.0,10.8669441974,961.0
774,33.6432225455,17.7381227951,0.0,323.0,12.7782621384,42.619047619,78.0,30.0,9.97735531329,895.0
774,33.6675808994,17.7401889067,0.0,326.0,13.412522316,42.5714285714,68.0,30.0,8.88015443881,894.0
775,38.8622859735,19.7771498329,0.0,323.0,12.9278831482,42.4761904762,71.0,26.0,9.21205214716,892.0
775,38.797113221,19.7893627,0.0,325.0,21.5421009064,48.2380952381,89.0,31.0,14.0175060617,1013.0
775,38.7757090493,19.795461083,0.0,324.0,15.0154132843,43.7619047619,64.0,25.0,10.1631922244,919.0
776,39.8649708809,17.2505536264,0.0,325.0,15.9853887558,42.0476190476,78.0,30.0,11.5951549816,883.0
776,39.8459910729,17.1967463326,0.0,326.0,15.9093637466,44.0,70.0,32.0,10.17840852,924.0
777,13.841806539,24.2311003329,0.0,326.0,16.4054794312,41.619047619,75.0,29.0,10.1068105279,874.0
777,13.8607762329,24.2388454403,0.0,325.0,23.1693134308,45.9523809524,81.0,29.0,14.8474785417,965.0
777,13.8766969514,24.1977634768,0.0,327.0,13.6442451477,42.4285714286,58.0,31.0,7.47376363402,891.0
778,31.3519693757,26.4850965057,0.0,326.0,13.8049535751,40.7142857143,62.0,17.0,11.6367644006,855.0
778,31.4538615397,26.5157951832,0.0,325.0,12.9013652802,45.4761904762,65.0,35.0,9.01453852185,955.0
779,20.348371743,1.53134498044,0.0,328.0,21.5992794037,44.2857142857,75.0,24.0,13.8965566136,930.0
779,20.3484470243,1.50590398312,0.0,327.0,13.2158851624,37.5238095238,66.0,25.0,9.47955192833,788.0
779,20.3829385511,1.52081604525,0.0,329.0,17.0320262909,40.619047619,63.0,23.0,10.8142322449,853.0
780,11.5526091905,7.39581538631,0.0,328.0,12.4132499695,35.619047619,50.0,24.0,8.73198826429,748.0
780,11.5910002231,7.36188213459,0.0,330.0,14.6306009293,36.5714285714,64.0,20.0,11.0886041889,768.0
780,11.5663431754,7.41055373977,0.0,327.0,28.1451396942,45.380952381,88.0,26.0,18.2221738288,953.0
780,11.6109212787,7.41797549141,0.0,329.0,15.6369562149,38.7619047619,62.0,20.0,11.1351010858,814.0
781,18.4809070716,37.5189084603,0.0,328.0,18.0603122711,44.4761904762,72.0,27.0,11.0345776884,934.0
781,18.5551522729,37.5404828159,0.0,327.0,13.1252965927,42.3333333333,62.0,29.0,9.38260802407,889.0
782,32.9934399791,29.0436031896,0.0,326.0,12.2181825638,42.1904761905,67.0,25.0,8.99788334898,886.0
782,33.0090366599,29.0206173889,0.0,327.0,12.2273921967,42.0476190476,66.0,28.0,8.55848228646,883.0
783,15.7679235667,3.87174058546,0.0,328.0,16.844783783,43.3333333333,68.0,32.0,10.4944429739,910.0
783,15.8903850548,3.67002759999,0.0,330.0,15.040851593,42.3333333333,70.0,28.0,9.78945010373,889.0
783,15.9653708511,3.74671382113,0.0,332.0,15.7935600281,42.380952381,69.0,29.0,9.30847028505,890.0
783,15.9274773992,3.70922340985,0.0,329.0,21.018693924,44.8095238095,67.0,24.0,12.9638692049,941.0
783,15.9975380604,3.67812908773,0.0,334.0,24.5078315735,45.2857142857,78.0,23.0,17.0415458722,951.0
783,15.9965053251,3.71884506686,0.0,331.0,17.4060382843,43.6666666667,72.0,31.0,11.4644377679,917.0
783,15.9210810447,3.75659928017,0.0,333.0,19.555847168,43.7619047619,66.0,26.0,10.8393023849,919.0
784,33.8980236688,9.8366176802,0.0,328.0,12.7727003098,45.5714285714,65.0,31.0,8.94187580193,957.0
784,33.9489387968,10.1662027018,0.0,340.0,17.6291809082,47.0476190476,66.0,29.0,11.7195400527,988.0
784,33.6843090885,9.87123109333,0.0,332.0,15.8421802521,43.8095238095,64.0,26.0,9.93286991568,920.0
784,34.0085257065,10.1133106596,0.0,339.0,19.4523487091,47.6666666667,70.0,29.0,11.2353608457,1001.0
784,33.9088666024,9.99510527323,0.0,329.0,17.4761238098,45.2380952381,74.0,28.0,11.4144853669,950.0
784,33.8953698076,10.095108393,0.0,336.0,24.5869522095,51.0476190476,87.0,33.0,13.6068960108,1072.0
784,33.7791739394,9.93816071278,0.0,333.0,26.4236373901,51.4761904762,101.0,32.0,18.0322462484,1081.0
784,33.9581098025,10.2599007174,0.0,341.0,12.6522426605,42.3333333333,61.0,28.0,9.52015406038,889.0
784,33.8552402331,9.96374423958,0.0,330.0,19.0283756256,47.0476190476,63.0,28.0,12.6470399322,988.0
784,33.9741202857,9.96824917947,0.0,337.0,16.4700183868,48.1428571429,72.0,30.0,10.3018722293,1011.0
784,33.8209888544,9.98787928043,0.0,335.0,23.0270557404,50.7619047619,85.0,31.0,13.8416211547,1066.0
784,33.9744966812,9.97292440996,0.0,338.0,16.4067840576,44.619047619,74.0,28.0,11.8763470414,937.0
784,33.8168241159,9.95048440184,0.0,331.0,19.2926292419,50.9523809524,73.0,29.0,11.46069889,1070.0
784,33.872279249,9.93464631108,0.0,334.0,17.7131404877,49.380952381,73.0,30.0,11.1511263578,1037.0
785,31.194538483,37.5241576963,0.0,324.0,17.5137119293,44.8095238095,79.0,30.0,11.5914582673,941.0
785,31.2680522171,37.6225705366,0.0,323.0,17.8005619049,46.3333333333,74.0,29.0,12.2814222846,973.0
786,40.5290842765,34.7805041414,0.0,329.0,14.2878990173,44.5238095238,66.0,27.0,10.92986298,935.0
786,40.5514814471,34.8092522163,0.0,331.0,20.5970001221,50.380952381,82.0,33.0,12.0932881818,1058.0
786,40.5226289812,34.8886157135,0.0,332.0,13.9449958801,45.0,80.0,31.0,10.9954536059,945.0
786,40.5718912726,34.7868576039,0.0,330.0,18.771894455,48.1428571429,76.0,30.0,12.4148528557,1011.0
787,25.7233294885,16.9513381505,0.0,330.0,15.1410236359,42.7142857143,75.0,27.0,11.4592445525,897.0
787,25.7184141225,16.9631497705,0.0,329.0,15.9798965454,44.3333333333,64.0,30.0,11.1549689974,931.0
788,14.9655862065,33.6400758085,0.0,331.0,17.4663906097,44.0,66.0,23.0,11.8237050031,924.0
788,14.9366194517,33.7318944793,0.0,333.0,26.1983737946,48.8095238095,86.0,27.0,17.1715434589,1025.0
788,14.8954563097,33.678473245,0.0,334.0,25.0192832947,50.2380952381,85.0,32.0,14.0922133177,1055.0
788,14.9862289872,33.5395690161,0.0,330.0,13.9734115601,40.4285714286,59.0,20.0,9.49511152421,849.0
788,14.9003156184,33.6837421075,0.0,332.0,19.5398254395,44.5238095238,70.0,27.0,11.1383079847,935.0
788,14.9062876076,33.6505868561,0.0,335.0,13.6495838165,42.2380952381,65.0,31.0,9.50213008701,887.0
789,16.9908429438,20.1859604334,0.0,331.0,19.1271209717,47.1428571429,77.0,25.0,13.0318291666,990.0
789,17.1929009862,20.056862621,0.0,333.0,21.6632118225,45.5238095238,71.0,24.0,14.2394488925,956.0
789,17.1183493175,20.1690338812,0.0,334.0,26.6354160309,51.4761904762,80.0,32.0,15.3935669928,1081.0
789,16.9761375438,20.0676288247,0.0,332.0,12.1845903397,43.7142857143,63.0,30.0,8.65530390652,918.0
789,17.3161768868,20.2331281532,0.0,335.0,23.4265899658,50.5238095238,81.0,32.0,14.5795028983,1061.0
789,17.3974604301,20.395520776,0.0,336.0,14.8475294113,42.619047619,60.0,23.0,10.8049812146,895.0
790,5.94362414617,20.7272410782,0.0,333.0,14.8215427399,36.2380952381,67.0,22.0,10.4398503912,761.0
790,6.04924687002,20.617911914,0.0,334.0,12.9308319092,39.2380952381,59.0,24.0,9.44407095433,824.0
790,6.06892664865,20.836138987,0.0,332.0,15.3097352982,39.619047619,61.0,20.0,10.5710746401,832.0
791,31.4613155654,13.4384506121,0.0,321.0,14.3955917358,41.5714285714,59.0,29.0,9.30898183784,873.0
791,31.2850737557,13.4366682544,0.0,320.0,15.6916341782,42.7619047619,69.0,26.0,11.2200925215,898.0
792,28.8650243825,25.7003285152,0.0,321.0,12.5023679733,42.5714285714,68.0,28.0,10.3420086471,894.0
792,28.7163048648,25.7929854245,0.0,320.0,13.1086750031,45.4761904762,59.0,30.0,8.84092216694,955.0
793,38.8106475054,20.0347356364,0.0,334.0,17.3089370728,44.9523809524,71.0,30.0,11.8552781092,944.0
793,38.7156438407,20.1647105156,0.0,337.0,18.5969200134,49.4285714286,71.0,30.0,10.9616213608,1038.0
793,38.4943944521,20.2325588105,0.0,341.0,18.1952781677,45.7142857143,70.0,31.0,11.4067649101,960.0
793,38.5023733461,20.2595677517,0.0,340.0,13.1276702881,43.380952381,66.0,27.0,10.0870024808,911.0
793,38.4751233601,20.1877376601,0.0,339.0,17.5001296997,45.1428571429,68.0,28.0,11.1860882988,948.0
793,38.7861425332,20.1442270406,0.0,335.0,16.2106723785,43.7142857143,68.0,25.0,11.7138501661,918.0
793,38.5528862578,20.1875906734,0.0,338.0,20.7243785858,46.7619047619,75.0,27.0,14.16652661,982.0
793,38.7573656342,20.1366075214,0.0,336.0,22.7160949707,48.1904761905,90.0,27.0,15.9863036616,1012.0
794,27.3456869969,35.9238643632,0.0,336.0,21.6590061188,48.4761904762,80.0,33.0,12.8826202599,1018.0
794,27.2630293393,36.0281281378,0.0,343.0,18.1544361115,47.2857142857,81.0,27.0,12.534523753,993.0
794,27.1713145454,36.1254503545,0.0,345.0,16.1671676636,42.2380952381,73.0,24.0,11.3132875943,887.0
794,27.3909838159,35.8164232967,0.0,338.0,15.2980937958,44.5714285714,73.0,31.0,12.6276340958,936.0
794,27.2994485959,35.8192912835,0.0,342.0,15.9199762344,44.619047619,74.0,30.0,11.1286845156,937.0
794,27.1970431414,36.1368985624,0.0,344.0,13.2712688446,41.4285714286,57.0,30.0,8.316077372,870.0
794,27.1381394745,36.0722836259,0.0,347.0,15.0845050812,45.4761904762,67.0,31.0,11.8051643259,955.0
794,27.3420731619,35.8785864746,0.0,337.0,13.8974456787,42.3333333333,69.0,30.0,8.81665091366,889.0
794,27.3304926605,35.7761740297,0.0,341.0,15.7680664062,43.1904761905,62.0,25.0,9.77557695289,907.0
794,27.138539971,35.9520490655,0.0,346.0,18.2315292358,49.2857142857,75.0,38.0,11.4766844391,1035.0
794,27.3813494599,35.788416743,0.0,340.0,19.855255127,48.0952380952,75.0,33.0,12.8175846473,1010.0
795,16.4097343819,20.7145399613,0.0,338.0,22.970582962,49.6666666667,90.0,34.0,14.4198936658,1043.0
795,16.3873633577,20.7243115308,0.0,336.0,20.7193660736,46.1428571429,78.0,29.0,14.2031183699,969.0
795,16.3433497966,20.8102624407,0.0,337.0,17.7178249359,44.8095238095,75.0,26.0,11.6473990557,941.0
795,16.2266583763,20.7959182515,0.0,339.0,13.6390533447,43.7619047619,68.0,28.0,10.6578832885,919.0
796,11.6034328314,7.43017092151,0.0,342.0,21.4762744904,45.0952380952,76.0,28.0,13.1221368759,947.0
796,11.5527159865,7.40070124414,0.0,337.0,12.7941131592,34.1904761905,58.0,20.0,10.4719580195,718.0
796,11.5861464664,7.40953752748,0.0,340.0,38.7074928284,55.9523809524,110.0,26.0,24.9529080279,1175.0
796,11.6159353202,7.43085686802,0.0,344.0,21.4696483612,43.619047619,73.0,27.0,13.6911511221,916.0
796,11.6011555094,7.42942489881,0.0,339.0,12.3752279282,38.7619047619,55.0,24.0,8.59013831032,814.0
796,11.5834192514,7.42449959002,0.0,338.0,20.2427082062,42.619047619,80.0,21.0,14.1897011613,895.0
796,11.5878974559,7.43272626894,0.0,336.0,38.3439483643,55.1428571429,114.0,28.0,25.8481831359,1158.0
796,11.5932947453,7.43142820861,0.0,333.0,24.9706745148,45.9047619048,82.0,23.0,17.040847285,964.0
796,11.5862558412,7.39455861781,0.0,343.0,20.3456687927,42.5714285714,70.0,26.0,13.5372501956,894.0
796,11.5901888838,7.45432999518,0.0,334.0,18.112329483,39.9523809524,74.0,18.0,14.0266752671,839.0
797,13.2875818419,17.1999523189,0.0,337.0,14.4678516388,40.3333333333,68.0,25.0,10.2388150356,847.0
797,13.2538798276,17.1874296493,0.0,336.0,13.0291843414,39.0952380952,62.0,26.0,9.17008594237,821.0
797,13.2266789608,17.2149307525,0.0,338.0,15.8881092072,41.2857142857,59.0,26.0,9.98069565282,867.0
798,6.00062603195,20.4890082383,0.0,338.0,18.8362541199,41.3333333333,65.0,25.0,12.3787452245,868.0
798,5.9881657858,20.4745798762,0.0,340.0,12.7717437744,32.0952380952,51.0,18.0,9.98451181533,674.0
798,5.94865215198,20.5760604133,0.0,337.0,19.8633728027,41.9047619048,66.0,30.0,10.9036909435,880.0
798,5.97654409738,20.4711999384,0.0,339.0,13.6137046814,35.1904761905,55.0,19.0,10.0529550264,739.0
799,30.5938403716,6.43467219443,0.0,342.0,16.871887207,44.380952381,70.0,30.0,11.4257436978,932.0
799,30.4455035694,6.46325750306,0.0,340.0,19.0382728577,45.9523809524,73.0,26.0,12.7963908602,965.0
799,30.4345316714,6.49434558231,0.0,339.0,19.8143825531,48.0,72.0,28.0,12.1655250606,1008.0
799,30.557383191,6.50094739799,0.0,343.0,20.4106616974,46.0476190476,70.0,16.0,12.9014580202,967.0
800,16.141794259,3.60651991488,0.0,340.0,26.2215023041,47.2857142857,90.0,25.0,16.1559365471,993.0
800,16.0968696362,3.56557383912,0.0,339.0,14.2872276306,42.0952380952,63.0,27.0,10.2951676135,884.0
800,16.0357610226,3.62374466534,0.0,343.0,12.4067802429,39.7619047619,63.0,26.0,8.68276892417,835.0
800,16.1498411788,3.62128553141,0.0,342.0,20.7377929688,43.619047619,73.0,25.0,13.2908848106,916.0
801,13.1338707086,24.8665552432,0.0,340.0,15.1400136948,41.1428571429,68.0,17.0,10.1453719216,864.0
801,13.2099843091,24.8674635089,0.0,341.0,13.039978981,37.6666666667,56.0,25.0,9.13418487515,791.0
801,13.1226388317,24.8730471739,0.0,339.0,19.0657787323,43.2380952381,70.0,25.0,11.7341585208,908.0
802,14.0999463709,24.3314860453,0.0,338.0,15.3310832977,40.6666666667,71.0,19.0,12.2528908154,854.0
802,14.1296255078,24.4211582781,0.0,341.0,13.7397546768,44.0476190476,69.0,33.0,10.20527408,925.0
802,14.0887223996,24.3786961442,0.0,340.0,12.2603816986,40.0476190476,60.0,29.0,8.04037431017,841.0
802,13.9498192066,24.3027375363,0.0,339.0,25.4948101044,48.1904761905,90.0,25.0,17.333836989,1012.0
803,39.7369537402,17.5578853907,0.0,349.0,23.7552585602,46.5238095238,82.0,30.0,16.0767504416,977.0
803,39.6939616489,17.4467567125,0.0,350.0,15.5408201218,45.9523809524,74.0,28.0,12.583625036,965.0
803,39.8452126683,17.3270422548,0.0,340.0,15.5821809769,45.5714285714,66.0,25.0,9.80597485501,957.0
803,39.8419515713,17.3078134694,0.0,341.0,14.211482048,40.9523809524,68.0,22.0,10.7120315089,860.0
803,39.7342329929,17.5570573788,0.0,348.0,18.0715141296,47.2380952381,77.0,30.0,10.9859217269,992.0
803,39.7191653144,17.4517348966,0.0,344.0,21.5825080872,46.3333333333,86.0,29.0,13.3466600067,973.0
803,39.6663498415,17.493634935,0.0,347.0,21.2163410187,48.9523809524,78.0,27.0,13.694802629,1028.0
803,39.692702208,17.4501180532,0.0,346.0,20.7052898407,47.7142857143,76.0,31.0,14.0326150704,1002.0
803,39.7327349732,17.5310060863,0.0,351.0,18.8964500427,47.7142857143,67.0,26.0,10.9687868843,1002.0
803,39.8921531347,17.3205634284,0.0,343.0,14.9316825867,43.4761904762,70.0,29.0,11.2366322696,913.0
804,19.5584229484,21.5867479163,0.0,342.0,14.6043319702,40.380952381,74.0,28.0,10.3849708256,848.0
804,19.2202884048,21.7912449326,0.0,340.0,16.2199172974,44.0952380952,64.0,22.0,11.3661988453,926.0
804,19.3574178933,21.6515779613,0.0,341.0,14.9791669846,40.1904761905,67.0,23.0,12.0441647598,844.0
805,17.4488746784,20.6185058459,0.0,342.0,23.143415451,47.8095238095,84.0,25.0,14.7398068088,1004.0
805,17.5261356596,20.4756557524,0.0,340.0,14.6161804199,40.380952381,63.0,28.0,10.0572172616,848.0
805,17.4735727131,20.5040117447,0.0,341.0,16.0075397491,44.1428571429,63.0,32.0,10.4416747425,927.0
805,17.4734062111,20.7462052217,0.0,343.0,13.0059642792,38.619047619,66.0,21.0,11.5042435235,811.0
806,17.8812092669,28.7906946269,0.0,345.0,16.4059028625,42.9523809524,67.0,27.0,11.5865274801,902.0
806,17.8216775466,28.9241651295,0.0,344.0,13.0848226547,39.8571428571,58.0,20.0,10.1256393096,837.0
806,17.8821478117,28.8110352878,0.0,343.0,13.011423111,40.4285714286,62.0,20.0,9.36787824735,849.0
806,17.8248847273,28.7471687221,0.0,346.0,16.1511936188,43.5714285714,69.0,27.0,11.6471946346,915.0
807,5.70494969018,31.6253517769,0.0,299.0,14.1161632538,37.2857142857,59.0,21.0,9.824168449,783.0
807,5.70232498549,31.6226937868,0.0,300.0,15.2783193588,35.0952380952,55.0,23.0,10.5446894781,737.0
808,26.3627804204,18.8286808321,0.0,301.0,15.8242826462,44.380952381,67.0,31.0,10.3173455427,932.0
808,26.3869176465,18.8137983116,0.0,300.0,14.2427978516,42.2380952381,69.0,26.0,11.2645672882,887.0
809,30.1429473818,7.27792231677,0.0,353.0,25.5008201599,53.1428571429,84.0,33.0,14.6536197381,1116.0
809,30.1139176803,7.10052137242,0.0,359.0,17.1628036499,48.9047619048,75.0,32.0,10.2416051569,1027.0
809,30.2040455136,7.28153447639,0.0,347.0,21.136138916,47.2857142857,84.0,30.0,14.4676980102,993.0
809,30.0497919031,7.22683434176,0.0,355.0,29.9792289734,59.0952380952,100.0,33.0,18.0136191863,1241.0
809,29.9460851929,7.32990166171,0.0,362.0,15.151216507,42.5238095238,65.0,26.0,10.7639167946,893.0
809,30.0403978895,7.22059202698,0.0,357.0,45.7587814331,67.9523809524,141.0,41.0,25.2338585842,1427.0
809,30.2793599479,7.23603920098,0.0,349.0,20.9117050171,46.0952380952,81.0,24.0,13.8704893998,968.0
809,30.3161637494,7.29452198875,0.0,345.0,20.3951034546,47.1904761905,82.0,25.0,14.524527695,991.0
809,30.1311627803,7.25420634122,0.0,352.0,28.5335826874,53.9047619048,96.0,37.0,15.8993860319,1132.0
809,30.2915758338,7.26606285604,0.0,348.0,19.7170333862,46.0476190476,73.0,28.0,11.740852569,967.0
809,30.0360741518,7.1832579025,0.0,360.0,22.2626075745,51.2857142857,80.0,32.0,13.9253109737,1077.0
809,30.0604600354,7.11138662134,0.0,358.0,29.7018260956,58.0476190476,99.0,32.0,17.3449594709,1219.0
809,30.2779956873,7.26121093572,0.0,346.0,19.2952480316,45.2857142857,71.0,27.0,11.5980293893,951.0
809,29.9922743118,7.49360690923,0.0,364.0,17.5632152557,47.0,74.0,32.0,11.6146459266,987.0
809,29.9432214856,7.42404515085,0.0,363.0,19.6357955933,46.0476190476,84.0,31.0,14.1155098756,967.0
809,30.0121130803,7.20196622758,0.0,356.0,41.9173660278,70.2380952381,129.0,37.0,22.5829687196,1475.0
809,30.0100559157,7.20024503223,0.0,361.0,25.2991790771,50.2857142857,79.0,30.0,16.2577454069,1056.0
809,30.1896974677,7.16688887115,0.0,350.0,16.2527809143,44.8095238095,70.0,29.0,11.6902482763,941.0
809,30.1326233888,7.23573923768,0.0,354.0,22.605096817,51.0,84.0,33.0,13.8491877018,1071.0
810,33.4110123859,10.0669487402,0.0,361.0,24.8251552582,54.0476190476,87.0,34.0,14.001700577,1135.0
810,33.6541377486,10.1126414141,0.0,350.0,20.858915329,47.0,71.0,29.0,12.5259730161,987.0
810,33.3578891954,10.0702893896,0.0,354.0,17.5858383179,45.2857142857,74.0,31.0,11.9211696454,951.0
810,33.36289985,10.105161544,0.0,366.0,22.0693874359,48.7619047619,85.0,30.0,14.7272019131,1024.0
810,33.3653812588,10.0288177508,0.0,353.0,21.840467453,50.0,82.0,31.0,14.7648230602,1050.0
810,33.425856339,10.0033613778,0.0,359.0,27.2300243378,53.0476190476,89.0,29.0,15.3443024947,1114.0
810,33.3991220008,10.1123088889,0.0,355.0,27.6850986481,55.7619047619,105.0,34.0,16.0059512742,1171.0
810,33.3861433924,10.0029820197,0.0,357.0,17.5060653687,48.0,63.0,30.0,10.4211323761,1008.0
810,33.44078689,10.0938695917,0.0,362.0,20.5523834229,49.2857142857,82.0,32.0,13.0887083287,1035.0
810,33.4139844158,10.1054565711,0.0,365.0,25.776473999,51.5238095238,87.0,30.0,15.2925440906,1082.0
810,33.8637768844,10.0431455291,0.0,349.0,29.4194755554,57.4285714286,92.0,33.0,18.4623168334,1206.0
810,33.2682229519,9.9765915829,0.0,368.0,22.1648330688,48.5714285714,83.0,22.0,14.6545945989,1020.0
810,33.4543274646,10.0871517257,0.0,352.0,30.482170105,54.0952380952,108.0,32.0,18.6491414331,1136.0
810,33.8064801224,10.1597409925,0.0,348.0,21.3547019958,50.0,74.0,28.0,14.8290255917,1050.0
810,33.4570935389,10.0694813821,0.0,360.0,18.2926959991,47.2857142857,71.0,27.0,12.0089252523,993.0
810,33.4471699554,10.0298936954,0.0,358.0,20.4608078003,47.7619047619,75.0,29.0,13.3600327915,1003.0
810,33.4235596095,10.1024650735,0.0,364.0,22.9358825684,49.6666666667,98.0,29.0,14.9510311796,1043.0
810,33.4789022972,10.0921500015,0.0,351.0,16.1271400452,45.4285714286,73.0,33.0,10.0825166926,954.0
810,33.4914543485,10.1309130309,0.0,363.0,18.5590457916,49.2380952381,77.0,36.0,10.9265949037,1034.0
810,33.4040499494,10.1254352396,0.0,367.0,19.7267074585,45.2857142857,72.0,33.0,10.4744587313,951.0
810,33.4417992529,10.0124214721,0.0,356.0,15.5949640274,42.1904761905,72.0,20.0,12.3029226106,886.0
811,10.1475684468,20.0595190643,0.0,349.0,15.4287567139,40.7619047619,64.0,23.0,10.9768153938,856.0
811,10.1257339772,19.957297396,0.0,348.0,17.9215164185,39.8571428571,66.0,21.0,11.0918245311,837.0
811,10.1301315368,19.9634678907,0.0,347.0,13.3054456711,40.8095238095,55.0,29.0,8.55347325722,857.0
812,16.3079128033,21.0109588733,0.0,349.0,32.5550918579,55.1904761905,101.0,33.0,19.1431947376,1159.0
812,16.185158137,21.0192317268,0.0,350.0,15.6760959625,42.9047619048,70.0,29.0,10.9677014999,901.0
812,16.3182368698,21.0504230486,0.0,348.0,27.7491188049,52.8571428571,92.0,31.0,17.861370928,1110.0
812,16.2005023728,21.0760532295,0.0,351.0,12.2502746582,42.0,58.0,30.0,7.40945342114,882.0
813,12.1973014642,20.6049336847,0.0,356.0,25.4526443481,49.2380952381,88.0,32.0,14.1347258973,1034.0
813,12.4142868531,20.7470259733,0.0,350.0,21.6475143433,46.6666666667,76.0,35.0,12.179217271,980.0
813,12.1982639904,20.6641925881,0.0,354.0,23.8320083618,50.3333333333,86.0,28.0,15.7871255564,1057.0
813,12.2859262242,20.5519239408,0.0,359.0,24.2763957977,48.1904761905,80.0,30.0,14.2148480386,1012.0
813,12.2986782058,20.6426296658,0.0,353.0,20.7564868927,45.7619047619,74.0,29.0,14.0103703088,961.0
813,12.2621111616,20.5420233026,0.0,357.0,27.0586795807,48.619047619,82.0,23.0,18.4376684819,1021.0
813,12.3422136824,20.7431073609,0.0,349.0,19.7183914185,41.5238095238,76.0,24.0,14.4969619149,872.0
813,12.2755958363,20.5942989578,0.0,355.0,24.797996521,49.380952381,90.0,23.0,14.6337834837,1037.0
813,12.3719422189,20.6627477757,0.0,352.0,21.8306083679,49.5238095238,76.0,31.0,12.9677255046,1040.0
813,12.298444205,20.6174932871,0.0,360.0,19.7301750183,45.0952380952,75.0,28.0,12.5535045382,947.0
813,12.4248254024,20.7137675687,0.0,348.0,12.593334198,38.4761904762,58.0,25.0,8.90291552032,808.0
813,12.3207077454,20.7760774572,0.0,351.0,22.6705875397,47.0,84.0,31.0,14.1668627437,987.0
813,12.1935428527,20.5258798467,0.0,358.0,21.3592987061,47.8095238095,77.0,29.0,11.9900752609,1004.0
814,21.238021238,0.0,0.0,347.0,14.314786911,39.7142857143,61.0,28.0,9.29592844821,834.0
814,21.1085211085,0.0,0.0,346.0,19.3876628876,42.9523809524,64.0,25.0,12.1139431668,902.0
814,21.238021238,0.0,0.0,345.0,15.8288640976,39.380952381,65.0,26.0,11.3555105146,827.0
814,21.1085211085,0.0,0.0,349.0,22.7429409027,46.5714285714,70.0,32.0,12.2129907417,978.0
814,20.979020979,0.0,0.0,350.0,14.2705860138,43.8095238095,69.0,23.0,8.91974802121,920.0
814,21.1085211085,0.0,0.0,348.0,19.4405326843,41.9523809524,85.0,23.0,12.6865132739,881.0
815,16.0621709669,3.59291308705,0.0,353.0,15.9725542068,42.8571428571,61.0,24.0,9.67618578928,900.0
815,16.1176228722,3.97466414919,0.0,366.0,12.2538833618,39.6666666667,58.0,28.0,9.36126772042,833.0
815,15.8014812864,3.65229252623,0.0,359.0,20.304101944,41.9047619048,73.0,22.0,13.9746368894,880.0
815,16.0152308769,3.64267032027,0.0,347.0,14.7673387527,43.380952381,64.0,33.0,7.89605085138,911.0
815,15.948067754,3.66096354552,0.0,349.0,21.2417488098,44.7619047619,76.0,28.0,13.1259466779,940.0
815,16.0433999604,3.62483387414,0.0,355.0,20.0117740631,43.4285714286,80.0,25.0,12.8669010588,912.0
815,15.8829020453,3.56078349029,0.0,357.0,14.5279493332,41.4285714286,58.0,22.0,10.2253187167,870.0
815,16.044714705,4.01750133565,0.0,365.0,14.2525653839,41.7142857143,64.0,24.0,9.35490703932,876.0
815,15.824873673,3.6953677259,0.0,362.0,13.5366535187,40.5714285714,66.0,27.0,10.3709759838,852.0
815,15.9317267964,3.55372660916,0.0,348.0,14.3767690659,39.7619047619,63.0,22.0,11.640037637,835.0
815,16.0116437738,3.64305938228,0.0,352.0,15.5365686417,43.0,71.0,26.0,10.564090117,903.0
815,15.823960342,3.68728660673,0.0,360.0,15.3695640564,41.2857142857,62.0,26.0,10.6496143458,867.0
815,16.1059519582,3.63497570608,0.0,346.0,16.1661109924,42.1428571429,59.0,19.0,10.7437689583,885.0
815,16.092048484,3.87393247605,0.0,364.0,18.747013092,44.1904761905,67.0,25.0,12.1967989555,928.0
815,15.8340722027,3.6070471216,0.0,358.0,16.9858970642,43.0476190476,60.0,19.0,10.1167000078,904.0
815,16.0635295046,3.64072852013,0.0,351.0,23.9887657166,45.9047619048,79.0,29.0,14.5255112196,964.0
815,16.0373062654,3.89925144931,0.0,363.0,12.7573804855,39.9047619048,59.0,26.0,8.87076525394,838.0
815,15.9752241227,3.58682192298,0.0,356.0,16.1912994385,42.0476190476,71.0,28.0,12.4236717217,883.0
815,16.1174757895,3.67881049712,0.0,350.0,18.7389316559,45.7619047619,68.0,32.0,11.6572070493,961.0
815,15.8282753922,3.66090116926,0.0,361.0,20.7834777832,43.8095238095,69.0,30.0,12.6000755856,920.0
816,28.231028231,0.0,0.0,299.0,13.7288484573,42.2857142857,56.0,22.0,10.710475513,888.0
816,28.231028231,0.0,0.0,298.0,16.5358257294,39.2857142857,60.0,24.0,11.6496474502,825.0
817,15.7101661878,27.1418811874,0.0,299.0,14.0743741989,40.2380952381,63.0,25.0,10.4158761605,845.0
817,15.7608306205,27.0825585074,0.0,298.0,15.4930477142,38.8571428571,59.0,27.0,11.6072637356,816.0
818,17.4786207521,29.1469714916,0.0,299.0,12.6079044342,41.2857142857,58.0,24.0,7.79835147414,867.0
818,17.5305350105,29.1085088988,0.0,298.0,13.7616958618,39.7142857143,57.0,25.0,10.281745266,834.0
819,4.42717046877,28.399501119,0.0,299.0,17.1880168915,37.0,65.0,24.0,11.4061386981,777.0
819,4.44525857894,28.3598795835,0.0,298.0,22.0911922455,43.0476190476,75.0,28.0,12.6034764667,904.0
820,7.08291283725,38.0042485481,0.0,351.0,14.3295965195,37.7142857143,65.0,28.0,10.0007142602,792.0
820,7.27176338923,38.0713412025,0.0,350.0,14.4741153717,38.3333333333,55.0,20.0,9.07377172588,805.0
820,7.28698103678,38.0595348317,0.0,354.0,15.727848053,36.6666666667,63.0,20.0,11.8925747142,770.0
820,7.32909861354,38.0248455403,0.0,349.0,15.850071907,39.2857142857,66.0,19.0,11.7564571923,825.0
820,7.28230994465,38.0592357293,0.0,355.0,17.243806839,36.9047619048,62.0,19.0,13.1145139517,775.0
820,6.99746166961,37.9538322395,0.0,352.0,13.2184438705,34.9523809524,54.0,17.0,10.2248530086,734.0
820,7.07718977002,37.9446934764,0.0,353.0,18.1566085815,37.0476190476,61.0,19.0,12.1510336617,778.0
821,30.5433526991,6.39761379069,0.0,352.0,20.8873558044,46.2380952381,82.0,18.0,13.906490434,971.0
821,30.5904050212,6.37430957251,0.0,353.0,24.0932617188,48.8571428571,89.0,27.0,14.7928554184,1026.0
821,30.5029860116,6.36248196709,0.0,351.0,23.4567565918,49.9523809524,98.0,31.0,16.5845596579,1049.0
821,30.5784076222,6.3579482263,0.0,349.0,12.6229534149,40.1904761905,67.0,26.0,8.60011074126,844.0
821,30.512624964,6.34809872876,0.0,350.0,12.6597642899,41.619047619,59.0,21.0,9.4418016844,874.0
822,7.95515450432,8.55407711078,0.0,349.0,12.0711898804,32.619047619,50.0,16.0,9.6513014173,685.0
822,7.97845299494,8.5679509008,0.0,350.0,16.5531654358,36.9523809524,60.0,23.0,10.4521585832,776.0
823,18.2310814989,13.0131779468,0.0,350.0,14.0402812958,40.1428571429,61.0,26.0,9.75851276725,843.0
823,18.4127011287,12.8610554449,0.0,354.0,23.6035251617,47.619047619,82.0,29.0,15.4676313328,1000.0
823,18.4452669835,12.8682104406,0.0,353.0,18.5303230286,42.7142857143,83.0,20.0,14.923615035,897.0
823,18.3340408907,12.8880448762,0.0,351.0,15.8822641373,44.9523809524,68.0,24.0,11.6424919604,944.0
824,38.5784633377,19.8658697764,0.0,355.0,17.010093689,47.2380952381,74.0,30.0,10.158271319,992.0
824,38.6408249504,19.9586177826,0.0,356.0,20.6090564728,46.3333333333,88.0,28.0,14.2314206365,973.0
824,38.5621287171,20.0762294001,0.0,350.0,14.414358139,44.5238095238,67.0,33.0,8.71561270146,935.0
824,38.557968102,19.872339785,0.0,354.0,12.4439907074,42.4285714286,69.0,28.0,9.78555787153,891.0
824,38.6151808393,19.9335412696,0.0,352.0,13.1687574387,43.0952380952,65.0,27.0,9.75656067426,905.0
824,38.4818187101,19.9345185767,0.0,353.0,13.9607954025,42.1904761905,67.0,29.0,9.36279364089,886.0
824,38.6430557068,19.9753780375,0.0,358.0,19.2383060455,47.0,79.0,25.0,12.782800945,987.0
824,38.5900148891,20.0144834194,0.0,357.0,15.3497581482,48.2857142857,66.0,33.0,9.50338285635,1014.0
824,38.5521937021,19.9570286767,0.0,351.0,16.8860263824,43.380952381,69.0,27.0,11.3422933769,911.0
825,29.3103614956,36.9015333035,0.0,346.0,14.4120492935,43.0476190476,63.0,25.0,9.1075583472,904.0
825,29.3672519542,36.9772334311,0.0,347.0,15.5505371094,43.2380952381,67.0,26.0,10.9448835622,908.0
826,36.4636808651,14.7250234667,0.0,348.0,13.1825962067,39.7619047619,60.0,25.0,9.38032388516,835.0
826,36.4972178148,14.7335570151,0.0,347.0,13.4992246628,42.2857142857,74.0,28.0,10.1643635174,888.0
826,36.50037626,14.7563357641,0.0,346.0,12.3800315857,38.5238095238,61.0,27.0,9.41604507009,809.0
827,6.12581040184,20.3929991129,0.0,348.0,14.519405365,36.6666666667,61.0,24.0,11.2264568468,770.0
827,6.15650337751,20.4678321946,0.0,347.0,17.8231697083,41.380952381,77.0,26.0,13.2305562637,869.0
827,6.14452101033,20.4848273361,0.0,346.0,13.6689100266,37.9523809524,58.0,21.0,9.35668846588,797.0
828,15.8256571307,26.9740314737,0.0,352.0,20.2702331543,43.8095238095,66.0,26.0,12.2662914021,920.0
828,15.8058270661,27.0251470542,0.0,353.0,12.8537435532,38.5714285714,60.0,19.0,9.72404971486,810.0
829,15.4293909049,32.9589480152,0.0,351.0,13.8855419159,41.8095238095,63.0,23.0,10.0330406539,878.0
829,15.5461283199,33.2428539351,0.0,363.0,19.7417545319,44.0952380952,75.0,26.0,12.79806533,926.0
829,15.5100629921,33.2460975733,0.0,361.0,16.1143169403,42.3333333333,67.0,26.0,10.2729418052,889.0
829,15.3244546355,32.9661780043,0.0,356.0,12.2359209061,39.6666666667,54.0,24.0,8.34465897046,833.0
829,15.4544350462,32.773192723,0.0,353.0,17.9808712006,40.9523809524,67.0,21.0,12.5318641489,860.0
829,15.3702754902,33.0600094525,0.0,357.0,13.6542387009,42.380952381,65.0,29.0,9.48934239279,890.0
829,15.6267507369,33.2870266908,0.0,365.0,13.0383768082,40.1904761905,58.0,28.0,8.80124450075,844.0
829,15.4119216137,32.838702328,0.0,355.0,15.3576755524,41.7619047619,62.0,26.0,10.8023366079,877.0
829,15.5923308636,33.2737362465,0.0,362.0,14.9901533127,41.2380952381,73.0,28.0,10.9082755828,866.0
829,15.541462789,33.1730678214,0.0,360.0,18.8095226288,43.0476190476,66.0,22.0,11.8931753139,904.0
829,15.52167611,32.8727659175,0.0,352.0,15.2817850113,41.0,67.0,25.0,10.2664502142,861.0
829,15.4543454069,33.0911229347,0.0,358.0,15.0663995743,42.1428571429,72.0,29.0,11.8333668678,885.0
829,15.5952483444,33.3493226863,0.0,364.0,15.6471166611,39.4285714286,65.0,25.0,12.917319492,828.0
830,4.46263085324,15.6474638381,0.0,345.0,14.7760295868,36.380952381,66.0,21.0,11.3731094714,764.0
830,4.42840341297,15.6783747677,0.0,346.0,13.0010185242,35.1428571429,60.0,17.0,9.81471198908,738.0
831,26.4641039375,5.87041312693,0.0,346.0,12.5361166,40.5238095238,60.0,28.0,8.88605113433,851.0
831,26.4038598675,5.82523424576,0.0,345.0,14.202796936,40.4761904762,57.0,20.0,10.8564222819,850.0
832,16.2436618189,20.5665018084,0.0,356.0,21.4988365173,47.5714285714,85.0,20.0,15.1577420105,999.0
832,16.4214748375,20.9134954154,0.0,361.0,32.674118042,55.3333333333,107.0,30.0,19.7391320309,1162.0
832,16.3692499734,20.8541591029,0.0,362.0,18.1294345856,49.619047619,69.0,37.0,9.22212660115,1042.0
832,16.1811588196,20.6392167424,0.0,354.0,21.5634860992,46.2380952381,83.0,26.0,15.1059748507,971.0
832,16.1937442936,20.5818264438,0.0,355.0,19.9426403046,42.1904761905,82.0,25.0,14.0841011343,886.0
832,16.4839641705,20.8168655538,0.0,360.0,26.7358074188,53.8571428571,96.0,27.0,16.8501801601,1131.0
832,16.372889777,20.8103810002,0.0,359.0,25.114736557,51.0952380952,82.0,29.0,15.8805061692,1073.0
832,16.4735780501,20.6771390694,0.0,364.0,20.6816864014,50.0476190476,76.0,29.0,12.8159127278,1051.0
832,16.427495531,20.7640682913,0.0,358.0,18.8495960236,44.8571428571,73.0,30.0,12.8307665955,942.0
832,16.3837120365,20.7663046913,0.0,363.0,32.8562469482,58.2857142857,106.0,31.0,20.6304213654,1224.0
832,16.2363269582,20.4237718722,0.0,357.0,19.9188938141,46.8571428571,69.0,27.0,13.1350131872,984.0
833,18.0430373599,28.8201422701,0.0,380.0,21.8410549164,49.9523809524,80.0,33.0,13.473960778,1049.0
833,17.8070692884,28.8271120985,0.0,356.0,23.0550708771,48.8095238095,79.0,29.0,15.0287026972,1025.0
833,17.8441709886,28.7459824594,0.0,361.0,16.5425300598,43.8571428571,63.0,29.0,9.98141129443,921.0
833,17.9551856595,28.6411377661,0.0,366.0,25.3510246277,49.1904761905,88.0,25.0,16.2653590419,1033.0
833,18.2806231277,28.7313884523,0.0,372.0,19.2222328186,45.7619047619,73.0,23.0,14.1559343101,961.0
833,18.0140490324,28.8683271397,0.0,381.0,15.2055063248,39.8571428571,68.0,26.0,11.0511796397,837.0
833,17.7943309812,28.7470035827,0.0,357.0,18.5160560608,45.0,75.0,22.0,11.8237050031,945.0
833,18.2459624582,28.6154033531,0.0,373.0,17.8683586121,44.1428571429,67.0,27.0,10.47514064,927.0
833,17.897835447,28.700588077,0.0,362.0,12.2270736694,42.1428571429,62.0,28.0,9.66067137566,885.0
833,18.0083623155,28.7169268235,0.0,368.0,20.3565425873,45.0476190476,79.0,28.0,13.9229170452,946.0
833,18.0009082238,28.9499745693,0.0,383.0,15.1014623642,41.0,73.0,22.0,11.6189500386,861.0
833,18.2291522825,28.5942081012,0.0,374.0,27.6920108795,50.9523809524,97.0,21.0,17.8170597756,1070.0
833,17.7951891654,28.6334796115,0.0,358.0,24.6507759094,47.4285714286,94.0,31.0,15.9736389986,996.0
833,18.0170794132,28.7213259901,0.0,367.0,15.2487773895,42.4761904762,73.0,25.0,10.8932045222,892.0
833,18.076514339,28.736715232,0.0,376.0,20.7628974915,46.8571428571,82.0,31.0,14.1890299679,984.0
833,17.9193179222,28.780111847,0.0,384.0,14.0309810638,42.4761904762,57.0,24.0,11.2366322696,892.0
833,17.8631020911,28.6664329655,0.0,363.0,19.1257858276,46.380952381,73.0,29.0,11.7663766321,974.0
833,18.1434676233,28.6386771413,0.0,375.0,23.9170475006,49.1904761905,91.0,33.0,13.7208565608,1033.0
833,17.9884697494,28.6996729128,0.0,369.0,19.9950294495,43.5714285714,69.0,25.0,14.0234497488,915.0
833,18.1000163468,28.7429775726,0.0,377.0,18.1633205414,48.619047619,70.0,25.0,13.4405215318,1021.0
833,17.8068642245,28.6443162721,0.0,359.0,23.4594554901,46.0476190476,86.0,25.0,16.2403084653,967.0
833,17.9114366255,28.8014094485,0.0,385.0,21.9959068298,49.4761904762,82.0,33.0,14.2464699053,1039.0
833,17.9780206835,28.5969251629,0.0,365.0,19.3332633972,45.4761904762,68.0,30.0,11.5222352329,955.0
833,18.0172766699,28.6337679332,0.0,370.0,25.6377353668,48.5238095238,81.0,27.0,15.1974308606,1019.0
833,17.6900567565,28.9060077848,0.0,386.0,12.2791366577,40.5714285714,63.0,24.0,10.2350936907,852.0
833,17.8475600571,28.7432099659,0.0,355.0,16.3591327667,42.0,63.0,27.0,10.459445492,882.0
833,17.8289073795,28.6854776451,0.0,360.0,17.0393943787,46.9523809524,74.0,26.0,11.8087941403,986.0
833,18.0570276472,28.6840205642,0.0,371.0,20.7700920105,48.8095238095,77.0,27.0,14.9218599632,1025.0
833,18.1980743867,28.7439296154,0.0,379.0,15.838719368,42.4285714286,75.0,23.0,11.4698362175,891.0
833,17.8575524054,28.723290373,0.0,364.0,24.5754928589,47.0952380952,84.0,24.0,15.7762630617,989.0
834,26.1819596679,5.99803862957,0.0,359.0,18.4579257965,47.380952381,75.0,29.0,12.0103130287,995.0
834,26.1799520402,5.87398415817,0.0,357.0,15.6563358307,44.380952381,69.0,31.0,9.74923684437,932.0
834,26.3543396386,6.01402005646,0.0,355.0,16.5972156525,44.3333333333,76.0,28.0,12.1956276318,931.0
834,26.2208915005,5.85921646418,0.0,356.0,22.5414066315,47.4285714286,90.0,24.0,15.6255285625,996.0
834,26.0416830414,6.09981122966,0.0,360.0,19.7410583496,46.2380952381,70.0,31.0,11.1888549991,971.0
835,33.374059112,19.890688953,0.0,356.0,12.6047945023,41.7142857143,62.0,24.0,11.0640989563,876.0
835,33.3876753187,19.9099602488,0.0,355.0,17.6915798187,40.4285714286,78.0,20.0,13.5187700201,849.0
836,11.6367173126,13.4612623407,0.0,356.0,13.9517297745,39.9047619048,60.0,25.0,9.48105881168,838.0
836,11.7453473182,13.5888936355,0.0,355.0,15.9527196884,39.0476190476,75.0,25.0,12.2003122521,820.0
837,14.3966762522,9.07493451311,0.0,360.0,14.3843851089,43.4761904762,61.0,26.0,9.13027407923,913.0
837,14.3813157442,9.05990303021,0.0,361.0,13.3526525497,42.7142857143,60.0,30.0,8.54483971262,897.0
837,14.4322069203,9.00625486363,0.0,359.0,14.1758947372,43.1428571429,65.0,31.0,10.3018722293,906.0
837,14.4141611074,9.01482059873,0.0,358.0,12.6510066986,41.0476190476,58.0,21.0,10.4855910204,862.0
837,14.5060049696,8.90119784775,0.0,357.0,24.2647743225,48.0952380952,92.0,30.0,15.1654368942,1010.0
837,14.370378449,8.79110237336,0.0,355.0,15.235414505,40.3333333333,74.0,23.0,10.7811564006,847.0
837,14.4129123191,8.94966318908,0.0,354.0,14.5213680267,42.1428571429,62.0,24.0,9.40364670905,885.0
838,41.3536755186,11.123554418,0.0,359.0,14.6526155472,44.619047619,64.0,25.0,9.8664897024,937.0
838,41.42780099,11.147149893,0.0,358.0,17.5864849091,42.9047619048,70.0,25.0,11.9411254156,901.0
839,38.7193294648,33.4167486152,0.0,343.0,13.4419279099,41.619047619,64.0,29.0,9.65648067609,874.0
839,38.6015062708,33.3636930452,0.0,342.0,22.6569252014,49.1904761905,92.0,36.0,14.2815231947,1033.0
839,38.5040639373,33.3354744584,0.0,341.0,20.2763671875,49.7619047619,75.0,29.0,12.7000187476,1045.0
840,38.9675880324,24.9829255262,0.0,360.0,12.4563426971,40.619047619,59.0,26.0,8.94134324627,853.0
840,38.9960848601,25.0262039615,0.0,359.0,14.2246828079,41.3333333333,62.0,24.0,9.66609193694,868.0
841,11.7941640567,13.547467361,0.0,361.0,16.032951355,39.7142857143,64.0,27.0,10.8126909562,834.0
841,11.8048938213,13.5963562382,0.0,363.0,18.872926712,41.8571428571,80.0,24.0,12.8852074655,879.0
841,11.930401092,13.6698003286,0.0,362.0,18.120470047,42.1904761905,76.0,28.0,11.8685258041,886.0
842,16.0353932289,26.7845469945,0.0,363.0,20.619386673,45.619047619,76.0,31.0,11.9560703849,958.0
842,15.9015571642,26.8195767401,0.0,361.0,13.4158878326,38.0476190476,67.0,23.0,11.1376666788,799.0
842,15.9357118161,26.7962761748,0.0,362.0,21.7785892487,44.0952380952,92.0,28.0,14.6181557041,926.0
842,16.0054125469,26.7761765387,0.0,360.0,15.0038414001,44.5714285714,65.0,21.0,10.8054219194,936.0
843,20.2503743739,21.8132377476,0.0,363.0,32.8633575439,59.619047619,112.0,35.0,20.5072577164,1252.0
843,20.2627639768,21.8248560005,0.0,362.0,12.1885461807,44.6666666667,56.0,28.0,8.51077748113,938.0
843,20.2635598631,21.7989627271,0.0,361.0,20.0356044769,45.4761904762,73.0,22.0,14.4139482711,955.0
843,20.2273015763,21.7719258771,0.0,364.0,16.4581813812,43.5714285714,62.0,29.0,9.54762498515,915.0
844,17.4483852945,20.5475180999,0.0,362.0,20.4321670532,48.9523809524,72.0,26.0,12.866530964,1028.0
844,17.3455652342,20.4609852018,0.0,365.0,14.8641681671,43.3333333333,66.0,33.0,8.47545475673,910.0
844,17.4169054453,20.5329522542,0.0,368.0,21.506816864,49.380952381,85.0,24.0,16.2433869328,1037.0
844,17.3176687436,20.4786066804,0.0,366.0,13.7348213196,44.4761904762,62.0,29.0,8.74424981127,934.0
844,17.441686504,20.6260913395,0.0,372.0,16.5688781738,43.4761904762,65.0,25.0,10.3374031924,913.0
844,17.3002416788,20.5266546213,0.0,364.0,18.9549293518,45.0,72.0,27.0,14.0321060429,945.0
844,17.3711863671,20.6703092539,0.0,371.0,22.9887142181,50.1904761905,76.0,29.0,13.8802703418,1054.0
844,17.2878433123,20.4427882348,0.0,367.0,18.9300136566,44.9523809524,75.0,26.0,13.6509200806,944.0
844,17.4513842521,20.5462014494,0.0,370.0,21.1874275208,47.2380952381,74.0,33.0,12.8720812688,992.0
844,17.4096534791,20.4933064428,0.0,363.0,18.6450634003,47.619047619,70.0,32.0,12.1015544063,1000.0
845,5.95720040301,20.3522429658,0.0,362.0,14.3765029907,42.5714285714,62.0,28.0,9.44230601374,894.0
845,6.03214661121,20.3885685132,0.0,363.0,12.1801195145,36.7142857143,55.0,23.0,9.08373743094,771.0
846,20.2917879417,14.2487634582,0.0,363.0,17.8819179535,43.4761904762,67.0,19.0,13.2989437461,913.0
846,20.3178234779,14.2673613712,0.0,362.0,15.600066185,44.4761904762,69.0,31.0,9.55834215552,934.0
847,41.035498524,27.5370682802,0.0,365.0,18.3112125397,49.0,67.0,30.0,10.4307238483,1029.0
847,41.0468136084,27.5401418744,0.0,363.0,23.4442520142,48.5238095238,90.0,25.0,14.5795028983,1019.0
847,41.0628348485,27.5635888319,0.0,364.0,25.3897361755,50.7619047619,84.0,29.0,15.079472013,1066.0
848,38.4962069619,19.8398399368,0.0,368.0,12.3424606323,40.8095238095,58.0,27.0,8.89167615031,857.0
848,38.5320154849,19.8620585239,0.0,364.0,15.0480670929,44.7619047619,72.0,30.0,10.7559507339,940.0
848,38.4833658416,19.6736813387,0.0,367.0,13.4761533737,43.3333333333,62.0,32.0,7.62452184293,910.0
848,38.5316257903,19.7920120071,0.0,365.0,17.435628891,42.8571428571,73.0,27.0,12.5071408175,900.0
849,29.6555296555,0.0,0.0,366.0,13.4472818375,41.8571428571,60.0,25.0,9.91103281341,879.0
849,29.6555296555,0.0,0.0,367.0,20.3032875061,41.9047619048,74.0,22.0,15.0296532292,880.0
850,23.5855415358,2.74893278975,0.0,366.0,19.4000110626,44.4285714286,74.0,31.0,12.2497813392,933.0
850,23.6768879613,2.62999747749,0.0,367.0,18.9270935059,48.8571428571,76.0,31.0,12.673932753,1026.0
851,14.4886690566,8.78465980594,0.0,366.0,23.0322246552,49.380952381,81.0,25.0,12.8820657912,1037.0
851,14.4982945405,8.97415462811,0.0,367.0,25.6153583527,50.380952381,88.0,28.0,14.96487952,1058.0
851,14.4424895383,8.74771930947,0.0,365.0,14.0970544815,43.380952381,63.0,29.0,10.0422915237,911.0
851,14.4524563316,9.02814532876,0.0,368.0,20.6666107178,46.5714285714,87.0,29.0,14.4276520216,978.0
852,5.74411842741,20.5371830746,0.0,368.0,12.2064847946,36.3333333333,57.0,20.0,10.9239797388,763.0
852,5.78257794051,20.4746313303,0.0,366.0,13.889667511,36.9523809524,58.0,21.0,10.4808214873,776.0
852,5.77555022911,20.5310614251,0.0,367.0,21.9274730682,46.5238095238,77.0,27.0,14.5932143396,977.0
853,10.6209007265,37.4504975993,0.0,366.0,16.3722476959,41.2857142857,63.0,27.0,10.7151428229,867.0
853,10.5204877119,37.2934306514,0.0,367.0,12.0604724884,36.7142857143,52.0,25.0,7.09325635476,771.0
854,38.6402530202,15.5996616251,0.0,368.0,12.4107627869,41.3333333333,58.0,23.0,11.028750307,868.0
854,38.3590142789,15.5413137894,0.0,369.0,16.4911708832,42.7142857143,71.0,23.0,10.6214069555,897.0
854,38.6377044156,15.6783552291,0.0,372.0,16.9485626221,46.8571428571,68.0,31.0,9.25357073937,984.0
854,38.5975371442,15.6382266638,0.0,371.0,19.8849582672,46.8095238095,80.0,29.0,12.0566124912,983.0
854,38.4878656496,15.5375007867,0.0,370.0,15.6056175232,43.1428571429,68.0,24.0,11.0058426042,906.0
855,29.8458922143,7.40334475746,0.0,369.0,17.8913078308,47.1904761905,74.0,27.0,11.2188192232,991.0
855,29.9426625065,7.43507468562,0.0,367.0,19.9177494049,46.7619047619,71.0,34.0,11.8991796436,982.0
855,29.9120795276,7.4578036921,0.0,368.0,26.0656986237,50.1904761905,96.0,28.0,17.0165185852,1054.0
856,16.4404747472,14.9616059591,0.0,369.0,15.79778862,42.380952381,62.0,25.0,10.8695730849,890.0
856,16.5930393315,14.8455704015,0.0,368.0,24.5365009308,46.380952381,79.0,25.0,16.2833540478,974.0
857,42.958940176,25.3729284957,0.0,370.0,15.1078901291,44.7142857143,61.0,29.0,9.71670138032,939.0
857,42.8951748863,25.4885186381,0.0,369.0,16.3090705872,46.0952380952,80.0,32.0,10.4589902089,968.0
858,38.9343347382,33.3434240808,0.0,373.0,15.6900014877,46.2857142857,76.0,26.0,12.2521135203,972.0
858,38.9445066797,33.1985501358,0.0,376.0,21.6625003815,47.1904761905,77.0,29.0,14.8108711682,991.0
858,38.785786696,33.3586899636,0.0,370.0,22.5513839722,49.380952381,87.0,27.0,17.0425238462,1037.0
858,38.9280010342,33.2221453398,0.0,378.0,13.0938682556,46.0,63.0,34.0,8.84872872225,966.0
858,38.9202717932,33.2913898283,0.0,375.0,14.8577260971,45.7142857143,65.0,33.0,9.7218457977,960.0
858,39.0160881755,33.1945602254,0.0,377.0,23.9088859558,51.0476190476,90.0,34.0,15.2002506245,1072.0
858,38.8598381632,33.3607520073,0.0,369.0,13.9585351944,43.0952380952,65.0,25.0,11.4538411108,905.0
858,38.8852101736,33.3387507291,0.0,374.0,15.3058662415,43.8571428571,73.0,25.0,13.0241533863,921.0
858,39.0043335572,33.2963697888,0.0,379.0,12.9625530243,41.1428571429,62.0,23.0,10.9967527675,864.0
858,38.8495698834,33.3188835029,0.0,371.0,19.729101181,46.8095238095,73.0,29.0,13.0023807344,983.0
859,27.8490465315,3.61498458903,0.0,372.0,18.3440513611,46.1428571429,73.0,32.0,10.3115746338,969.0
859,27.7952180671,3.42270332843,0.0,374.0,18.9127025604,43.7619047619,76.0,26.0,12.79806533,919.0
859,27.9529621692,3.54952640754,0.0,371.0,20.2773857117,46.1904761905,73.0,26.0,13.684367167,970.0
859,27.8820097237,3.52073204789,0.0,373.0,15.8108491898,44.1428571429,66.0,25.0,10.6361915848,927.0
860,4.27285560895,33.7533380081,0.0,371.0,15.8053045273,38.5238095238,60.0,22.0,9.5844616313,809.0
860,4.24080759192,33.6431893841,0.0,370.0,14.0586566925,34.4285714286,56.0,18.0,10.0676284624,723.0
861,7.98049050998,20.0554952438,0.0,371.0,15.4333686829,37.3333333333,61.0,23.0,9.95154929312,784.0
861,7.94697634224,20.0318449292,0.0,370.0,13.1910409927,36.8095238095,55.0,18.0,10.1863587587,773.0
862,38.470493343,19.9455541294,0.0,374.0,13.1692657471,38.4285714286,66.0,23.0,9.66215001214,807.0
862,38.4583974119,19.8298244052,0.0,373.0,14.4928226471,41.9047619048,66.0,29.0,9.37499206349,880.0
863,19.2096914742,3.82750809911,0.0,374.0,15.9118719101,42.0476190476,70.0,24.0,11.9602516298,883.0
863,19.3221761689,3.78504681252,0.0,375.0,13.1953144073,39.4761904762,58.0,18.0,9.85707384379,829.0
864,16.6908999452,24.8824692442,0.0,333.0,12.696600914,39.619047619,57.0,30.0,8.92455147599,832.0
864,16.6633250116,24.9540431675,0.0,334.0,14.2768964767,41.4285714286,64.0,26.0,10.3420086471,870.0
865,29.8813036786,21.1154450174,0.0,333.0,27.4392852783,52.6666666667,89.0,33.0,14.7862548785,1106.0
865,29.9292123244,21.1472258017,0.0,334.0,18.0623722076,47.1904761905,73.0,33.0,10.2108718904,991.0
866,11.6931961782,13.5850211733,0.0,375.0,12.013253212,36.7142857143,56.0,22.0,8.86082872616,771.0
866,11.6243273505,13.5641600457,0.0,376.0,12.3429498672,37.1904761905,56.0,24.0,9.79090929188,781.0
867,22.3304823378,7.08223056585,0.0,377.0,13.8916759491,40.6666666667,65.0,25.0,10.6552021723,854.0
867,22.3713344611,6.90094870418,0.0,376.0,14.9394550323,40.6666666667,62.0,24.0,10.565667671,854.0
867,22.4882157981,7.13285250545,0.0,378.0,13.2253789902,40.6666666667,60.0,23.0,9.5411389956,854.0
868,16.1264225524,39.1314371848,0.0,378.0,13.1492233276,42.0,69.0,23.0,10.3682206767,882.0
868,16.1474801418,39.2121197078,0.0,377.0,21.5024280548,48.0476190476,88.0,31.0,15.1673207604,1009.0
869,18.5245592599,37.6440560729,0.0,378.0,13.5944404602,39.7142857143,57.0,26.0,9.49812011475,834.0
869,18.45745229,37.6451663705,0.0,377.0,12.259812355,40.8571428571,66.0,28.0,8.53396575037,858.0
870,29.5139837814,28.0964932158,0.0,378.0,15.4941759109,40.8571428571,73.0,25.0,11.0285344189,858.0
870,29.3516294487,28.0803667339,0.0,380.0,18.2248535156,45.2857142857,72.0,29.0,12.2847175675,951.0
870,29.4185800482,28.0954244264,0.0,379.0,17.3224105835,44.380952381,68.0,27.0,11.2626648289,932.0
871,33.3969532168,2.21468782546,0.0,381.0,16.7188110352,46.1904761905,71.0,29.0,10.5480758796,970.0
871,33.4109623827,2.16072673141,0.0,379.0,21.650592804,44.5238095238,72.0,20.0,14.0378739402,935.0
871,33.4245200836,2.38741160648,0.0,378.0,15.7889137268,43.0476190476,70.0,20.0,11.0203275381,904.0
871,33.4080153297,2.2041896993,0.0,382.0,14.4119825363,42.6666666667,64.0,26.0,10.1849562264,896.0
872,4.39633070437,15.35227864,0.0,381.0,12.6235580444,34.4285714286,61.0,19.0,10.0775563932,723.0
872,4.32239906169,15.4917459832,0.0,379.0,13.4930105209,36.1428571429,58.0,18.0,10.3406272261,759.0
872,4.55080397919,15.370221992,0.0,380.0,16.9612064362,39.0,63.0,25.0,10.459445492,819.0
873,18.585159547,35.1670470767,0.0,381.0,12.8342876434,38.0476190476,69.0,21.0,11.3378842404,799.0
873,18.579472035,35.1149159837,0.0,382.0,12.9961271286,41.5714285714,65.0,28.0,9.52665433702,873.0
874,16.0384794385,39.1566133041,0.0,382.0,14.7910327911,41.1904761905,62.0,27.0,9.99809505665,865.0
874,16.0120315382,39.2078663513,0.0,383.0,12.2099628448,37.380952381,68.0,26.0,11.0248636748,785.0
875,18.4360987993,37.72997084,0.0,382.0,16.3340454102,42.9047619048,61.0,26.0,10.5162006538,901.0
875,18.4325989347,37.7236678918,0.0,383.0,17.3937683105,41.4761904762,64.0,24.0,12.3596887,871.0
876,4.02472488251,20.9052244825,0.0,383.0,13.3096809387,34.9523809524,50.0,24.0,8.91333938811,734.0
876,3.96143317381,20.8507900738,0.0,384.0,16.8367195129,37.4761904762,69.0,23.0,11.9817321269,787.0
876,4.04121992199,20.9278548399,0.0,382.0,12.7929782867,34.1904761905,58.0,20.0,11.1427960926,718.0
877,13.468013468,0.0,0.0,383.0,14.0142602921,40.7142857143,75.0,24.0,12.5504695416,855.0
877,13.5975135975,0.0,0.0,385.0,20.9488430023,42.7142857143,76.0,23.0,14.2061354954,897.0
877,13.5975135975,0.0,0.0,387.0,14.5086126328,38.7619047619,65.0,23.0,10.7791686224,814.0
877,13.5975135975,0.0,0.0,384.0,12.9099845886,35.1428571429,60.0,23.0,9.94125602872,738.0
877,13.5975135975,0.0,0.0,386.0,16.6845645905,42.4285714286,59.0,33.0,8.50630018616,891.0
878,29.4340060961,28.0729840358,0.0,383.0,14.846698761,44.8571428571,65.0,33.0,10.4081012403,942.0
878,29.3624547343,28.1285262168,0.0,385.0,12.7808742523,44.0476190476,60.0,33.0,8.62830337017,925.0
878,29.4269893249,28.0988418474,0.0,384.0,15.1660251617,43.4761904762,67.0,29.0,9.46899703041,913.0
879,26.5327628269,38.5442004827,0.0,384.0,13.6683197021,41.7619047619,69.0,31.0,9.51264822173,877.0
879,26.5665110211,38.5135649903,0.0,383.0,19.6231040955,47.1428571429,82.0,26.0,13.694107179,990.0
879,26.5585494457,38.4535682931,0.0,385.0,16.7278423309,40.5714285714,62.0,25.0,11.2985460506,852.0
880,10.404047629,2.3286793085,0.0,387.0,16.8014698029,40.619047619,66.0,22.0,10.8649721144,853.0
880,10.4082923495,2.29304411962,0.0,388.0,15.8158855438,42.0952380952,63.0,28.0,9.37499206349,884.0
880,10.3848941316,2.31476474268,0.0,385.0,17.4305114746,38.0952380952,63.0,20.0,11.3793882169,800.0
880,10.4323031644,2.29226941582,0.0,386.0,19.8090991974,44.0,72.0,24.0,13.4907375632,924.0
881,12.6706592369,12.0472553234,0.0,387.0,15.7698764801,38.4761904762,60.0,24.0,11.1203374392,808.0
881,12.6775595249,12.0653610253,0.0,385.0,15.7522163391,40.9047619048,61.0,26.0,10.3629376236,859.0
881,12.6592124743,12.0825124499,0.0,386.0,17.3393173218,42.1904761905,70.0,24.0,12.0649038439,886.0
882,16.6453567228,20.9023364757,0.0,386.0,15.3070173264,42.0476190476,68.0,26.0,11.3731094714,883.0
882,16.6328359292,20.9053224635,0.0,385.0,13.5500383377,40.4285714286,60.0,26.0,9.45817862261,849.0
882,16.6283833298,20.8521293108,0.0,384.0,12.563958168,39.3333333333,60.0,21.0,10.3456915348,826.0
883,5.82058648076,20.4421307429,0.0,386.0,18.1830387115,40.9523809524,68.0,27.0,11.1690473653,860.0
883,5.83844269379,20.4666428123,0.0,387.0,22.1434383392,45.9047619048,77.0,27.0,13.3300591218,964.0
883,5.86056214174,20.551138254,0.0,388.0,23.6542873383,48.8095238095,87.0,28.0,15.5229476828,1025.0
884,26.4875784796,32.2873928922,0.0,401.0,20.3170471191,46.619047619,89.0,32.0,14.7393222045,979.0
884,26.1925737856,32.2860651937,0.0,393.0,15.0978212357,44.7142857143,69.0,28.0,10.654308317,939.0
884,26.3551765394,32.2018249212,0.0,397.0,14.1980819702,42.5714285714,61.0,23.0,11.4086433399,894.0
884,26.3025628902,32.2538284287,0.0,391.0,20.4494171143,46.5238095238,80.0,31.0,11.8516625316,977.0
884,26.3491622866,32.3135650755,0.0,390.0,15.7827720642,45.0476190476,75.0,27.0,12.3429177688,946.0
884,26.5324262022,32.272314646,0.0,398.0,17.0174427032,45.380952381,70.0,21.0,11.7706252615,953.0
884,26.2406051741,32.3477480957,0.0,394.0,15.6658477783,42.8095238095,66.0,28.0,11.3296912916,899.0
884,26.4789788752,32.3321174823,0.0,399.0,22.0097484589,47.7142857143,83.0,27.0,15.1133810153,1002.0
884,26.4907040096,32.3165187388,0.0,403.0,18.2176475525,44.0952380952,78.0,27.0,14.5941932353,926.0
884,26.1922337055,32.2761199119,0.0,392.0,15.8287706375,45.2380952381,65.0,31.0,9.54937046043,950.0
884,26.2591532597,32.3225521596,0.0,395.0,23.680059433,51.2380952381,83.0,33.0,16.2108135573,1076.0
884,26.4564670724,32.3103407225,0.0,404.0,20.6664657593,47.2857142857,77.0,26.0,14.9303143207,993.0
884,26.4886111232,32.2647752633,0.0,400.0,21.2507953644,49.1428571429,84.0,28.0,13.6758389662,1032.0
884,26.4255803297,32.2226658788,0.0,388.0,15.1400880814,41.8095238095,65.0,30.0,9.67790807778,878.0
884,26.4677692473,32.1531024428,0.0,387.0,15.8526039124,44.1428571429,71.0,32.0,11.0103847085,927.0
884,26.2872367556,32.2366987814,0.0,396.0,19.4218502045,45.0,69.0,30.0,11.8067777145,945.0
884,26.5302016074,32.2713247645,0.0,402.0,19.6904754639,47.3333333333,74.0,31.0,12.6938305225,994.0
884,26.4389294681,32.2051139129,0.0,389.0,20.7544403076,46.1428571429,77.0,29.0,13.983153129,969.0
885,28.0374585968,7.70822098032,0.0,388.0,13.2439155579,43.2380952381,71.0,30.0,11.0131955485,908.0
885,28.0179386169,7.7411822284,0.0,389.0,15.741150856,44.5714285714,68.0,31.0,9.73946317089,936.0
886,33.2415679182,27.4378677429,0.0,391.0,20.5825176239,50.0952380952,89.0,32.0,13.9960878888,1052.0
886,33.2607765476,27.4317318485,0.0,395.0,15.148021698,46.9047619048,71.0,32.0,11.4800033184,985.0
886,33.246034341,27.4118696505,0.0,394.0,16.6923866272,48.7142857143,77.0,33.0,10.626113387,1023.0
886,33.2378221719,27.3551619753,0.0,392.0,21.8309783936,50.2857142857,80.0,32.0,13.7336916273,1056.0
887,10.6199608468,2.3454151473,0.0,400.0,14.7486743927,41.6666666667,62.0,22.0,9.66609193694,875.0
887,10.4628053853,2.23830715619,0.0,396.0,17.9757061005,46.5714285714,71.0,31.0,11.4174052594,978.0
887,10.3938842301,2.20151338249,0.0,398.0,16.393163681,42.3333333333,76.0,24.0,11.5079682539,889.0
887,10.4357090087,2.17629311239,0.0,392.0,13.608923912,41.5714285714,58.0,25.0,9.46874557991,873.0
887,10.5165948098,2.1215186534,0.0,394.0,30.4881687164,52.9523809524,89.0,32.0,17.1565619822,1112.0
887,10.4811954964,2.30573505309,0.0,399.0,27.1801795959,44.7619047619,91.0,19.0,17.029106735,940.0
887,10.5325121733,2.34344558155,0.0,401.0,20.4005031586,44.4761904762,81.0,28.0,13.3439838415,934.0
887,10.5033327572,2.18786905776,0.0,393.0,18.1629772186,47.0476190476,68.0,35.0,8.51161671174,988.0
887,10.3642879471,2.21713177286,0.0,391.0,20.7575035095,45.4285714286,70.0,24.0,12.2334436222,954.0
887,10.4965067218,2.12905440702,0.0,395.0,23.1985855103,51.0,71.0,29.0,13.7477270849,1071.0
887,10.4400470077,2.12325927399,0.0,397.0,19.9306125641,44.4761904762,75.0,27.0,12.9445704742,934.0
888,28.6852458809,23.6635737886,0.0,380.0,15.7210960388,43.2857142857,65.0,30.0,10.5315851473,909.0
888,28.5843907268,23.6603092827,0.0,381.0,12.141245842,40.4761904762,67.0,19.0,11.3737375019,850.0
889,31.625334711,7.92364162909,0.0,381.0,12.283323288,41.3333333333,55.0,23.0,8.4399842022,868.0
889,31.6567359749,7.9198555764,0.0,380.0,13.7865858078,43.8571428571,66.0,25.0,9.79431321883,921.0
890,18.5333092966,37.9382386247,0.0,392.0,20.1590862274,42.9523809524,74.0,25.0,11.9309521434,902.0
890,18.585722211,37.9540174907,0.0,393.0,13.2521934509,39.6666666667,62.0,22.0,9.72796655696,833.0
891,25.9054583915,5.99831717114,0.0,392.0,19.2713775635,44.8571428571,74.0,26.0,12.9316886534,942.0
891,25.9939099759,5.96638292522,0.0,393.0,16.1609516144,44.7142857143,69.0,28.0,10.3399364463,939.0
892,25.8548585416,2.87624695937,0.0,392.0,12.9639396667,43.380952381,68.0,32.0,10.0522444781,911.0
892,25.8742042291,2.83447748847,0.0,393.0,15.0636196136,43.3333333333,62.0,30.0,8.9293523468,910.0
893,41.6775101836,24.3913737054,0.0,393.0,16.6500415802,45.3333333333,70.0,26.0,12.2569708058,952.0
893,41.6740022438,24.3840467728,0.0,392.0,20.309928894,47.2857142857,76.0,28.0,13.0772430472,993.0
894,13.468013468,0.0,0.0,396.0,16.9965572357,39.2857142857,64.0,24.0,12.3739357407,825.0
894,13.468013468,0.0,0.0,398.0,13.543296814,39.9523809524,54.0,32.0,6.34410112211,839.0
894,13.468013468,0.0,0.0,394.0,12.079035759,41.7142857143,64.0,25.0,9.50338285635,876.0
894,13.5975135975,0.0,0.0,393.0,12.5123882294,36.9047619048,56.0,23.0,8.28797177785,775.0
894,13.468013468,0.0,0.0,397.0,15.7812623978,38.380952381,56.0,20.0,12.171590654,806.0
894,13.468013468,0.0,0.0,395.0,18.2589836121,33.7142857143,70.0,20.0,14.0930580682,708.0
895,42.6054059406,26.094397533,0.0,397.0,12.4328651428,42.1904761905,57.0,30.0,7.93485379587,886.0
895,42.6621664456,26.0574351604,0.0,398.0,13.0764532089,41.4285714286,61.0,26.0,9.47402463883,870.0
896,29.5300190608,11.7585598246,0.0,397.0,13.9108362198,42.7142857143,67.0,25.0,9.79868795882,897.0
896,29.5334949743,11.7957135352,0.0,398.0,13.1718149185,43.380952381,65.0,28.0,10.1905651977,911.0
896,29.515529256,11.7891450262,0.0,399.0,12.1486673355,41.1428571429,66.0,28.0,9.55136489872,864.0
897,25.5133769583,2.83232151165,0.0,400.0,16.1827812195,42.5714285714,62.0,26.0,10.107281675,894.0
897,25.6745859029,3.00228742924,0.0,404.0,15.5735378265,41.9523809524,57.0,25.0,9.97735531329,881.0
897,25.6639632121,3.0643059477,0.0,398.0,15.4875812531,39.5238095238,71.0,26.0,11.4700437995,830.0
897,25.5925571567,2.93080324771,0.0,399.0,17.0808925629,43.6666666667,67.0,27.0,12.6464751347,917.0
897,25.7673138357,2.97133970197,0.0,397.0,22.6581935883,51.2380952381,83.0,36.0,11.4144853669,1076.0
897,25.7575265687,2.96585017723,0.0,401.0,14.4412479401,41.9523809524,59.0,26.0,9.72870078929,881.0
897,25.671177174,2.98093413524,0.0,403.0,19.8222465515,43.619047619,76.0,26.0,12.812010734,916.0
898,33.2422652611,27.3577333206,0.0,400.0,15.591583252,43.1904761905,70.0,22.0,13.0331080239,907.0
898,33.2425773092,27.4084461146,0.0,399.0,13.6776027679,44.2380952381,76.0,26.0,12.7078903123,929.0
899,33.4602822989,2.24192569752,0.0,404.0,15.9172201157,42.6666666667,63.0,26.0,11.7274606515,896.0
899,33.3626886699,2.2328157156,0.0,405.0,14.9833459854,40.0952380952,68.0,22.0,12.2225396784,842.0
899,33.2872852798,2.3100067953,0.0,402.0,15.9496908188,42.4285714286,66.0,26.0,9.84160265694,891.0
899,33.3002137281,2.36988605959,0.0,403.0,19.3738174438,45.5714285714,70.0,26.0,11.6257104238,957.0
900,39.1205602377,13.0690251433,0.0,404.0,16.6622581482,45.1428571429,66.0,27.0,10.6173712108,948.0
900,39.1300056858,13.183398567,0.0,405.0,17.1586513519,46.8095238095,77.0,27.0,12.106275429,983.0
900,39.1664850551,13.0185821967,0.0,403.0,13.0346469879,39.6666666667,63.0,27.0,9.53589709117,833.0
901,26.97358755,35.8732348343,0.0,361.0,17.7346286774,44.7142857143,77.0,28.0,11.8707323158,939.0
901,27.0669011315,35.8682955801,0.0,360.0,24.8932437897,52.5714285714,87.0,34.0,14.5002463033,1104.0
902,38.4894186003,21.6849252383,0.0,405.0,14.710811615,43.2380952381,65.0,29.0,9.8838492598,908.0
902,38.4839246713,21.6412156204,0.0,406.0,17.1909751892,42.9047619048,69.0,27.0,10.9494509538,901.0
903,33.3127025058,27.4123572525,0.0,411.0,17.0160579681,47.6666666667,76.0,23.0,13.2903473744,1001.0
903,33.3538621007,27.3608821357,0.0,414.0,17.1172122955,45.7619047619,77.0,28.0,12.5773795439,961.0
903,33.2834258059,27.4936481685,0.0,410.0,24.6579704285,55.0,81.0,41.0,12.8957357293,1155.0
903,33.2062322251,27.4514729855,0.0,405.0,17.2141075134,49.4285714286,74.0,30.0,10.8146725728,1038.0
903,33.3547608155,27.381242675,0.0,413.0,12.9364900589,45.7142857143,72.0,29.0,11.3892179589,960.0
903,33.3151954398,27.4577399857,0.0,409.0,13.9916582108,45.0476190476,66.0,27.0,10.0770838563,946.0
903,33.2029347755,27.367126547,0.0,406.0,13.1093702316,43.1428571429,64.0,29.0,10.0612410481,906.0
903,33.2556137159,27.3771638837,0.0,408.0,12.6106767654,44.1428571429,70.0,25.0,10.3792375167,927.0
904,17.6468182713,28.9542978199,0.0,403.0,15.6045026779,43.5238095238,66.0,28.0,11.4744021527,914.0
904,17.597952071,28.7713772739,0.0,408.0,18.4575519562,43.5238095238,76.0,31.0,12.5164653462,914.0
904,17.7086270895,28.8584417988,0.0,407.0,12.4813890457,38.7619047619,61.0,24.0,9.04933567675,814.0
904,17.9424447017,28.9342443298,0.0,400.0,17.2513885498,44.380952381,67.0,25.0,12.6391304704,932.0
904,17.8416301187,28.7460075957,0.0,411.0,21.2033481598,45.1904761905,90.0,26.0,14.3965935124,949.0
904,17.8619506357,28.7716500208,0.0,410.0,31.1712913513,52.7619047619,94.0,32.0,17.8294833405,1108.0
904,17.7639633463,28.8622278502,0.0,402.0,16.3946266174,40.0,68.0,20.0,12.4819870213,840.0
904,17.7760276523,28.7344741539,0.0,409.0,22.3773536682,46.4285714286,88.0,26.0,15.3250495222,975.0
904,17.7692252315,28.8962906545,0.0,405.0,17.9643726349,43.8571428571,66.0,24.0,11.1726707384,921.0
904,17.9908306012,28.7613108922,0.0,401.0,23.3310012817,46.7619047619,88.0,31.0,14.7611136501,982.0
904,17.9064147719,28.6442892734,0.0,412.0,16.0137805939,43.0476190476,74.0,18.0,11.4432346409,904.0
904,17.6653001847,28.9353175673,0.0,406.0,14.4457321167,43.619047619,69.0,28.0,10.3463819303,916.0
905,23.5270042403,2.68499190492,0.0,358.0,19.2300853729,46.9047619048,66.0,23.0,11.70002035,985.0
905,23.3263862893,2.8151425607,0.0,357.0,12.6049575806,39.7142857143,63.0,22.0,10.6636900609,834.0
906,5.99040829331,20.4439022293,0.0,407.0,14.7890205383,35.3333333333,60.0,21.0,11.1010510013,742.0
906,5.98296663055,20.5562087822,0.0,411.0,17.9671020508,41.0,71.0,26.0,11.5238882327,861.0
906,5.96690717429,20.575074251,0.0,410.0,13.9220142365,39.4285714286,56.0,27.0,8.14598937252,828.0
906,6.04107388694,20.5225252222,0.0,413.0,17.663602829,43.2380952381,73.0,24.0,12.4856107656,908.0
906,6.09245470187,20.5071177592,0.0,416.0,28.4327297211,49.7142857143,80.0,23.0,16.7156898067,1044.0
906,5.99322197803,20.5249108293,0.0,409.0,17.2114315033,38.380952381,68.0,19.0,14.6542696525,806.0
906,6.04663590836,20.5380218408,0.0,412.0,22.0855522156,46.3333333333,77.0,25.0,13.8178628352,973.0
906,6.07871868656,20.4104300369,0.0,406.0,14.5910644531,35.7142857143,60.0,19.0,10.58840336,750.0
906,6.07665879161,20.4981353633,0.0,415.0,16.377538681,39.6666666667,60.0,24.0,9.28080456282,833.0
906,5.99005181505,20.5041362199,0.0,408.0,22.051733017,46.2857142857,79.0,25.0,15.2648054594,972.0
906,5.97341274393,20.5571091142,0.0,414.0,20.6684474945,45.0476190476,76.0,29.0,11.7238056555,946.0
907,42.6225800914,26.0507814377,0.0,407.0,16.7245635986,48.8571428571,68.0,32.0,10.9967527675,1026.0
907,42.611111694,26.0958890514,0.0,409.0,12.9298696518,43.2380952381,68.0,29.0,10.3966569719,908.0
907,42.6210934698,26.0548997936,0.0,408.0,15.563498497,43.2380952381,69.0,27.0,11.7681976611,908.0
908,26.4676076604,32.3824963964,0.0,408.0,17.2231788635,42.0476190476,71.0,16.0,12.6232966791,883.0
908,26.4348189809,32.500037263,0.0,411.0,14.9115371704,42.1428571429,77.0,29.0,10.960318035,885.0
908,26.4334000764,32.4368535877,0.0,407.0,15.5557327271,45.2857142857,68.0,27.0,10.3929921444,951.0
908,26.4797906904,32.4121495024,0.0,410.0,14.5924110413,45.1428571429,72.0,26.0,10.3309521066,948.0
908,26.4639856966,32.4602240731,0.0,409.0,14.5988492966,43.6666666667,68.0,26.0,10.7672342472,917.0
909,17.3549369578,16.8345793076,0.0,355.0,16.4452342987,41.0,78.0,18.0,12.5339538853,861.0
909,17.3342528179,16.93522875,0.0,354.0,12.3707876205,38.3333333333,63.0,27.0,8.71970947528,805.0
910,33.7682812644,14.9779326019,0.0,354.0,14.6549386978,43.1428571429,76.0,25.0,13.8393847923,906.0
910,33.7807940389,15.0262888452,0.0,355.0,12.1052780151,38.5238095238,54.0,26.0,8.2317619476,809.0
911,39.2690640263,13.2314803048,0.0,409.0,12.1344356537,40.0952380952,67.0,26.0,8.3839415665,842.0
911,39.3438825201,13.2678561972,0.0,408.0,12.3022298813,39.9523809524,58.0,22.0,9.60976685709,839.0
912,11.9744285702,25.8725740449,0.0,410.0,17.7218265533,41.7619047619,69.0,25.0,11.7469347572,877.0
912,11.9846390604,25.8286814175,0.0,409.0,15.6263713837,41.2857142857,64.0,19.0,11.2523013519,867.0
912,12.0076707502,25.8379060786,0.0,408.0,17.8197479248,42.4285714286,71.0,27.0,11.8809571524,891.0
913,33.5045979184,2.4808815768,0.0,413.0,20.29712677,45.4285714286,73.0,26.0,12.7144462269,954.0
913,33.4742348944,2.45649680588,0.0,416.0,18.7718067169,44.2857142857,79.0,29.0,13.225516463,930.0
913,33.3310830277,2.38965971831,0.0,409.0,19.1467533112,46.9523809524,78.0,28.0,12.371241613,986.0
913,33.4540672146,2.49896022847,0.0,412.0,15.6058607101,41.1904761905,71.0,19.0,12.7499766573,865.0
913,33.5079582654,2.37692683829,0.0,415.0,15.5178451538,41.5714285714,64.0,20.0,10.5146156781,873.0
913,33.484576777,2.39503785882,0.0,414.0,18.439617157,45.0,82.0,26.0,13.608820669,945.0
913,33.3492585104,2.53328376933,0.0,410.0,12.7853012085,43.8095238095,66.0,29.0,9.33605402522,920.0
913,33.4480860727,2.52041847039,0.0,411.0,15.1170692444,43.4761904762,66.0,30.0,10.694012566,913.0
914,22.4504958942,12.4387494044,0.0,410.0,15.0723361969,46.9523809524,64.0,31.0,8.47039662871,986.0
914,22.3965055456,12.474467514,0.0,411.0,16.512216568,41.6666666667,76.0,24.0,12.3261240191,875.0
914,22.4110513637,12.4162860997,0.0,412.0,16.730140686,45.6666666667,69.0,22.0,11.4294940104,959.0
915,30.3827714284,0.810131615647,0.0,413.0,16.1356163025,43.1428571429,58.0,24.0,9.90093790651,906.0
915,30.3001174462,0.805800456149,0.0,412.0,12.2724514008,38.4761904762,55.0,22.0,9.86214503858,808.0
915,30.3059087385,0.812554844739,0.0,414.0,14.4124097824,40.5714285714,62.0,24.0,10.0028567348,852.0
915,30.3607594087,0.91252562972,0.0,410.0,12.1713237762,37.6666666667,65.0,23.0,9.1833182093,791.0
915,30.341335842,0.898773351432,0.0,411.0,19.9683914185,42.7619047619,81.0,24.0,13.3787322341,898.0
916,16.5572846278,20.7316471204,0.0,411.0,15.9580354691,41.9523809524,60.0,28.0,10.3463819303,881.0
916,16.5597469798,20.6968928489,0.0,413.0,13.2552061081,43.0952380952,68.0,29.0,8.92134946017,905.0
916,16.5317388091,20.692620876,0.0,412.0,17.028591156,43.7619047619,64.0,28.0,10.4733221181,919.0
917,12.8615402686,24.6388754067,0.0,352.0,13.6685590744,37.2857142857,63.0,19.0,11.0911805374,783.0
917,12.9617527237,24.8088173508,0.0,351.0,13.0773820877,41.0952380952,61.0,25.0,9.39630119731,863.0
918,42.6061127832,26.0379866947,0.0,414.0,20.7357120514,49.380952381,78.0,31.0,12.5955396489,1037.0
918,42.5814465347,26.1169516788,0.0,416.0,13.3585586548,40.4761904762,60.0,23.0,10.0678649555,850.0
918,42.5879488835,26.0621599848,0.0,413.0,12.2057199478,43.4761904762,62.0,30.0,8.12784748638,913.0
918,42.5770283135,26.0234104311,0.0,415.0,12.3571386337,41.8095238095,65.0,30.0,8.95890086796,878.0
919,29.2894653324,22.897311591,0.0,414.0,12.3624744415,41.7619047619,61.0,27.0,8.36005240357,877.0
919,29.3030123977,22.9075784385,0.0,418.0,16.1116104126,46.0476190476,64.0,24.0,10.8603691948,967.0
919,29.2494566843,22.9504087057,0.0,422.0,12.4351892471,42.2857142857,60.0,20.0,11.1136981115,888.0
919,29.378077452,23.0640183493,0.0,416.0,16.3330726624,45.4285714286,71.0,27.0,10.9250694669,954.0
919,29.2888812167,22.9675570234,0.0,419.0,14.99310112,47.0,68.0,29.0,9.80815986819,987.0
919,29.3221778746,22.9999385248,0.0,415.0,16.3907833099,44.8095238095,73.0,24.0,13.1780842599,941.0
919,29.3765189055,23.0384896338,0.0,417.0,17.8132648468,46.2857142857,74.0,23.0,12.1331894288,972.0
919,29.2569788661,22.9388729428,0.0,421.0,16.0312099457,43.5714285714,65.0,29.0,11.9355411631,915.0
920,19.5603965291,21.6830638976,0.0,414.0,13.6146411896,44.8095238095,64.0,29.0,10.24509174,941.0
920,19.5397602203,21.5711940627,0.0,415.0,18.1092453003,43.2857142857,73.0,26.0,12.5025711641,909.0
921,30.1449176875,11.5208212217,0.0,416.0,16.6403369904,46.0476190476,64.0,31.0,10.1561616297,967.0
921,30.2123290797,11.4031672445,0.0,420.0,19.7265720367,48.0,76.0,29.0,12.7200628929,1008.0
921,30.1143495656,11.531292601,0.0,417.0,15.1008739471,45.6666666667,67.0,27.0,9.65056129628,959.0
921,30.2653065299,11.2872445477,0.0,424.0,16.0183944702,45.1428571429,64.0,28.0,9.62437382008,948.0
921,30.3042725623,11.5373480093,0.0,414.0,18.2863693237,44.9523809524,73.0,28.0,11.3422933769,944.0
921,30.1296815643,11.508896105,0.0,421.0,17.368522644,46.7142857143,88.0,26.0,13.0236049431,981.0
921,30.1628570373,11.5147980853,0.0,418.0,15.9951848984,42.6666666667,68.0,27.0,10.8504992205,896.0
921,30.2240982842,11.4308116346,0.0,422.0,17.5374794006,46.5238095238,73.0,31.0,11.4132337557,977.0
921,30.2927984532,11.2816142078,0.0,425.0,17.1480064392,45.8571428571,63.0,28.0,10.6971291209,963.0
921,30.2126828961,11.4193196959,0.0,419.0,16.0100288391,44.5238095238,74.0,29.0,10.2548478663,935.0
921,30.2843012243,11.5360552162,0.0,415.0,14.3293991089,43.5238095238,59.0,32.0,8.03504229994,914.0
921,30.291184068,11.2932610058,0.0,426.0,17.841386795,44.5714285714,64.0,28.0,10.2789660403,936.0
921,30.3336145413,11.4017979264,0.0,423.0,16.8351287842,44.4285714286,67.0,31.0,9.96278790586,933.0
922,30.5557526723,19.6580395488,0.0,416.0,14.0990743637,41.4761904762,68.0,25.0,10.5053274467,871.0
922,30.5483544691,19.6971943492,0.0,415.0,21.7580184937,45.380952381,80.0,23.0,13.661903932,953.0
922,30.5421960135,19.6890936642,0.0,414.0,17.3775234222,45.9047619048,67.0,30.0,9.33758406605,964.0
923,38.5433706282,21.8011661849,0.0,413.0,14.4845705032,40.5238095238,60.0,19.0,11.2544171223,851.0
923,38.5839939755,21.7600664317,0.0,412.0,12.462146759,41.2857142857,67.0,26.0,9.26360004071,867.0
924,29.4857564526,28.0228386714,0.0,413.0,12.3948163986,41.5714285714,65.0,26.0,9.39984802309,873.0
924,29.556950726,27.8790883809,0.0,412.0,14.7655124664,43.1428571429,70.0,27.0,10.2873014648,906.0
925,18.6620485719,35.2273549782,0.0,419.0,17.0626125336,41.0952380952,72.0,24.0,10.7233612357,863.0
925,18.7006751242,35.2072400621,0.0,420.0,15.1186037064,39.8571428571,73.0,25.0,11.3458614229,837.0
926,20.7424115871,15.2661069243,0.0,420.0,15.9752445221,42.2380952381,67.0,26.0,12.1363287773,887.0
926,20.8080268307,15.2913903871,0.0,419.0,12.9597845078,41.0,67.0,24.0,11.6619037897,861.0
927,31.8139862642,27.8347834681,0.0,421.0,18.2830448151,50.619047619,70.0,35.0,10.8327106048,1063.0
927,31.8343071438,27.7771819154,0.0,423.0,17.0411205292,47.5714285714,72.0,32.0,10.9661817811,999.0
927,31.7455422584,28.0462552739,0.0,418.0,12.1017417908,41.1904761905,58.0,21.0,10.1961710834,865.0
927,31.8771704476,27.8609107047,0.0,420.0,13.47260952,45.4761904762,70.0,33.0,8.28021163751,955.0
927,31.7278516403,27.8272606575,0.0,422.0,24.0183677673,51.9047619048,82.0,26.0,13.5532459651,1090.0
927,31.8155786246,28.0027831041,0.0,419.0,17.9968357086,43.619047619,79.0,24.0,13.4256329105,916.0
928,33.4414092351,27.4220089516,0.0,418.0,14.0289621353,45.2380952381,68.0,33.0,11.3177063131,950.0
928,33.4580385697,27.3943310963,0.0,420.0,12.3596124649,45.0952380952,66.0,27.0,8.99391328569,947.0
928,33.4178392625,27.3977415246,0.0,419.0,18.6301727295,47.4285714286,75.0,33.0,11.7752767635,996.0
929,26.4174163535,32.4722102033,0.0,421.0,22.2460098267,49.4761904762,72.0,30.0,13.1324751956,1039.0
929,26.3277426324,32.4299210354,0.0,423.0,20.7426719666,49.0,85.0,31.0,14.1633329411,1029.0
929,26.4108929577,32.5049727208,0.0,420.0,16.3388900757,43.2380952381,63.0,25.0,11.1933228396,908.0
929,26.406224495,32.4792225277,0.0,422.0,25.0600299835,49.380952381,85.0,27.0,15.6635761896,1037.0
929,26.3596404058,32.4461419833,0.0,424.0,16.4050636292,44.7619047619,72.0,26.0,13.0533703001,940.0
930,17.8541779979,27.509579721,0.0,423.0,12.5443134308,41.4761904762,65.0,25.0,8.76709214973,871.0
930,18.1357901606,27.7614507341,0.0,422.0,19.0633716583,46.8095238095,72.0,29.0,11.7414609296,983.0
930,18.0591984879,27.7975597752,0.0,421.0,15.3623781204,43.2857142857,67.0,24.0,11.3716439319,909.0
931,16.4454082919,2.81602266358,0.0,422.0,12.8550710678,37.9523809524,61.0,25.0,8.87398552217,797.0
931,16.6925039986,2.99519975364,0.0,424.0,12.0569810867,37.7619047619,54.0,24.0,8.58431570892,793.0
931,16.567796088,2.84710433147,0.0,423.0,17.996969223,43.8095238095,67.0,26.0,10.5764788451,920.0
932,33.5300609876,27.372513425,0.0,423.0,14.5831184387,43.0952380952,66.0,28.0,11.0810864174,905.0
932,33.4918003845,27.4347427323,0.0,424.0,14.0374469757,44.619047619,65.0,30.0,10.254151308,937.0
933,4.69618082782,34.0963673793,0.0,423.0,17.7313213348,38.1428571429,68.0,19.0,12.5908129773,801.0
933,4.73019855103,34.0664205914,0.0,424.0,13.2668743134,38.3333333333,57.0,19.0,9.49385766342,805.0
934,20.7007123297,9.83967734006,0.0,425.0,15.7038526535,41.380952381,64.0,29.0,9.36203071174,869.0
934,20.7417022223,9.83724354696,0.0,424.0,18.3146781921,44.4761904762,74.0,31.0,10.4719580195,934.0
934,20.6349086655,9.85547986902,0.0,423.0,15.7434663773,43.0,66.0,31.0,9.40212741883,903.0
935,33.267745563,2.86096704462,0.0,427.0,14.8719091415,40.0,62.0,27.0,9.70051545022,840.0
935,33.4116912705,2.98108860879,0.0,425.0,18.8314819336,43.4285714286,63.0,24.0,12.8123824036,912.0
935,33.438299966,2.75618565831,0.0,428.0,16.3098869324,44.0,71.0,31.0,11.1085552616,924.0
935,33.3192273899,2.98574638558,0.0,426.0,13.7979516983,43.9047619048,62.0,34.0,7.5160146481,922.0
936,16.6145740914,21.0223601667,0.0,429.0,21.9858360291,50.0,82.0,24.0,13.4944433009,1050.0
936,16.6541057127,21.0729065729,0.0,427.0,23.4510326385,48.9047619048,81.0,24.0,14.0210725763,1027.0
936,16.6008615642,21.1245419391,0.0,428.0,29.1859302521,53.9523809524,85.0,25.0,16.6417432695,1133.0
936,16.6797024738,20.9999778583,0.0,426.0,13.0145721436,38.4285714286,60.0,26.0,9.66215001214,807.0
937,6.09668975032,20.6010790752,0.0,429.0,13.0127344131,36.2380952381,56.0,26.0,8.92134946017,761.0
937,5.95458789516,20.57524779,0.0,427.0,17.6971073151,40.5714285714,70.0,25.0,10.3129599465,852.0
937,5.90996176852,20.4585267309,0.0,425.0,13.259806633,37.4761904762,62.0,24.0,8.93095206358,787.0
937,5.87497441638,20.6199470847,0.0,428.0,12.610865593,35.5238095238,59.0,19.0,9.15215301237,746.0
937,6.0730172526,20.5497464861,0.0,430.0,12.9802522659,37.0476190476,64.0,27.0,8.70331080955,778.0
937,5.9419711303,20.4749674789,0.0,426.0,18.2491054535,42.380952381,72.0,24.0,10.9108945118,890.0
938,26.2857212517,32.3856380366,0.0,447.0,12.5312242508,40.2857142857,62.0,28.0,8.06934233468,846.0
938,26.2412203968,32.2059883935,0.0,453.0,16.6991462708,46.4285714286,78.0,34.0,11.209689686,975.0
938,26.1389013082,32.1690090405,0.0,465.0,17.282075882,44.2857142857,73.0,27.0,12.4223301242,930.0
938,26.3849126089,32.3711763821,0.0,427.0,21.2654533386,46.9523809524,86.0,27.0,13.8797557272,986.0
938,26.4794216705,32.3079700107,0.0,434.0,20.6095943451,51.0,81.0,31.0,13.953494186,1071.0
938,26.1759350302,32.2124874183,0.0,460.0,17.21509552,41.8095238095,69.0,31.0,11.1517668897,878.0
938,26.2899001296,32.39418894,0.0,448.0,34.0307693481,54.6666666667,122.0,28.0,20.6792972157,1148.0
938,26.4208805766,32.437205932,0.0,442.0,12.132062912,42.1428571429,62.0,28.0,9.05144029581,885.0
938,26.3930463333,32.4239170305,0.0,428.0,19.0324954987,47.8095238095,73.0,29.0,12.1598480567,1004.0
938,26.4166129312,32.4138692022,0.0,441.0,22.5864772797,47.3333333333,81.0,28.0,14.1927211391,994.0
938,26.2143937328,32.1380300597,0.0,456.0,14.1601724625,43.5714285714,64.0,30.0,9.31435144587,915.0
938,26.4735440171,32.3412847618,0.0,435.0,22.4969730377,50.6666666667,84.0,28.0,15.2129330944,1064.0
938,26.403442659,32.4369914467,0.0,429.0,18.7082691193,49.619047619,76.0,28.0,11.7067339189,1042.0
938,26.3067229649,32.2735958269,0.0,450.0,15.7048511505,45.5714285714,70.0,27.0,9.23889294543,957.0
938,26.1660405541,32.2029085466,0.0,461.0,18.0918540955,42.4761904762,76.0,25.0,12.3596887,892.0
938,26.4621931176,32.3609343952,0.0,436.0,17.8918113708,42.8095238095,75.0,27.0,12.9020116556,899.0
938,26.2286365331,32.2182138193,0.0,455.0,20.1928825378,49.1428571429,75.0,30.0,12.6383769302,1032.0
938,26.367727478,32.3922109579,0.0,443.0,15.08897686,43.4285714286,65.0,26.0,11.1694737055,912.0
938,26.1151507757,32.2017994253,0.0,467.0,13.2095909119,41.9047619048,79.0,29.0,12.0411991176,880.0
938,26.3740220385,32.404575989,0.0,430.0,14.1587057114,43.8095238095,66.0,22.0,10.0380229509,920.0
938,26.305541092,32.3021233602,0.0,451.0,17.5443687439,43.2380952381,74.0,25.0,13.0226908199,908.0
938,26.5176250039,32.3295919209,0.0,437.0,19.0062561035,48.2857142857,70.0,30.0,11.9463084555,1014.0
938,26.3311976118,32.3239543122,0.0,444.0,15.541264534,45.8571428571,67.0,31.0,10.403296181,963.0
938,26.2444894103,32.1470428446,0.0,457.0,13.4659671783,40.4761904762,59.0,24.0,9.50062654576,850.0
938,26.1354728578,32.2207925972,0.0,463.0,15.9693212509,42.2857142857,82.0,28.0,11.9043809463,888.0
938,26.0231854439,32.0813194546,0.0,468.0,14.6629905701,41.3333333333,70.0,29.0,10.0714116852,868.0
938,26.3306487143,32.289291045,0.0,452.0,14.4193239212,43.0476190476,69.0,26.0,10.5094062177,904.0
938,26.4315541901,32.3361353377,0.0,431.0,26.0964450836,50.3333333333,89.0,31.0,14.7116733696,1057.0
938,26.4534469317,32.2736579315,0.0,438.0,15.5801944733,43.2857142857,67.0,24.0,11.879153409,909.0
938,26.3345514062,32.3440233143,0.0,445.0,17.8654594421,47.619047619,75.0,32.0,11.8637101721,1000.0
938,26.1685787942,32.2335415939,0.0,458.0,17.171579361,42.619047619,71.0,28.0,11.2715402252,895.0
938,26.1464970954,32.1640022628,0.0,462.0,14.1376791,43.2857142857,65.0,33.0,9.75265531608,909.0
938,26.5043098453,32.3228344403,0.0,432.0,13.3553133011,43.2380952381,61.0,29.0,9.82295659109,908.0
938,26.191026285,32.2166421581,0.0,454.0,15.5577249527,44.7619047619,79.0,26.0,11.3749934589,940.0
938,26.5535529508,32.3305720556,0.0,439.0,18.9612541199,48.8095238095,75.0,31.0,12.5204594469,1025.0
938,26.3032426691,32.376548041,0.0,446.0,15.8428459167,44.7619047619,67.0,28.0,11.7809369827,940.0
938,26.1969515255,32.1117054509,0.0,464.0,14.2041273117,46.3333333333,73.0,21.0,10.3794669099,973.0
938,26.164434269,32.2129603261,0.0,459.0,25.7903461456,49.380952381,85.0,26.0,16.6237065376,1037.0
938,26.487081595,32.374725442,0.0,440.0,20.6165599823,48.4761904762,85.0,33.0,12.9831392491,1018.0
938,26.4354051666,32.3486073984,0.0,433.0,20.3402767181,46.4761904762,70.0,20.0,13.5041439848,976.0
939,16.1266148852,14.691723413,0.0,434.0,19.1715011597,44.380952381,76.0,28.0,13.9444476064,932.0
939,16.1613027437,14.602646092,0.0,431.0,16.2788257599,43.4285714286,71.0,33.0,10.1467799255,912.0
939,16.1937764325,14.6971927123,0.0,428.0,12.2799854279,41.4761904762,56.0,26.0,9.51114634321,871.0
939,16.3059111976,14.7520140007,0.0,433.0,12.7329740524,42.1428571429,69.0,28.0,10.6596703246,885.0
939,16.117138553,14.6468221731,0.0,435.0,18.5622291565,44.3333333333,77.0,29.0,12.4391853967,931.0
939,16.3060123903,14.6615367313,0.0,430.0,19.9845104218,47.3333333333,77.0,30.0,11.8757455906,994.0
939,16.3499145799,14.6996457027,0.0,429.0,27.0826816559,52.2857142857,86.0,26.0,17.3526449198,1098.0
939,16.3119396205,14.7184940855,0.0,432.0,22.1987819672,52.8571428571,81.0,30.0,12.9200840333,1110.0
940,20.7492886064,10.1288608914,0.0,428.0,15.5329704285,43.380952381,71.0,26.0,10.136450022,911.0
940,20.7215284665,10.0362183967,0.0,429.0,19.4797554016,43.8571428571,72.0,25.0,12.7329718223,921.0
941,36.6581305631,27.0033005114,0.0,429.0,16.8000507355,45.9047619048,73.0,31.0,10.8115899011,964.0
941,36.7055974366,26.9123032207,0.0,432.0,15.6781110764,43.2857142857,69.0,24.0,10.8588344547,909.0
941,36.631868234,27.059135262,0.0,431.0,17.7144298553,43.1428571429,68.0,27.0,12.1214096304,906.0
941,36.6948001547,26.9382063364,0.0,428.0,21.1473083496,45.4285714286,73.0,23.0,14.3233076786,954.0
941,36.8178784353,26.9081398366,0.0,433.0,15.6261663437,44.9047619048,70.0,21.0,11.9620431445,943.0
941,36.6098428018,27.108489085,0.0,430.0,15.4263715744,42.7619047619,75.0,26.0,11.1440780772,898.0
942,18.5818703917,35.1530707197,0.0,430.0,16.4464015961,41.2857142857,67.0,25.0,12.0504890239,867.0
942,18.5634280309,35.3089544523,0.0,435.0,20.2656154633,44.3333333333,79.0,26.0,14.0901857097,931.0
942,18.5316464317,35.1262244622,0.0,437.0,17.861743927,41.8571428571,74.0,26.0,11.8586918093,879.0
942,18.5602077283,35.2500019407,0.0,434.0,13.3329172134,42.3333333333,58.0,27.0,9.02958101649,889.0
942,18.5496319337,35.1309253332,0.0,429.0,16.8522567749,43.4285714286,73.0,29.0,10.4190759119,912.0
942,18.6165173875,35.2657629057,0.0,432.0,21.6898841858,44.9047619048,79.0,20.0,14.5804827146,943.0
942,18.6653224838,35.2177581048,0.0,431.0,14.506444931,42.2857142857,63.0,27.0,8.1801152629,888.0
942,18.5174317357,35.2181898806,0.0,436.0,12.5192213058,40.5238095238,55.0,26.0,7.93485379587,851.0
943,30.7834539767,7.74884517275,0.0,431.0,20.8264198303,46.4285714286,70.0,26.0,14.2111626145,975.0
943,30.8152047446,7.76134035547,0.0,433.0,15.3647480011,44.7619047619,62.0,29.0,9.49686665119,940.0
943,30.7990089563,7.7757771558,0.0,430.0,15.3681488037,44.7142857143,67.0,27.0,10.6402201911,939.0
943,30.7498054031,7.75964643832,0.0,432.0,20.1274604797,46.4285714286,79.0,28.0,13.2233559605,975.0
943,30.7673909041,7.80523186866,0.0,434.0,15.7200889587,44.0952380952,62.0,28.0,10.5114450096,926.0
944,30.5081025386,11.3551923387,0.0,434.0,13.0041599274,42.6666666667,68.0,20.0,10.1061037662,896.0
944,30.5527290984,11.3266913343,0.0,431.0,14.8799667358,42.619047619,67.0,29.0,10.5568754396,895.0
944,30.528323838,11.3557774808,0.0,435.0,15.4836473465,43.3333333333,64.0,24.0,10.9514078243,910.0
944,30.4040729346,11.312348606,0.0,433.0,20.1106491089,48.1428571429,79.0,28.0,13.5398881616,1011.0
944,30.3757157094,11.2816376686,0.0,432.0,12.8477907181,44.619047619,58.0,29.0,8.36944556393,937.0
945,15.4976063564,26.2556490059,0.0,432.0,14.8164901733,41.619047619,62.0,30.0,9.37803918992,874.0
945,15.5215864242,26.2117251115,0.0,431.0,12.5034561157,38.6666666667,60.0,27.0,8.96846326487,812.0
945,15.4358697488,26.2219550934,0.0,433.0,12.6421947479,37.619047619,64.0,24.0,11.2493386049,790.0
946,2.072002072,39.4975394975,0.0,401.0,14.5332841873,35.9047619048,52.0,22.0,10.133630948,754.0
946,2.05466872318,39.4055335192,0.0,400.0,17.6688098907,42.380952381,68.0,22.0,13.6655632539,890.0
947,4.5325045325,39.4975394975,0.0,441.0,12.2864027023,36.4761904762,58.0,27.0,8.00386811248,766.0
947,4.662004662,39.4975394975,0.0,437.0,20.1674022675,34.1904761905,78.0,17.0,15.1974308606,718.0
947,4.662004662,39.4975394975,0.0,444.0,26.9146022797,44.619047619,81.0,26.0,14.3648048733,937.0
947,4.5325045325,39.4975394975,0.0,443.0,19.802324295,40.5714285714,78.0,21.0,13.1170554187,852.0
947,4.5325045325,39.4975394975,0.0,438.0,15.3136978149,35.7619047619,64.0,16.0,12.0702309916,751.0
947,4.5325045325,39.4975394975,0.0,436.0,16.6847305298,34.8571428571,75.0,18.0,13.0279918417,732.0
947,4.5325045325,39.4975394975,0.0,440.0,33.7519836426,45.619047619,105.0,25.0,21.2284624749,958.0
948,41.5705320889,25.0411913195,0.0,439.0,23.3722324371,49.9047619048,89.0,32.0,14.1912112306,1048.0
948,41.5700321832,25.0854634058,0.0,438.0,27.6188030243,59.8571428571,103.0,40.0,15.9696140037,1257.0
948,41.6699239806,25.013689333,0.0,441.0,21.2143650055,50.2857142857,89.0,31.0,12.3415673929,1056.0
948,41.7214827569,25.0010285005,0.0,440.0,20.5783119202,47.1904761905,80.0,30.0,13.3477303225,991.0
948,41.6285541834,25.0943189729,0.0,437.0,28.1709365845,56.8571428571,95.0,31.0,17.5336411344,1194.0
949,29.3764380152,23.1933692605,0.0,439.0,14.6269359589,45.7619047619,71.0,26.0,11.6786333186,961.0
949,29.3882537602,23.1986336737,0.0,436.0,33.5722846985,59.380952381,103.0,35.0,18.712231803,1247.0
949,29.4270516399,23.3393224258,0.0,438.0,12.2507600784,43.6666666667,65.0,25.0,9.53065230366,917.0
949,29.4523985656,23.0845000702,0.0,435.0,15.5588445663,44.9523809524,66.0,31.0,10.2248530086,944.0
949,29.5071571434,23.2213575463,0.0,437.0,22.2585849762,50.1904761905,82.0,31.0,16.5819752973,1054.0
950,18.0141754923,27.4281713766,0.0,437.0,19.1651668549,46.0476190476,75.0,27.0,12.0061492181,967.0
950,17.972718572,27.4000000703,0.0,436.0,22.4432506561,46.619047619,84.0,27.0,15.509597643,979.0
950,17.8975732334,27.5018939632,0.0,435.0,12.3648700714,41.5238095238,62.0,26.0,10.4576242408,872.0
951,2.78703783736,13.1678320816,0.0,434.0,19.9172592163,39.8571428571,71.0,17.0,15.0608290419,837.0
951,2.55388020012,13.0365177484,0.0,436.0,15.1552467346,37.0952380952,53.0,21.0,9.5650654044,779.0
951,2.47661204167,12.9984515122,0.0,438.0,12.7470827103,35.4285714286,55.0,21.0,9.50037593241,744.0
951,2.71026026687,13.1405780242,0.0,435.0,12.8057966232,36.2857142857,53.0,23.0,8.8212405995,762.0
951,2.53776181734,13.0169707471,0.0,439.0,12.1228590012,36.9523809524,56.0,25.0,8.36346931887,776.0
952,11.137011137,0.0,0.0,442.0,20.2585983276,46.9047619048,69.0,27.0,11.5451494659,985.0
952,11.137011137,0.0,0.0,443.0,22.8658943176,57.8095238095,98.0,36.0,16.1109250126,1214.0
952,11.0075110075,0.0,0.0,440.0,16.7937679291,40.5238095238,63.0,26.0,10.3808431624,851.0
952,11.0075110075,0.0,0.0,441.0,19.6583080292,39.5714285714,64.0,22.0,12.8201849775,831.0
952,11.0896848048,0.288890165944,0.0,444.0,14.8658008575,42.9523809524,61.0,24.0,10.2395126372,902.0
953,13.2036436114,24.569072731,0.0,444.0,22.0950012207,45.4285714286,74.0,29.0,13.7607101146,954.0
953,13.1724303273,24.6740761396,0.0,442.0,17.1614570618,43.5714285714,75.0,29.0,11.0840941379,915.0
953,13.2939570833,24.6839036526,0.0,443.0,12.3603401184,41.0,59.0,18.0,10.3874924789,861.0
953,13.0817330879,24.570632122,0.0,441.0,20.0062065125,43.1428571429,76.0,21.0,13.6648663158,906.0
954,29.1509418945,22.9706483557,0.0,454.0,13.3363790512,41.8571428571,62.0,28.0,9.36635315523,879.0
954,29.2430370208,22.9107051203,0.0,450.0,15.3557271957,44.0952380952,74.0,24.0,11.5364845681,926.0
954,29.3328835893,22.9676190794,0.0,444.0,16.7970848083,46.0476190476,72.0,19.0,12.2003122521,967.0
954,29.1374038387,22.9198743107,0.0,448.0,14.5188684464,41.8095238095,68.0,28.0,9.89251761494,878.0
954,29.3596773109,22.9109094885,0.0,446.0,14.1896038055,45.380952381,58.0,25.0,8.74343290977,953.0
954,29.3557437141,23.1071529735,0.0,442.0,17.2905464172,49.2380952381,74.0,26.0,12.1897693247,1034.0
954,29.2956441525,22.9826568531,0.0,443.0,17.5719985962,44.8095238095,68.0,28.0,11.1338180676,941.0
954,29.1736379844,22.9253410156,0.0,452.0,16.5555915833,44.8571428571,68.0,27.0,11.0421271243,942.0
954,29.1200447063,22.8919737703,0.0,451.0,15.1118202209,44.8571428571,60.0,32.0,8.11964108989,942.0
954,29.1843646575,22.8767378856,0.0,447.0,14.9364843369,45.1904761905,69.0,27.0,10.722028948,949.0
954,29.2334930573,22.9162663798,0.0,453.0,16.1439495087,46.0952380952,65.0,32.0,9.89396160244,968.0
955,4.24630458438,13.824146179,0.0,396.0,12.0149297714,35.380952381,53.0,20.0,9.21670326351,743.0
955,4.27831603931,13.8669922904,0.0,395.0,35.4427490234,52.0,112.0,29.0,19.4935886896,1092.0
956,16.4497731217,21.1773456113,0.0,446.0,22.0059623718,44.7142857143,86.0,28.0,15.7389416961,939.0
956,16.3033280344,21.1385899159,0.0,450.0,27.9675121307,50.4761904762,85.0,21.0,16.3542625869,1060.0
956,16.5735511385,21.1146695262,0.0,448.0,28.7754955292,49.5238095238,90.0,27.0,17.1161299587,1040.0
956,16.4958736547,21.1135663251,0.0,447.0,27.6064529419,51.5714285714,98.0,32.0,16.7259422113,1083.0
956,16.248047269,21.1050343575,0.0,451.0,17.4275341034,44.7142857143,80.0,24.0,13.1458847444,939.0
956,16.5717874282,21.2303983073,0.0,445.0,13.8505334854,41.4761904762,65.0,30.0,9.14668818545,871.0
956,16.4892436072,21.0796405205,0.0,449.0,20.7784881592,51.7142857143,77.0,33.0,12.8341063465,1086.0
957,0.507898833972,29.7603566898,0.0,447.0,13.6084194183,31.8571428571,53.0,19.0,9.50413443868,669.0
957,0.511222049696,29.7824737985,0.0,446.0,20.752035141,39.5238095238,65.0,22.0,13.1818778921,830.0
957,0.484517093591,29.8511417359,0.0,450.0,12.1330986023,33.9523809524,58.0,21.0,9.3513431681,713.0
957,0.491106919148,29.8164531138,0.0,448.0,13.702796936,33.7619047619,60.0,16.0,11.5797442196,709.0
957,0.492468113183,29.8245216309,0.0,449.0,16.6213378906,36.8571428571,65.0,21.0,10.6502850398,774.0
958,33.4140629879,2.76706264716,0.0,443.0,16.1428432465,45.2857142857,71.0,24.0,11.1541151919,951.0
958,33.4705868576,2.82038221453,0.0,445.0,13.8356742859,41.9523809524,58.0,24.0,10.7400008868,881.0
958,33.4157715799,2.81364214778,0.0,444.0,12.7590103149,40.5714285714,62.0,23.0,9.04749373347,852.0
958,33.4878590915,2.81774525982,0.0,446.0,13.8951148987,41.4761904762,60.0,28.0,9.27695557615,871.0
959,30.1788537432,0.525683794601,0.0,448.0,14.7057542801,42.1428571429,60.0,22.0,11.0375980824,885.0
959,30.2680984163,0.59077018112,0.0,449.0,16.4779682159,44.7619047619,62.0,29.0,10.1286956806,940.0
959,30.2095091398,0.501318575729,0.0,447.0,16.7695770264,43.0,73.0,26.0,12.1942609452,903.0
960,5.96265972509,20.5972743044,0.0,450.0,19.293592453,38.8571428571,71.0,24.0,12.6225421936,816.0
960,6.11082922699,20.5988295547,0.0,454.0,21.9316978455,41.8095238095,69.0,20.0,14.0556716226,878.0
960,5.94413942607,20.6139129755,0.0,452.0,24.7512130737,45.7619047619,73.0,28.0,14.1134856145,961.0
960,6.11986729588,20.7773803554,0.0,455.0,19.5457038879,41.0,71.0,18.0,13.3116490338,861.0
960,6.04105768558,20.5444566469,0.0,451.0,22.0272922516,42.9523809524,74.0,26.0,15.7590487989,902.0
960,5.99939115305,20.5081129722,0.0,449.0,18.3070602417,37.2857142857,77.0,21.0,13.5725563441,783.0
961,15.744716467,14.4366248424,0.0,450.0,12.5844392776,37.8571428571,65.0,24.0,10.882489211,795.0
961,15.8872732988,14.6060566102,0.0,455.0,19.2860984802,43.5238095238,67.0,30.0,12.2008977031,914.0
961,15.8396870395,14.5518554445,0.0,456.0,12.9651880264,39.9523809524,61.0,27.0,9.4418016844,839.0
961,15.7899285842,14.4899126313,0.0,451.0,12.8753652573,39.0476190476,59.0,26.0,9.06353237141,820.0
961,15.7206410839,14.5848805885,0.0,453.0,21.1376247406,47.619047619,80.0,25.0,14.9046173734,1000.0
961,15.7485075873,14.5351618452,0.0,454.0,19.3937625885,44.2857142857,82.0,28.0,12.7598701292,930.0
962,21.2899782203,0.21814166794,0.0,455.0,13.5815439224,45.2857142857,75.0,30.0,10.4744587313,951.0
962,21.2289332906,0.339770386105,0.0,452.0,13.927157402,40.380952381,57.0,23.0,10.3367121972,848.0
962,21.1897231403,0.215732386426,0.0,453.0,15.3069000244,44.0,78.0,29.0,11.7175082675,924.0
962,21.2065651069,0.336898144522,0.0,454.0,14.2054319382,43.9523809524,66.0,29.0,9.37270606856,923.0
963,17.5858274151,15.5310280656,0.0,452.0,14.0069799423,39.9523809524,69.0,25.0,9.79017972499,839.0
963,17.6574099417,15.4765494152,0.0,453.0,16.2565841675,44.8095238095,66.0,27.0,11.3252772488,941.0
963,17.5954813372,15.5815969356,0.0,454.0,14.1206226349,42.0,54.0,28.0,8.80340843083,882.0
964,14.5315597491,30.9007215181,0.0,453.0,16.954082489,43.7619047619,65.0,20.0,12.4052600211,919.0
964,14.2748687201,30.9034800548,0.0,452.0,14.2614803314,40.3333333333,68.0,21.0,10.6505085951,847.0
964,14.2416565586,30.8193235494,0.0,451.0,12.2870159149,40.3333333333,58.0,24.0,8.7825584731,847.0
965,0.460357330741,29.8054109102,0.0,457.0,17.2955226898,39.6666666667,64.0,27.0,10.0962039071,833.0
965,0.4756525284,29.7978187139,0.0,460.0,20.4925193787,40.2857142857,67.0,25.0,12.3820146064,846.0
965,0.480211340892,29.7794239743,0.0,461.0,18.4484176636,37.2380952381,58.0,19.0,11.3000210704,782.0
965,0.458891514853,29.780851978,0.0,454.0,14.3248567581,36.4761904762,60.0,22.0,10.768560942,766.0
965,0.496982113043,29.7893592546,0.0,459.0,16.9009914398,38.2857142857,67.0,27.0,9.49285445555,804.0
965,0.510666657746,29.8105424493,0.0,455.0,13.1071510315,33.2857142857,57.0,21.0,9.06720936751,699.0
965,0.480263122843,29.8107095716,0.0,456.0,15.4676551819,38.5714285714,59.0,29.0,8.78960424918,810.0
965,0.457223942837,29.797552277,0.0,453.0,16.147895813,36.4285714286,65.0,23.0,11.2675260309,765.0
965,0.495110121089,29.808125799,0.0,458.0,15.9706077576,36.0952380952,66.0,18.0,11.4057212043,758.0
966,10.5051176506,1.90448148749,0.0,445.0,17.7292690277,39.0952380952,65.0,22.0,12.5375626096,821.0
966,10.6359788607,1.90812761113,0.0,444.0,16.2616958618,40.7142857143,63.0,26.0,10.710475513,855.0
967,21.4901648128,38.5783585068,0.0,454.0,12.4065322876,38.2857142857,58.0,24.0,10.0605310851,804.0
967,21.4270761267,38.5177724768,0.0,455.0,12.2578353882,40.8095238095,65.0,29.0,8.55931683967,857.0
968,33.529547179,2.57943709512,0.0,456.0,17.2063121796,43.8571428571,70.0,26.0,12.6462868633,921.0
968,33.3448045328,2.8027764714,0.0,462.0,13.4039535522,41.1904761905,69.0,25.0,9.99809505665,865.0
968,33.2970138201,2.56172194719,0.0,466.0,16.239315033,39.8095238095,60.0,19.0,11.6987992872,836.0
968,33.4689119294,2.61243606345,0.0,458.0,20.358247757,47.0476190476,86.0,22.0,14.4273219638,988.0
968,33.4345680078,2.73871401875,0.0,461.0,19.0438709259,48.5714285714,71.0,35.0,10.2399776785,1020.0
968,33.5354639957,2.38113619778,0.0,469.0,12.3972787857,45.380952381,64.0,31.0,9.02483346371,953.0
968,33.5750966585,2.48778791899,0.0,455.0,13.0693311691,42.0952380952,60.0,25.0,9.62758932394,884.0
968,33.4030402548,2.59106388364,0.0,464.0,17.3754177094,46.4761904762,72.0,31.0,9.65204148157,976.0
968,33.4448205491,2.60749500134,0.0,459.0,15.3775997162,45.4761904762,61.0,28.0,9.43726150755,955.0
968,33.4843641269,2.47249496797,0.0,467.0,16.0385322571,46.5714285714,70.0,28.0,9.43700921146,978.0
968,33.3963536216,2.64948719666,0.0,463.0,17.2135105133,47.2857142857,66.0,28.0,11.811616558,993.0
968,33.4538559217,2.77374852526,0.0,465.0,17.6900081635,46.0476190476,69.0,33.0,10.979417974,967.0
968,33.4933583206,2.63192880541,0.0,457.0,19.4552249908,44.9523809524,75.0,25.0,12.7807518968,944.0
968,33.4928299324,2.54940205827,0.0,460.0,16.1758728027,44.3333333333,65.0,33.0,10.194769901,931.0
968,33.5439635333,2.32476657357,0.0,468.0,23.153711319,49.5238095238,77.0,32.0,13.1324751956,1040.0
968,33.5629994568,2.57010780031,0.0,470.0,18.1270656586,42.7142857143,70.0,27.0,12.1866437428,897.0
969,30.4177045683,0.705031301228,0.0,456.0,12.4667272568,40.4285714286,60.0,22.0,9.34115318669,849.0
969,30.4036376309,0.590870917709,0.0,457.0,17.0684070587,45.9047619048,73.0,26.0,10.3387850442,964.0
970,21.0466105128,3.14808347494,0.0,456.0,17.518491745,46.2380952381,73.0,32.0,12.4173457788,971.0
970,21.2242873614,3.30466879878,0.0,458.0,20.246131897,44.0952380952,79.0,30.0,12.9880897822,926.0
970,21.129753981,3.25168137002,0.0,457.0,20.9617424011,46.3333333333,76.0,32.0,11.0875305336,973.0
971,16.0954631401,20.7303175062,0.0,457.0,16.4315567017,43.7619047619,82.0,28.0,11.1575300219,919.0
971,16.1810921782,21.0522025815,0.0,455.0,18.1288528442,44.4285714286,73.0,25.0,13.4891490783,933.0
971,16.1940432664,20.8928868064,0.0,456.0,21.120382309,48.6666666667,75.0,35.0,13.4585784291,1022.0
972,6.04288084123,20.6031057101,0.0,446.0,18.4061775208,38.4761904762,74.0,18.0,13.3926063469,808.0
972,6.0612485925,20.6309789565,0.0,445.0,16.85505867,40.7619047619,69.0,22.0,11.4451070851,856.0
973,28.9252553342,11.9960320519,0.0,460.0,12.6679039001,42.5714285714,64.0,23.0,10.3032588465,894.0
973,29.1061448265,11.9940533644,0.0,459.0,14.5028305054,44.7142857143,64.0,30.0,9.99070997048,939.0
973,28.9716645508,11.9159828539,0.0,458.0,17.2544612885,44.4761904762,73.0,30.0,11.3341036153,934.0
974,29.0461815928,23.1841660992,0.0,461.0,25.8578166962,49.380952381,100.0,32.0,18.0457091589,1037.0
974,29.1407149677,22.9689504538,0.0,463.0,12.0320663452,43.7619047619,55.0,31.0,7.69353470067,919.0
974,29.1178627563,23.0497699465,0.0,460.0,17.2733249664,43.8095238095,67.0,33.0,10.4384819185,920.0
974,29.2293643427,22.9470905742,0.0,464.0,15.9187297821,45.380952381,77.0,34.0,10.3463819303,953.0
974,29.1811761015,23.0141338907,0.0,459.0,21.446472168,49.380952381,94.0,26.0,15.9702103633,1037.0
974,29.1245438613,22.8890869289,0.0,458.0,14.1452865601,41.9523809524,65.0,26.0,10.7864553514,881.0
974,29.11036978,23.0854962742,0.0,462.0,15.0212545395,45.1428571429,77.0,29.0,11.8079876113,948.0
975,15.6250091745,26.2346389399,0.0,459.0,12.1909036636,44.8571428571,58.0,26.0,7.66997858071,942.0
975,15.544239232,26.2101060759,0.0,458.0,14.4155368805,40.8571428571,69.0,22.0,11.710190922,858.0
976,36.4986914868,27.3485894641,0.0,459.0,12.4592885971,38.380952381,63.0,19.0,10.7400008868,806.0
976,36.4545521986,27.3229807419,0.0,458.0,12.7485361099,39.5714285714,67.0,21.0,10.2350936907,831.0
977,41.8659526896,35.0720576468,0.0,460.0,15.0622024536,45.619047619,69.0,34.0,9.92711534372,958.0
977,41.8451475244,34.9186135307,0.0,459.0,16.5002536774,45.7619047619,77.0,30.0,11.5364845681,961.0
978,11.396011396,0.0,0.0,461.0,26.3172206879,52.0476190476,86.0,22.0,16.6867498048,1093.0
978,11.2665112665,0.0,0.0,460.0,33.2140541077,56.8095238095,103.0,28.0,20.81013947,1193.0
979,30.5145811846,11.2887699754,0.0,440.0,12.549703598,40.9047619048,72.0,30.0,10.6859943941,859.0
979,30.532727031,11.3875934435,0.0,439.0,17.6158046722,44.0476190476,80.0,29.0,12.001983963,925.0
980,6.56223527974,26.6826903008,0.0,465.0,16.4882183075,40.380952381,67.0,25.0,10.6276817344,848.0
980,6.62703930234,26.691984939,0.0,473.0,16.3342037201,40.3333333333,75.0,25.0,12.0761472885,847.0
980,6.58266381866,26.7071104157,0.0,476.0,16.3181838989,38.1428571429,63.0,25.0,10.8272143891,801.0
980,6.5752679098,26.6966566749,0.0,463.0,18.4026279449,42.2857142857,67.0,26.0,10.9642275475,888.0
980,6.5675528522,26.7845639045,0.0,468.0,25.9004650116,46.8095238095,95.0,26.0,16.2960702245,983.0
980,6.62178547397,26.7991158742,0.0,470.0,19.1369590759,43.0,79.0,27.0,12.0208152802,903.0
980,6.58908655425,26.8368051518,0.0,479.0,15.6219024658,40.0476190476,66.0,29.0,10.1512373161,841.0
980,6.5148697817,26.7405492417,0.0,477.0,13.5764789581,39.1904761905,59.0,23.0,9.55310969067,823.0
980,6.48095313219,26.6659070236,0.0,462.0,12.067234993,37.5238095238,52.0,22.0,8.01635233519,788.0
980,6.59419463054,26.738870856,0.0,466.0,16.4076309204,41.6666666667,65.0,28.0,9.1833182093,875.0
980,6.54488591685,26.7739926882,0.0,471.0,14.6697797775,38.619047619,61.0,22.0,10.979417974,811.0
980,6.52766941862,26.6888406132,0.0,461.0,21.2710533142,42.1428571429,83.0,14.0,14.7928554184,885.0
980,6.57837386852,26.7178947711,0.0,475.0,17.5716285706,40.8095238095,69.0,25.0,11.1338180676,857.0
980,6.57739817617,26.8584086731,0.0,469.0,26.108751297,47.5238095238,87.0,29.0,17.7302539396,998.0
980,6.61637661889,26.7176539199,0.0,467.0,22.7726764679,45.380952381,75.0,30.0,12.6232966791,953.0
980,6.57050906413,26.7539647418,0.0,464.0,14.2342739105,40.1428571429,72.0,27.0,10.3018722293,843.0
980,6.52231044925,26.7270270443,0.0,478.0,21.3927307129,44.9523809524,79.0,18.0,14.4099833118,944.0
980,6.69120612845,26.740339932,0.0,474.0,13.2637367249,38.2857142857,59.0,22.0,9.5244047433,804.0
981,30.3200933726,0.613694989608,0.0,463.0,13.8269300461,43.1428571429,69.0,25.0,9.47779359496,906.0
981,30.2072914536,0.545775912168,0.0,462.0,16.7770061493,43.2380952381,61.0,31.0,9.95944156017,908.0
981,30.3267861253,0.643065875623,0.0,461.0,16.1239013672,44.7619047619,71.0,26.0,11.1261168514,940.0
982,15.3184945119,6.89513498603,0.0,462.0,15.1819152832,39.1428571429,58.0,20.0,11.4424023452,822.0
982,15.2977123381,6.87494602688,0.0,461.0,12.6706905365,36.3333333333,61.0,20.0,10.0614776913,763.0
983,15.8571177108,14.6260876657,0.0,464.0,17.8405208588,40.2380952381,78.0,23.0,14.2158529885,845.0
983,15.6834561217,14.6408424297,0.0,462.0,18.263792038,41.1428571429,74.0,20.0,11.769816117,864.0
983,15.8222900852,14.596873679,0.0,463.0,13.5200567245,40.2380952381,71.0,24.0,9.80257497755,845.0
984,35.4492278932,12.066976767,0.0,463.0,12.0050878525,41.8571428571,63.0,29.0,8.35634916866,879.0
984,35.3098748756,12.0861661543,0.0,462.0,13.6927223206,44.5238095238,71.0,29.0,10.9618385667,935.0
985,13.1541393744,24.7475031444,0.0,463.0,19.4864768982,45.0476190476,76.0,28.0,12.3429177688,946.0
985,13.1595490307,24.8894054404,0.0,462.0,16.4675254822,42.0952380952,65.0,27.0,11.2067156737,884.0
986,29.0574858245,37.0511391045,0.0,466.0,31.3313484192,57.5238095238,105.0,32.0,17.5260350554,1208.0
986,28.9163215359,37.159772665,0.0,463.0,15.9347400665,44.7619047619,71.0,25.0,10.2367219455,940.0
986,28.8417264655,37.0977697056,0.0,465.0,21.099357605,51.8095238095,84.0,25.0,14.4104789914,1088.0
986,28.9904523928,37.0678425498,0.0,469.0,20.1410636902,48.3333333333,67.0,27.0,11.7487587997,1015.0
986,28.9161671525,37.2109709653,0.0,464.0,16.5856113434,45.9523809524,65.0,25.0,10.7353443842,965.0
986,29.0446840886,37.0459415824,0.0,468.0,23.4833602905,50.4285714286,76.0,33.0,13.3100391756,1059.0
986,29.0939739337,37.0284166265,0.0,467.0,21.9556865692,50.1428571429,77.0,34.0,12.3340411637,1053.0
987,14.3702044137,22.1341551023,0.0,464.0,12.0514535904,38.8571428571,58.0,24.0,8.88980154045,816.0
987,14.3121926929,22.1530041971,0.0,465.0,13.849486351,39.7619047619,64.0,21.0,11.8739410555,835.0
987,14.3650538188,22.1329557492,0.0,466.0,15.8358030319,42.7142857143,75.0,29.0,10.7058061684,897.0
987,14.3357278364,22.2055122579,0.0,463.0,14.7932271957,43.0,61.0,28.0,9.20869154658,903.0
988,36.8926573106,19.8712587244,0.0,469.0,13.9807243347,42.4761904762,62.0,26.0,10.5100858589,892.0
988,36.8024355979,19.8966738023,0.0,468.0,17.0311794281,43.4761904762,70.0,23.0,13.3064610157,913.0
988,36.7667790448,19.8167576818,0.0,470.0,14.8681640625,45.1428571429,63.0,33.0,7.76070688975,948.0
988,36.8227276079,20.0046031363,0.0,467.0,24.9338550568,55.7619047619,88.0,40.0,13.3488005525,1171.0
988,36.8162432786,20.0641504962,0.0,464.0,12.0089216232,38.7142857143,53.0,21.0,10.035650737,813.0
988,36.8915105493,19.9445308329,0.0,466.0,15.6469335556,44.4761904762,63.0,27.0,10.1568649081,934.0
988,36.8418204197,20.1603740693,0.0,463.0,12.0659599304,45.2380952381,61.0,23.0,9.99452230927,950.0
989,16.8904124168,27.6975391479,0.0,474.0,21.7701129913,47.619047619,79.0,28.0,13.6399273843,1000.0
989,16.7241711804,27.8334702137,0.0,465.0,14.7105321884,39.5714285714,67.0,28.0,11.5350397857,831.0
989,16.9434374448,27.6616808678,0.0,473.0,22.9534301758,50.0,85.0,29.0,13.4981480211,1050.0
989,16.9785457538,27.9547970641,0.0,470.0,32.594367981,55.7619047619,97.0,33.0,19.0339296045,1171.0
989,16.9012686694,28.1252098617,0.0,468.0,25.6697635651,48.6666666667,87.0,22.0,17.012740324,1022.0
989,17.2380165433,27.4288420856,0.0,479.0,28.9955329895,50.1428571429,102.0,32.0,18.8395480686,1053.0
989,16.867741563,28.102112324,0.0,466.0,16.4663963318,44.1428571429,75.0,26.0,11.2928548839,927.0
989,17.2406125984,27.4233269422,0.0,477.0,12.460267067,42.2857142857,57.0,28.0,7.75334029398,888.0
989,17.0381574692,27.7408200667,0.0,472.0,33.7514305115,56.7142857143,110.0,31.0,21.4782281791,1191.0
989,17.0003456946,27.9062861106,0.0,471.0,33.0421714783,59.380952381,104.0,41.0,21.0795545268,1247.0
989,17.1803183042,27.315935009,0.0,480.0,26.1572132111,54.4285714286,99.0,31.0,15.5549716444,1143.0
989,17.2355502022,27.6063647225,0.0,475.0,17.880355835,49.0,70.0,24.0,11.2160599142,1029.0
989,17.0841640963,28.118140061,0.0,469.0,26.0446643829,49.1904761905,86.0,33.0,14.0485552553,1033.0
989,17.3586742479,27.4364863844,0.0,481.0,13.5813779831,41.0952380952,63.0,24.0,11.3925623189,863.0
989,16.827241123,28.2135296274,0.0,467.0,15.4782342911,46.4761904762,66.0,33.0,9.00343849659,976.0
989,17.3653852111,27.4770691456,0.0,478.0,19.402923584,44.0,85.0,28.0,11.9079805173,924.0
990,20.8700864958,14.350230326,0.0,464.0,18.5282096863,44.7142857143,72.0,25.0,12.0255679997,939.0
990,20.9802122886,14.3643219349,0.0,467.0,12.3282880783,43.0,62.0,30.0,9.14330356053,903.0
990,20.9929699781,14.4707784709,0.0,466.0,14.1596269608,45.3333333333,70.0,25.0,10.1996731974,952.0
990,20.9166557182,14.4050973079,0.0,465.0,17.1357135773,48.380952381,82.0,35.0,10.2979424667,1016.0
991,16.1388662773,24.6409736179,0.0,467.0,21.2321243286,48.0,74.0,27.0,14.0819032805,1008.0
991,16.1215154782,24.6971531045,0.0,466.0,20.6846122742,46.8571428571,86.0,25.0,14.6638525439,984.0
991,16.1666650935,24.7509157017,0.0,465.0,16.8550415039,44.3333333333,73.0,28.0,11.0423427466,931.0
992,15.2054440145,7.06532431528,0.0,467.0,12.6532888412,36.3333333333,61.0,20.0,10.8735152243,763.0
992,15.1828538488,6.85932003282,0.0,466.0,17.1062831879,40.2857142857,68.0,20.0,12.7520306506,846.0
993,29.0656333034,23.0026081797,0.0,468.0,15.9992675781,47.380952381,75.0,29.0,12.1139431668,995.0
993,28.9860023213,23.1811827797,0.0,470.0,14.2699995041,43.5714285714,70.0,29.0,10.8883948706,915.0
993,29.1521535663,23.0199708391,0.0,467.0,12.9814243317,40.0476190476,58.0,22.0,8.99153040631,841.0
993,29.0137767841,23.1564391808,0.0,472.0,17.5311946869,49.619047619,73.0,30.0,10.9108945118,1042.0
993,28.9948097814,23.1471460913,0.0,471.0,19.2690639496,52.0,68.0,34.0,11.7558496077,1092.0
994,41.8488691358,35.0060999447,0.0,468.0,21.7078495026,49.1428571429,91.0,30.0,13.5620268186,1032.0
994,41.8050499515,35.087057379,0.0,467.0,15.2922267914,43.5238095238,80.0,31.0,10.1124628435,914.0
995,8.56409525033,25.3944983819,0.0,468.0,12.4981517792,37.2857142857,59.0,21.0,9.44533142427,783.0
995,8.55185491982,25.3700456621,0.0,470.0,17.7770309448,38.0,70.0,22.0,12.4619420637,798.0
995,8.53302531926,25.3826114377,0.0,469.0,16.9084568024,36.5238095238,69.0,22.0,11.5265738518,767.0
996,32.5027118718,27.2028698133,0.0,471.0,12.2734375,43.4761904762,60.0,29.0,7.65257504125,913.0
996,32.3603377676,27.2991459618,0.0,468.0,14.4781560898,45.3333333333,64.0,26.0,10.2778078078,952.0
996,32.4888204969,27.2183956116,0.0,470.0,17.0541820526,44.0,78.0,28.0,11.903780912,924.0
996,32.461594848,27.2014128793,0.0,469.0,20.1818637848,47.6666666667,77.0,33.0,13.3053873801,1001.0
997,27.8917788275,32.7513230629,0.0,472.0,14.6226234436,40.380952381,75.0,25.0,12.7337197648,848.0
997,27.8721737518,32.7707028308,0.0,471.0,12.8909788132,43.380952381,76.0,28.0,9.74410688815,911.0
997,27.9542470344,32.7110950883,0.0,469.0,14.7132310867,44.1428571429,70.0,29.0,11.6588409127,927.0
997,27.8924844976,32.7906478257,0.0,468.0,15.160572052,41.4285714286,65.0,22.0,11.9815334101,870.0
997,28.0415107377,32.863295418,0.0,470.0,14.1592235565,45.5238095238,68.0,30.0,10.5338456777,956.0
998,30.1495948052,0.613660276342,0.0,471.0,15.9823894501,41.1428571429,62.0,25.0,10.7484218111,864.0
998,30.1530528202,0.641194916582,0.0,470.0,13.5461549759,40.9523809524,66.0,28.0,10.2297418857,860.0
998,30.1620293704,0.635772183678,0.0,469.0,13.0423870087,42.5238095238,69.0,29.0,9.84184458127,893.0
999,15.6822488294,26.0073245076,0.0,472.0,12.2473907471,42.6666666667,60.0,30.0,8.41031113178,896.0
999,15.7768833782,26.1162172665,0.0,470.0,17.0838603973,42.619047619,65.0,26.0,10.6980193984,895.0
999,15.8110498026,26.0246004203,0.0,475.0,12.8669309616,41.0476190476,57.0,23.0,8.30948969839,862.0
999,15.6917123982,26.0072765943,0.0,476.0,12.9439811707,44.7142857143,59.0,24.0,9.0007936158,939.0
999,15.728229582,26.0571543978,0.0,471.0,13.4517183304,43.9047619048,62.0,31.0,9.01612312419,922.0
999,15.7979626227,25.9663342297,0.0,473.0,14.5051651001,43.5714285714,65.0,30.0,9.80087459654,915.0
999,15.8311214268,26.0052228575,0.0,474.0,14.7048568726,41.9523809524,66.0,24.0,10.8695730849,881.0
1000,36.3646625509,27.3541446712,0.0,473.0,17.3039207458,47.5714285714,74.0,31.0,10.4955772999,999.0
1000,36.3017174917,27.3538036357,0.0,474.0,15.3554029465,46.0476190476,68.0,34.0,9.82586479897,967.0
1000,36.4594350302,27.3115439211,0.0,472.0,14.9297027588,45.1428571429,63.0,27.0,11.2084152059,948.0
1000,36.2520729312,27.348332314,0.0,475.0,19.1286201477,44.0476190476,73.0,26.0,12.776839165,925.0
1001,10.6411628045,7.23067076523,0.0,478.0,19.0128288269,40.8095238095,78.0,25.0,12.7382064971,857.0
1001,10.7238534515,7.13906639018,0.0,472.0,20.402425766,41.6666666667,71.0,28.0,10.8643146739,875.0
1001,10.6485364432,7.15425325185,0.0,473.0,19.9392719269,42.5714285714,71.0,29.0,12.1719818788,894.0
1001,10.6650151514,7.08573269724,0.0,474.0,19.2891674042,43.3333333333,79.0,20.0,12.4150446368,910.0
1001,10.6086111746,7.24656523371,0.0,477.0,12.8544111252,35.9523809524,51.0,21.0,9.20041406936,755.0
1001,10.5480904295,7.28510977435,0.0,475.0,21.621635437,45.619047619,75.0,25.0,13.9552004302,958.0
1001,10.617884918,7.3528686175,0.0,476.0,15.0917596817,41.0476190476,61.0,26.0,9.45767513967,862.0
1001,10.7827065945,7.19755680505,0.0,471.0,15.7996473312,39.8095238095,65.0,27.0,10.37602548,836.0
1002,39.9890302063,5.43453572212,0.0,474.0,15.7123832703,39.9523809524,68.0,26.0,10.1709202655,839.0
1002,40.0052083547,5.4142615355,0.0,472.0,14.4163780212,41.2857142857,69.0,20.0,11.6796526367,867.0
1002,40.0148126557,5.44424834307,0.0,473.0,27.0513439178,48.9047619048,92.0,30.0,15.9213842423,1027.0
1003,15.7303117656,34.7746864098,0.0,473.0,12.7519445419,38.5714285714,63.0,25.0,10.1713884429,810.0
1003,15.7248866916,34.6717211172,0.0,475.0,17.051399231,41.4761904762,67.0,24.0,11.9399290099,871.0
1003,15.6860663353,34.661915524,0.0,474.0,12.0587892532,38.1904761905,58.0,27.0,8.65805432888,802.0
1004,20.979020979,0.0,0.0,479.0,20.0942668915,45.6666666667,74.0,29.0,13.0128141973,959.0
1004,20.8495208495,0.0,0.0,482.0,15.6199197769,46.7619047619,75.0,28.0,13.5310929415,982.0
1004,20.8495208495,0.0,0.0,478.0,13.8792457581,44.7619047619,60.0,27.0,10.1631922244,940.0
1004,20.8495208495,0.0,0.0,481.0,18.1764526367,47.4285714286,72.0,23.0,11.8176623262,996.0
1004,21.017220331,0.294427346984,0.0,473.0,15.8052215576,45.2857142857,72.0,32.0,10.0157019581,951.0
1004,20.9844770974,0.226673441397,0.0,474.0,14.145406723,42.5714285714,77.0,26.0,11.6600661601,894.0
1004,20.9494281324,0.245608410137,0.0,475.0,13.3430290222,40.619047619,64.0,19.0,11.8552781092,853.0
1004,20.9727662161,0.170223775249,0.0,477.0,23.0593338013,53.6666666667,95.0,30.0,19.5789002075,1127.0
1004,20.8495208495,0.0,0.0,480.0,22.7381515503,51.4761904762,90.0,34.0,17.0400089425,1081.0
1004,20.6831601859,0.0682039000731,0.0,483.0,14.0948181152,48.2857142857,66.0,27.0,11.7734568294,1014.0
1005,16.3039433735,24.4728332177,0.0,475.0,18.0361289978,44.1904761905,77.0,26.0,11.8432218911,928.0
1005,15.9765263955,24.6231227677,0.0,473.0,16.9724311829,40.3333333333,72.0,21.0,12.594972542,847.0
1005,16.2157268834,24.520634621,0.0,474.0,13.9707775116,39.9523809524,61.0,21.0,11.9099798089,839.0
1006,7.51100751101,0.0,0.0,475.0,15.1381721497,35.0,64.0,22.0,9.91463564636,735.0
1006,7.38150738151,0.0,0.0,474.0,13.0912389755,34.7619047619,60.0,17.0,9.71547611754,730.0
1007,36.5786261856,19.6593104077,0.0,474.0,15.5005025864,45.0,86.0,28.0,14.0463518395,945.0
1007,36.6437264708,19.6974311003,0.0,475.0,14.1538648605,42.7619047619,64.0,25.0,11.7894222161,898.0
1007,36.7530524483,19.7070551583,0.0,476.0,14.6327056885,43.2380952381,65.0,30.0,9.27310499188,908.0
1008,13.1158758154,24.6450890815,0.0,476.0,15.8300685883,42.380952381,63.0,23.0,10.3367121972,890.0
1008,12.857216089,24.7262221442,0.0,480.0,12.4923324585,40.9047619048,57.0,25.0,8.46111554055,859.0
1008,13.1437056346,24.6000578838,0.0,475.0,19.1821594238,43.7142857143,72.0,24.0,13.0082391473,918.0
1008,12.9276401211,24.612386373,0.0,479.0,17.8256950378,45.4761904762,63.0,29.0,10.6706093904,955.0
1008,13.036018555,24.8155748519,0.0,478.0,12.6371154785,41.0952380952,60.0,27.0,8.56098570204,863.0
1008,13.2593568355,24.8302786707,0.0,477.0,19.3171710968,49.0476190476,72.0,33.0,12.0560200335,1030.0
1009,13.468013468,0.0,0.0,477.0,13.4672040939,40.0476190476,58.0,25.0,8.90211317877,841.0
1009,13.468013468,0.0,0.0,476.0,14.2058429718,41.8571428571,63.0,25.0,11.7229932794,879.0
1009,13.3385133385,0.0,0.0,475.0,12.2481374741,42.8571428571,63.0,28.0,11.6244815553,900.0
1010,24.5368705361,0.501529197921,0.0,479.0,13.8218336105,42.0952380952,72.0,32.0,9.97449127477,884.0
1010,24.4037465621,0.430666045886,0.0,482.0,16.7451343536,43.4761904762,67.0,27.0,11.7797243076,913.0
1010,24.4367397192,0.508755552394,0.0,478.0,18.0249862671,47.5714285714,71.0,31.0,11.1873653224,999.0
1010,24.5393561878,0.422654091039,0.0,481.0,13.5498609543,42.1428571429,62.0,17.0,11.2573785327,885.0
1010,24.3924889839,0.621784888666,0.0,477.0,20.3613700867,45.7619047619,75.0,31.0,13.1068865941,961.0
1010,24.2211950789,0.49799942255,0.0,476.0,12.3732872009,38.2857142857,75.0,23.0,10.9505381472,804.0
1010,24.2978004952,0.451240732523,0.0,475.0,15.4848985672,44.2380952381,73.0,26.0,12.3122084205,929.0
1010,24.548299583,0.537870128299,0.0,480.0,14.5033950806,40.4285714286,70.0,24.0,12.0854103305,849.0
1011,28.8835868101,23.2810962695,0.0,475.0,17.5793685913,43.8571428571,79.0,21.0,12.8190706149,921.0
1011,28.9312457655,23.3035866069,0.0,476.0,18.8120288849,48.9047619048,72.0,31.0,10.6014374587,1027.0
1012,18.0995822681,4.76304848425,0.0,476.0,12.0548095703,39.1904761905,62.0,25.0,10.7033595082,823.0
1012,18.1152208057,4.81318909019,0.0,475.0,19.1823558807,45.0,77.0,32.0,12.2392810246,945.0
1013,16.5389323321,24.6839810643,0.0,479.0,19.8771018982,46.0,71.0,28.0,12.9460418661,966.0
1013,16.530134795,24.617948323,0.0,478.0,12.0780935287,41.5238095238,58.0,25.0,8.31636367422,872.0
1014,25.980659935,32.1268108283,0.0,479.0,18.0535793304,42.2380952381,77.0,26.0,13.6671312348,887.0
1014,25.9610353817,32.051772784,0.0,478.0,13.9602413177,43.0476190476,66.0,29.0,10.9474937336,904.0
1015,36.1757751912,27.305286749,0.0,480.0,12.1724014282,41.4761904762,73.0,22.0,11.7669836731,871.0
1015,36.3115686259,27.3580972082,0.0,479.0,13.5010976791,42.4761904762,65.0,24.0,9.45843035402,892.0
1015,36.0838858607,27.4493481761,0.0,481.0,15.1724681854,45.8571428571,68.0,30.0,9.7379962738,963.0
1016,29.2756323945,38.976061433,0.0,480.0,31.8542900085,55.380952381,100.0,31.0,17.9985449147,1163.0
1016,29.2857652803,39.0064441205,0.0,479.0,18.6618747711,46.2857142857,79.0,28.0,11.701037805,972.0
1016,29.2279108664,39.0143921647,0.0,481.0,20.0714149475,48.0476190476,80.0,27.0,12.6707386938,1009.0
1017,26.0127453428,32.0079965513,0.0,483.0,14.792178154,42.380952381,78.0,31.0,11.1958750907,890.0
1017,26.0005661332,31.9614574434,0.0,484.0,12.7068080902,44.6666666667,70.0,31.0,8.9405443533,938.0
1018,13.3385133385,0.0,0.0,484.0,20.423330307,43.380952381,67.0,28.0,11.935142188,911.0
1018,13.3385133385,0.0,0.0,483.0,12.8954639435,41.0952380952,60.0,29.0,11.0449298862,863.0
1019,37.5131890975,12.2144819562,0.0,484.0,18.4084796906,42.7619047619,68.0,23.0,13.0226908199,898.0
1019,37.5094604086,12.2906465228,0.0,483.0,13.5013999939,39.7142857143,58.0,27.0,7.94444999445,834.0
1019,37.4269072149,12.2713813926,0.0,485.0,15.9099283218,40.4285714286,68.0,21.0,12.4562090082,849.0
1020,31.203029417,9.99896218509,0.0,482.0,31.9721755981,54.8095238095,100.0,33.0,18.4786878528,1151.0
1020,31.2388648763,9.99725356644,0.0,484.0,42.9887657166,66.0476190476,118.0,38.0,22.9182813284,1387.0
1020,31.2275461835,9.95846940181,0.0,483.0,41.8950157166,65.1904761905,126.0,39.0,23.168122599,1369.0
1021,4.2149680119,33.7819275085,0.0,419.0,17.4316196442,37.619047619,71.0,22.0,11.5389609172,790.0
1021,4.30762300847,33.7110901643,0.0,418.0,16.9081287384,37.4285714286,63.0,21.0,11.2186069927,786.0
1022,6.42472687266,12.4046111723,0.0,482.0,12.0885763168,35.619047619,54.0,22.0,8.93574949557,748.0
1022,6.50392300074,12.4322589312,0.0,481.0,14.3793964386,34.5714285714,54.0,21.0,9.69830618496,726.0
1023,18.9732155144,10.1847285352,0.0,489.0,20.3595867157,47.9047619048,80.0,23.0,13.1373694547,1006.0
1023,18.9743002281,10.1664047171,0.0,486.0,18.3087749481,44.6666666667,69.0,27.0,13.1390004693,938.0
1023,19.0137657189,10.1598599158,0.0,488.0,20.9202785492,44.3333333333,87.0,24.0,16.3043961352,931.0
1023,18.8533936947,10.1643379839,0.0,491.0,15.151761055,45.7142857143,72.0,28.0,10.6730635581,960.0
1023,19.0643829666,10.1916833893,0.0,487.0,22.0627746582,47.7142857143,70.0,31.0,13.7446093329,1002.0
1023,18.9438416289,10.2140339787,0.0,490.0,17.7379722595,46.9047619048,70.0,32.0,9.61199647266,985.0
1024,20.8090489716,9.67954395679,0.0,489.0,24.6686286926,48.9523809524,95.0,29.0,16.6537569049,1028.0
1024,20.9211289903,9.65167559267,0.0,491.0,13.6925964355,42.6666666667,66.0,26.0,10.7160316038,896.0
1024,20.734334814,9.5524390832,0.0,493.0,14.1525020599,41.3333333333,67.0,27.0,11.2974923471,868.0
1024,20.708999533,9.80516934716,0.0,486.0,13.4176177979,42.0952380952,62.0,24.0,10.4828658386,884.0
1024,20.7527797393,9.68211185445,0.0,488.0,12.6760110855,41.7142857143,57.0,28.0,9.08373743094,876.0
1024,20.8501713737,9.74337128794,0.0,490.0,18.6480770111,42.8571428571,67.0,27.0,12.6699870335,900.0
1024,20.6701629976,9.70969156482,0.0,487.0,15.109746933,40.380952381,63.0,27.0,10.6699399739,848.0
1024,20.7693001948,9.47837899965,0.0,492.0,14.7184371948,39.3333333333,66.0,25.0,9.84039294608,826.0
1025,36.1076832152,27.4302197468,0.0,487.0,12.1894893646,42.619047619,63.0,31.0,8.83445635269,895.0
1025,36.1746542805,27.4379955024,0.0,486.0,18.5630054474,48.619047619,75.0,33.0,12.0518720142,1021.0
1026,9.3940587012,33.6568706181,0.0,487.0,25.0942897797,47.0476190476,94.0,19.0,16.6176899432,988.0
1026,9.37645950354,33.545451996,0.0,489.0,13.654253006,40.7142857143,63.0,25.0,9.89516476438,855.0
1026,9.40958091595,33.6554530192,0.0,488.0,13.1138811111,39.3333333333,56.0,24.0,8.55180292882,826.0
1026,9.38076476927,33.607017439,0.0,486.0,12.3074302673,37.3333333333,59.0,16.0,10.2339304929,784.0
1027,25.9658821802,32.1759069865,0.0,490.0,16.4058074951,46.2857142857,79.0,31.0,11.6238670723,972.0
1027,25.9966325487,32.201450352,0.0,491.0,12.8615093231,41.7619047619,64.0,30.0,9.54413307695,877.0
1028,18.3909948214,13.0668809457,0.0,497.0,25.7870445251,48.5238095238,99.0,29.0,15.4745566903,1019.0
1028,18.3566337732,13.0507226219,0.0,499.0,25.4990100861,51.0952380952,91.0,35.0,14.4010581622,1073.0
1028,18.4967664079,13.1287505199,0.0,502.0,19.9747047424,46.2380952381,75.0,32.0,12.1938704352,971.0
1028,18.4058327003,13.1665805376,0.0,505.0,18.6446723938,43.2857142857,81.0,27.0,12.0463391001,909.0
1028,18.3087847656,13.1032865401,0.0,490.0,12.2036333084,41.1428571429,61.0,29.0,10.1748990869,864.0
1028,18.3036194364,12.9691302312,0.0,496.0,20.6590480804,48.9523809524,84.0,29.0,13.8797557272,1028.0
1028,18.27964507,13.0327561588,0.0,494.0,15.5117845535,42.9047619048,61.0,30.0,8.85383962981,901.0
1028,18.4068095543,13.0395147455,0.0,500.0,26.0104961395,51.6666666667,86.0,35.0,14.9911084758,1085.0
1028,18.3889610979,13.1703832219,0.0,503.0,18.031703949,47.4761904762,68.0,26.0,11.847442963,997.0
1028,18.3399379686,13.0024460825,0.0,491.0,13.0598688126,41.2857142857,65.0,28.0,9.83942507031,867.0
1028,18.3234787616,13.0422501708,0.0,495.0,14.1153831482,42.8095238095,68.0,26.0,11.002813493,899.0
1028,18.3699424244,13.0131298701,0.0,498.0,23.7844104767,48.380952381,75.0,22.0,15.2986149389,1016.0
1028,18.4403483642,13.090050462,0.0,501.0,21.3606395721,49.2380952381,77.0,33.0,12.2061654991,1034.0
1028,18.3982365654,13.2189512841,0.0,504.0,13.0369443893,41.5238095238,67.0,26.0,8.83526483824,872.0
1028,18.3274673738,12.9356781476,0.0,492.0,16.2827720642,43.0,75.0,28.0,11.0408333019,903.0
1029,4.25919229173,14.9969022608,0.0,489.0,27.2373008728,45.0476190476,86.0,28.0,16.0327046704,946.0
1029,4.18151873107,14.9190119032,0.0,488.0,19.6908988953,39.1904761905,70.0,20.0,12.4884708736,823.0
1029,4.01000330284,15.1949173283,0.0,493.0,15.0660734177,35.8571428571,63.0,20.0,10.5227644385,753.0
1029,4.23552353666,15.0263573218,0.0,491.0,16.6892528534,37.2857142857,63.0,25.0,9.89516476438,783.0
1029,4.122943419,14.9899931168,0.0,494.0,19.363609314,41.1428571429,68.0,23.0,11.8923745076,864.0
1029,3.94072860117,15.0335810232,0.0,490.0,13.2416162491,34.8095238095,55.0,21.0,9.13027407923,731.0
1029,4.16736831158,15.0794621957,0.0,492.0,12.3749418259,35.7619047619,59.0,25.0,8.97164846561,751.0
1030,37.3037593521,13.214405145,0.0,479.0,12.0544929504,41.5238095238,60.0,23.0,9.21205214716,872.0
1030,37.4452241958,13.2561688412,0.0,480.0,13.1085166931,41.5714285714,64.0,27.0,9.44230601374,873.0
1031,26.1422775455,24.7792838429,0.0,492.0,12.8464241028,44.1904761905,66.0,27.0,9.9177570429,928.0
1031,26.1049705641,24.9540383669,0.0,496.0,26.3950386047,52.5238095238,91.0,29.0,17.3049676325,1103.0
1031,26.1831974814,25.0591650259,0.0,501.0,28.8008327484,57.3333333333,87.0,33.0,16.9656515741,1204.0
1031,26.2132852932,24.8546084986,0.0,494.0,13.2572021484,45.3333333333,62.0,29.0,8.9405443533,952.0
1031,26.1732122404,25.0377673544,0.0,497.0,30.5651741028,55.1904761905,93.0,32.0,18.9752972246,1159.0
1031,26.1692577501,25.0980408081,0.0,500.0,23.8904762268,51.7619047619,89.0,24.0,15.4496108751,1087.0
1031,26.2958408995,25.0067805059,0.0,499.0,27.0756416321,55.2380952381,88.0,37.0,14.8791960868,1160.0
1031,26.2636367733,24.7944989599,0.0,493.0,15.6254386902,44.6666666667,66.0,26.0,10.3890968488,938.0
1031,26.0723536643,25.0571634759,0.0,503.0,14.9965572357,42.7142857143,67.0,27.0,12.4825592614,897.0
1031,26.1637295336,25.0263581296,0.0,498.0,28.1435375214,57.380952381,87.0,34.0,14.2459685191,1205.0
1031,26.1876624124,25.0579533157,0.0,502.0,26.1905059814,52.9523809524,86.0,26.0,16.9572291088,1112.0
1031,26.2616539052,24.9079610435,0.0,495.0,14.3160734177,43.0952380952,65.0,31.0,9.71032832558,905.0
1032,13.209013209,0.0,0.0,493.0,17.7688903809,42.5238095238,67.0,28.0,10.9937211517,893.0
1032,13.209013209,0.0,0.0,492.0,12.9692497253,38.7142857143,65.0,25.0,8.59152406237,813.0
1032,13.0795130795,0.0,0.0,494.0,14.9127998352,43.380952381,66.0,27.0,11.8847641562,911.0
1033,13.0673924793,20.697971334,0.0,478.0,14.6665792465,41.1428571429,58.0,24.0,9.08452373152,864.0
1033,13.1300717555,20.7332742113,0.0,477.0,12.1448659897,38.2857142857,65.0,26.0,10.536331701,804.0
1034,19.1288765268,10.1298194181,0.0,495.0,15.308057785,43.9047619048,63.0,30.0,10.3194222799,922.0
1034,19.0870501106,10.2086640172,0.0,493.0,12.3368005753,43.0,68.0,32.0,9.35414346693,903.0
1034,19.0719737641,10.1969872591,0.0,494.0,13.4905719757,41.6666666667,65.0,29.0,8.82798580274,875.0
1034,19.0585538167,10.1090821917,0.0,496.0,22.9029579163,46.9047619048,84.0,25.0,13.769185749,985.0
1035,26.7286227587,20.6432942278,0.0,504.0,24.9220314026,51.3333333333,89.0,25.0,16.8473538971,1078.0
1035,26.6604569237,20.5953137001,0.0,509.0,21.402929306,47.5714285714,90.0,28.0,15.4063994125,999.0
1035,26.5058866039,20.7943583563,0.0,497.0,15.2817869186,44.9523809524,68.0,30.0,10.3367121972,944.0
1035,26.5597302105,20.6207450531,0.0,499.0,14.4555778503,43.5714285714,68.0,28.0,10.5051008019,915.0
1035,26.5814610804,20.677439804,0.0,502.0,16.4124927521,47.4285714286,76.0,30.0,11.7795221829,996.0
1035,26.8141018695,20.6619152233,0.0,505.0,19.9662017822,47.4761904762,72.0,31.0,13.086707178,997.0
1035,26.784949994,20.6591625438,0.0,507.0,15.4520998001,48.0,65.0,31.0,10.0697567001,1008.0
1035,26.5157563426,20.868803503,0.0,494.0,15.2614212036,44.380952381,68.0,27.0,9.12401331913,932.0
1035,26.5909930315,20.8174492121,0.0,496.0,20.3333930969,52.7142857143,74.0,34.0,11.3760399839,1107.0
1035,26.6116132261,20.6202149251,0.0,500.0,18.6266441345,48.8571428571,78.0,31.0,12.9200840333,1026.0
1035,26.7169286257,20.6745181198,0.0,506.0,16.1471710205,49.1904761905,80.0,35.0,10.2402101913,1033.0
1035,26.673668292,20.6093592345,0.0,503.0,17.4044094086,49.5714285714,71.0,34.0,10.4142759161,1041.0
1035,26.502041063,20.8720377253,0.0,495.0,13.3217859268,41.9523809524,60.0,25.0,9.59414503995,881.0
1035,26.5092075626,20.7267629612,0.0,498.0,13.5431289673,43.619047619,56.0,31.0,8.16992160597,916.0
1035,26.6352261226,20.6431297534,0.0,510.0,19.3187065125,46.2857142857,76.0,32.0,12.9735995666,972.0
1035,26.6971972678,20.4976375342,0.0,508.0,13.4327917099,45.8571428571,64.0,32.0,9.31818498575,963.0
1036,32.2433228529,26.8173068626,0.0,496.0,18.5488624573,44.7619047619,71.0,28.0,11.6013135545,940.0
1036,32.4668401613,26.7132919847,0.0,501.0,14.4584541321,44.5238095238,61.0,27.0,10.2010737063,935.0
1036,32.2766802433,26.8365042802,0.0,497.0,16.6143283844,45.4761904762,74.0,31.0,11.3649419163,955.0
1036,32.4456710547,26.9926880037,0.0,500.0,16.0619068146,45.1904761905,72.0,30.0,13.1932522435,949.0
1036,32.371590042,27.0036081783,0.0,499.0,19.7737255096,48.7619047619,79.0,31.0,13.1183259675,1024.0
1036,32.1845696149,26.6875057819,0.0,495.0,12.760682106,43.0476190476,62.0,32.0,8.46449165914,904.0
1036,32.345415562,27.016053371,0.0,498.0,26.5512866974,53.5714285714,94.0,29.0,16.8183573174,1125.0
1037,16.1875161875,39.4975394975,0.0,498.0,33.2642974854,55.7142857143,97.0,25.0,19.0974942261,1170.0
1037,16.1875161875,39.4975394975,0.0,496.0,26.1759414673,49.8095238095,73.0,28.0,15.4519223646,1046.0
1037,16.317016317,39.4975394975,0.0,497.0,24.9022789001,54.2857142857,89.0,31.0,16.9562462153,1140.0
1037,16.4980886298,39.1998099836,0.0,500.0,21.1037254333,48.8095238095,80.0,31.0,13.912652686,1025.0
1037,16.4764011603,39.2470255599,0.0,499.0,16.3521327972,42.4285714286,69.0,22.0,11.2852621971,891.0
1038,20.8827434534,9.52772236272,0.0,496.0,15.0982933044,41.380952381,64.0,23.0,10.5284195893,869.0
1038,20.8281146549,9.52168313236,0.0,497.0,13.7511529922,43.9047619048,68.0,23.0,12.6170708245,922.0
1039,33.4423298239,2.81591152184,0.0,496.0,13.3117780685,40.7619047619,63.0,26.0,10.6859943941,856.0
1039,33.4595431868,2.80948895312,0.0,497.0,12.7770366669,41.9047619048,59.0,29.0,9.39630119731,880.0
1040,26.0868451967,32.0941532609,0.0,471.0,13.3735723495,42.0476190476,63.0,23.0,10.8373252718,883.0
1040,26.0141603817,32.0292611286,0.0,472.0,15.1162204742,42.8095238095,64.0,30.0,9.76022052834,899.0
1041,7.52381081998,0.255771743752,0.0,472.0,13.5588521957,35.2380952381,64.0,18.0,11.7213683583,740.0
1041,7.49907311731,0.307661689792,0.0,471.0,14.5184602737,36.8571428571,63.0,20.0,12.1131569555,774.0
1042,24.4404360597,0.288483141398,0.0,472.0,12.339764595,40.8095238095,56.0,25.0,9.62090976789,857.0
1042,24.484320385,0.286925862168,0.0,471.0,13.4307174683,42.1904761905,68.0,28.0,9.97305894708,886.0
1043,38.2043178123,9.98091281162,0.0,499.0,41.749256134,59.5238095238,124.0,31.0,24.6426846095,1250.0
1043,38.2012304631,9.92190172995,0.0,498.0,18.0522499084,47.380952381,70.0,30.0,10.136450022,995.0
1043,38.2164924018,9.95761702442,0.0,500.0,34.9476661682,56.0,113.0,27.0,20.4597165181,1176.0
1044,38.748056138,30.6036610649,0.0,501.0,13.9598493576,42.8571428571,64.0,30.0,10.0114220483,900.0
1044,38.8708095297,30.5709581894,0.0,499.0,12.7081546783,42.9523809524,62.0,23.0,9.78507123365,902.0
1044,38.8115166494,30.5949918673,0.0,502.0,14.6810150146,44.0,65.0,31.0,8.46758525201,924.0
1044,38.8476915238,30.5874259075,0.0,498.0,23.3888072968,48.5238095238,93.0,28.0,15.1413970545,1019.0
1045,4.81715407415,34.3040679739,0.0,500.0,12.6601982117,38.8571428571,52.0,18.0,9.81980506062,816.0
1045,4.78392426564,34.2327074919,0.0,499.0,13.5406455994,35.1428571429,55.0,22.0,9.28593406333,738.0
1046,22.7085809416,0.411001919514,0.0,498.0,12.9914398193,41.7619047619,64.0,25.0,9.46522457158,877.0
1046,22.592111889,0.507329014063,0.0,497.0,15.7514791489,40.1428571429,64.0,26.0,11.5207886635,843.0
1047,30.3180724436,11.1413615902,0.0,455.0,15.9938821793,41.9047619048,79.0,29.0,12.2918866001,880.0
1047,30.289932004,11.2251158949,0.0,456.0,13.9645957947,43.1904761905,62.0,27.0,10.4528419467,907.0
1048,38.3987030912,27.49699643,0.0,501.0,15.1477985382,43.619047619,81.0,24.0,11.6639452608,916.0
1048,38.2696207137,27.4431719945,0.0,502.0,15.3292694092,45.1904761905,72.0,29.0,11.8178637986,949.0
1049,29.8511829032,3.9955136393,0.0,503.0,18.6619701385,48.380952381,71.0,27.0,12.4798885831,1016.0
1049,29.6778506059,4.16624504191,0.0,505.0,14.653055191,43.9047619048,70.0,25.0,10.1779406655,922.0
1049,29.8084231572,4.06020905592,0.0,502.0,20.8158340454,46.8571428571,77.0,24.0,14.544021845,984.0
1049,29.7492752728,4.03627760386,0.0,501.0,21.9320774078,47.619047619,75.0,31.0,13.124314041,1000.0
1049,29.5747685704,4.08439729044,0.0,500.0,14.4813079834,44.5714285714,66.0,28.0,10.6328332469,936.0
1049,29.7896898674,4.06353744598,0.0,504.0,25.2736206055,49.7142857143,91.0,28.0,15.8118400483,1044.0
1050,4.5735675679,15.5675932435,0.0,500.0,12.833024025,34.8095238095,59.0,20.0,10.604805739,731.0
1050,4.66977904663,15.2816024822,0.0,501.0,12.1728305817,37.6666666667,56.0,23.0,9.02404196208,791.0
1051,35.7834595038,25.2784250051,0.0,501.0,12.9336080551,45.8571428571,65.0,29.0,8.57488025739,963.0
1051,35.744942163,25.3469522129,0.0,508.0,14.1932992935,42.9047619048,62.0,28.0,9.16463180878,901.0
1051,35.8532526471,25.2705216083,0.0,504.0,17.878988266,47.2857142857,63.0,28.0,10.9185294667,993.0
1051,35.7239780787,25.2291331632,0.0,509.0,15.5536203384,44.4285714286,67.0,25.0,10.984404529,933.0
1051,35.7657898826,25.2805801024,0.0,500.0,16.289773941,45.5238095238,83.0,29.0,11.5741913222,956.0
1051,35.8019795226,25.249743777,0.0,506.0,16.2480659485,43.9523809524,68.0,23.0,11.8172593713,923.0
1051,35.8307952419,25.365629816,0.0,503.0,24.5048656464,50.7619047619,99.0,36.0,14.5082899127,1066.0
1051,35.8414790322,25.2507391494,0.0,507.0,18.4042453766,45.5714285714,68.0,28.0,12.1719818788,957.0
1052,18.952427062,10.0755705768,0.0,501.0,26.2150535583,50.5238095238,92.0,24.0,16.8244436687,1061.0
1052,18.9696915518,10.1411334179,0.0,500.0,16.9847145081,45.0476190476,68.0,29.0,12.4477957506,946.0
1053,28.9137731229,23.2749493654,0.0,504.0,16.8598804474,43.0952380952,70.0,23.0,13.1030712503,905.0
1053,28.8421790019,23.1303916336,0.0,503.0,16.6728534698,45.619047619,76.0,32.0,11.377504957,958.0
1053,28.9671630355,23.227881195,0.0,502.0,17.8463115692,47.2857142857,76.0,27.0,12.5145629454,993.0
1054,20.461020461,0.0,0.0,514.0,25.2846546173,49.0952380952,76.0,28.0,13.8235478872,1031.0
1054,20.461020461,0.0,0.0,510.0,17.7790756226,45.7142857143,65.0,31.0,11.4592445525,960.0
1054,20.461020461,0.0,0.0,511.0,18.4753170013,44.7619047619,63.0,30.0,9.8382150917,940.0
1054,20.461020461,0.0,0.0,513.0,13.9782648087,43.8571428571,70.0,29.0,10.1798119545,921.0
1054,20.72002072,0.0,0.0,507.0,12.6839351654,44.380952381,65.0,26.0,9.39934141563,932.0
1054,20.461020461,0.0,0.0,512.0,19.7267017365,40.4285714286,75.0,24.0,14.2146805401,849.0
1054,20.8495208495,0.0,0.0,505.0,18.873298645,47.380952381,73.0,31.0,12.2371409671,995.0
1054,20.72002072,0.0,0.0,509.0,17.7747859955,48.0,75.0,30.0,11.9916637711,1008.0
1054,20.72002072,0.0,0.0,504.0,12.5778541565,38.6666666667,57.0,25.0,8.56932513873,812.0
1054,20.5905205905,0.0,0.0,503.0,15.3323822021,42.1428571429,59.0,27.0,10.3695984218,885.0
1054,20.72002072,0.0,0.0,506.0,19.7830314636,42.5238095238,84.0,25.0,14.6411032631,893.0
1055,26.0695888654,24.7707655968,0.0,452.0,20.0543670654,50.0,82.0,30.0,13.6491757993,1050.0
1055,26.0623460628,24.7777793665,0.0,451.0,15.0989122391,45.6666666667,63.0,30.0,10.7857931249,959.0
1056,33.364734231,2.98604694178,0.0,502.0,12.3359975815,42.2857142857,62.0,27.0,9.57153518064,888.0
1056,33.3642594684,3.06808899021,0.0,503.0,16.3799610138,42.8095238095,76.0,20.0,12.7264254511,899.0
1057,18.7933825558,10.1163837264,0.0,506.0,21.1319332123,47.0952380952,75.0,27.0,11.8106086291,989.0
1057,18.9456424077,10.0533623799,0.0,511.0,28.746931076,53.5714285714,98.0,26.0,19.6024779775,1125.0
1057,18.8561229708,10.1135624449,0.0,510.0,26.1474609375,50.0476190476,101.0,32.0,18.2002093133,1051.0
1057,18.8007946762,10.2097166996,0.0,513.0,12.8289985657,42.5238095238,57.0,28.0,8.74996598633,893.0
1057,18.9071435222,10.0922193133,0.0,512.0,21.0871829987,48.5714285714,75.0,28.0,11.3867090442,1020.0
1057,18.8103214954,10.0211712015,0.0,507.0,24.8275794983,50.8571428571,86.0,23.0,16.4447125675,1068.0
1057,18.8200377118,10.0124470236,0.0,505.0,19.6594657898,46.5238095238,75.0,25.0,13.09434629,977.0
1057,18.8198510884,10.0351998325,0.0,508.0,21.6662464142,50.5714285714,89.0,33.0,13.8909014415,1062.0
1057,18.8964247579,10.0762569754,0.0,509.0,35.6711807251,55.7619047619,110.0,32.0,21.3890270043,1171.0
1058,10.6917783877,10.6033043847,0.0,506.0,23.1106357574,44.8571428571,76.0,29.0,14.6842967632,942.0
1058,10.6884181828,10.5759062784,0.0,507.0,15.3161849976,41.4761904762,63.0,21.0,10.543334613,871.0
1059,32.4754507423,26.7599239993,0.0,509.0,21.3823490143,49.2380952381,84.0,32.0,14.1982560968,1034.0
1059,32.4224963204,26.8997391879,0.0,508.0,18.0777645111,48.0,72.0,27.0,13.4870308074,1008.0
1059,32.5598946077,26.7384514074,0.0,506.0,17.6067676544,46.9523809524,72.0,34.0,11.5951549816,986.0
1059,32.2089955283,26.7875185844,0.0,514.0,14.9919595718,46.5238095238,70.0,30.0,10.1075172402,977.0
1059,32.3709965643,26.7980628553,0.0,513.0,20.2560787201,47.0,77.0,28.0,12.5139921688,987.0
1059,32.3874028203,26.6409634499,0.0,510.0,15.4490003586,45.1904761905,72.0,30.0,10.4480574636,949.0
1059,32.5440811572,26.7746204789,0.0,507.0,14.9436721802,43.0,66.0,25.0,11.233877336,903.0
1059,32.1832759796,26.719880656,0.0,512.0,12.0797691345,44.8095238095,59.0,29.0,8.86351537269,941.0
1060,16.1872705383,39.2123341753,0.0,507.0,19.7995147705,45.7142857143,80.0,29.0,13.6240333864,960.0
1060,16.1875161875,39.4975394975,0.0,510.0,24.9714927673,61.619047619,100.0,34.0,21.2472967468,1294.0
1060,16.576016576,39.4975394975,0.0,512.0,15.399679184,52.4761904762,74.0,33.0,9.52690425909,1102.0
1060,16.297116724,39.3712783738,0.0,509.0,23.4293651581,56.1904761905,93.0,36.0,18.4217780022,1180.0
1060,16.1400357289,39.2486457087,0.0,506.0,16.6755981445,47.4761904762,77.0,31.0,12.0233899031,997.0
1060,16.3781786181,39.2643217698,0.0,511.0,22.0783901215,50.8571428571,95.0,26.0,17.0390308242,1068.0
1061,15.8925266106,29.7523992077,0.0,507.0,17.1955375671,45.3333333333,68.0,32.0,10.6973516972,952.0
1061,15.8236244448,29.7423782109,0.0,508.0,12.1872501373,38.8095238095,54.0,24.0,8.73852989707,815.0
1061,15.8917323502,29.6721255075,0.0,506.0,14.8921222687,42.2380952381,66.0,22.0,10.0792100975,887.0
1061,16.0354351595,29.6676400558,0.0,505.0,18.4530181885,46.8095238095,74.0,26.0,11.5482424967,983.0
1062,28.9685630514,22.9769441861,0.0,509.0,12.3384094238,41.380952381,64.0,26.0,10.6370869625,869.0
1062,28.9609484689,23.0477179521,0.0,508.0,18.5640583038,46.7619047619,78.0,31.0,11.7171018682,982.0
1062,29.0879094427,22.9708755157,0.0,511.0,24.0502300262,51.9047619048,88.0,35.0,15.9464878952,1090.0
1062,29.0097753864,23.0213225615,0.0,510.0,15.8277378082,46.4761904762,64.0,32.0,9.2715643104,976.0
1062,29.091189216,23.0378500413,0.0,512.0,12.5266227722,43.0476190476,64.0,30.0,8.57015863608,904.0
1062,28.9968162586,23.0461788121,0.0,507.0,16.2691135406,46.2380952381,67.0,30.0,9.27849536242,971.0
1063,33.1314669319,3.27756732144,0.0,510.0,16.14909935,44.1428571429,59.0,21.0,10.6220794305,927.0
1063,33.2804104602,3.46429189904,0.0,513.0,15.7308969498,44.0,68.0,24.0,11.2383272777,924.0
1063,33.3865806617,3.24986510744,0.0,507.0,13.9403762817,41.8095238095,64.0,28.0,9.84184458127,878.0
1063,33.2043659662,3.28040304644,0.0,512.0,17.3129329681,43.8095238095,71.0,23.0,11.391308299,920.0
1063,33.3125565222,3.17199403021,0.0,508.0,15.483288765,46.380952381,64.0,31.0,10.3415481939,974.0
1063,33.2946749615,3.02565903179,0.0,509.0,16.4893321991,45.8571428571,67.0,31.0,10.5843550313,963.0
1064,3.38050918329,20.5954112714,0.0,504.0,22.4444656372,41.9047619048,68.0,26.0,13.0839778428,880.0
1064,3.33618263974,20.5810484154,0.0,506.0,18.3432540894,35.6666666667,74.0,20.0,13.2865847129,749.0
1064,3.34547256997,20.5993721062,0.0,505.0,35.0111236572,48.0476190476,104.0,23.0,21.0106548934,1009.0
1065,36.2905360198,27.3165998852,0.0,504.0,14.2599954605,43.0476190476,65.0,29.0,9.48934239279,904.0
1065,36.3288220479,27.3325101926,0.0,505.0,13.4890861511,42.8095238095,67.0,26.0,9.84184458127,899.0
1066,26.2348832788,36.9483956651,0.0,510.0,12.4666318893,44.5238095238,56.0,29.0,8.82393929954,935.0
1066,26.3042792736,36.5037656888,0.0,521.0,26.0610160828,55.619047619,91.0,36.0,14.6440301505,1168.0
1066,26.3374975959,36.6822728411,0.0,515.0,29.7215137482,55.4285714286,96.0,27.0,18.2087106314,1164.0
1066,26.1920372264,36.8054550265,0.0,518.0,18.5510559082,46.6666666667,69.0,24.0,10.1849562264,980.0
1066,26.2877953777,36.7975177161,0.0,513.0,25.0140018463,52.5714285714,84.0,34.0,13.5150709527,1104.0
1066,26.2439165772,36.85626531,0.0,512.0,16.3243141174,47.1904761905,65.0,32.0,10.0678649555,991.0
1066,26.3074331001,36.7898449202,0.0,516.0,32.1624450684,54.9523809524,108.0,33.0,19.1975940953,1154.0
1066,26.2060633846,36.6543654008,0.0,522.0,25.8006687164,54.1904761905,95.0,34.0,15.6704149518,1138.0
1066,26.165986234,36.713876906,0.0,519.0,17.2699222565,46.4285714286,72.0,30.0,11.7540266657,975.0
1066,26.3090514822,36.9084162156,0.0,511.0,19.4137573242,45.5238095238,75.0,29.0,13.1742895354,956.0
1066,26.1479962002,36.6629876958,0.0,514.0,26.2608261108,51.0476190476,92.0,30.0,15.8350124423,1072.0
1066,26.2660031808,36.5566072553,0.0,520.0,30.3074493408,55.8571428571,108.0,31.0,18.7063778276,1173.0
1066,26.2930464779,36.7951520793,0.0,517.0,28.834608078,53.0952380952,107.0,33.0,18.0994606602,1115.0
1067,21.0527851036,9.61766780045,0.0,513.0,12.4138946533,43.1904761905,57.0,25.0,8.74996598633,907.0
1067,20.9315786282,9.55563507635,0.0,510.0,18.6851196289,44.3333333333,71.0,22.0,12.5671529526,931.0
1067,20.9698514991,9.57958532705,0.0,511.0,17.8985004425,46.0476190476,65.0,32.0,10.1954705162,967.0
1067,21.0520295067,9.57964901006,0.0,512.0,13.5480966568,43.7619047619,66.0,27.0,9.07691997268,919.0
1067,20.8659601427,9.51352888259,0.0,509.0,27.476524353,53.7619047619,97.0,30.0,18.398110669,1129.0
1068,38.8680640567,33.0117707887,0.0,511.0,15.4248857498,46.2380952381,62.0,26.0,10.5399466882,971.0
1068,38.9629899417,33.1412612782,0.0,510.0,13.0464553833,42.0476190476,63.0,25.0,9.47352199805,883.0
1069,0.0,8.41750841751,0.0,514.0,71.0257644653,77.6666666667,185.0,31.0,42.2756825295,1631.0
1069,0.0,8.41750841751,0.0,515.0,30.6942195892,47.7142857143,83.0,23.0,17.975379988,1002.0
1070,28.5030854173,1.2865961189,0.0,514.0,15.527305603,36.6666666667,79.0,22.0,12.7056417915,770.0
1070,28.3292784806,1.16897185165,0.0,515.0,12.6933050156,40.0476190476,59.0,27.0,8.28538587198,841.0
1071,30.5457050489,20.9604145203,0.0,515.0,16.7194347382,44.4285714286,71.0,28.0,10.6281297911,933.0
1071,30.5503011129,20.9192399785,0.0,514.0,14.1296806335,42.7619047619,68.0,20.0,12.0867893251,898.0
1072,31.9970936219,36.8159726408,0.0,517.0,27.360956192,55.0952380952,86.0,23.0,15.8142491504,1157.0
1072,32.0151464611,36.7940643948,0.0,516.0,23.3924655914,51.0,79.0,33.0,13.7404512299,1071.0
1072,31.9661716878,36.71202565,0.0,519.0,24.9307384491,54.380952381,100.0,32.0,16.8121271423,1142.0
1072,32.0314346355,36.8102241633,0.0,515.0,26.7975692749,56.2857142857,94.0,31.0,16.2546696587,1182.0
1072,32.0157168191,36.8426266059,0.0,514.0,20.8151950836,49.7619047619,82.0,29.0,14.4841456838,1045.0
1072,32.0775340055,36.78671804,0.0,518.0,22.8478469849,47.4761904762,82.0,30.0,14.7601458245,997.0
1072,31.9219248284,36.6266690268,0.0,520.0,26.3467330933,53.5714285714,90.0,32.0,17.2845926437,1125.0
1073,34.3647215476,17.4731803993,0.0,523.0,30.0673789978,57.7619047619,106.0,34.0,18.2315790921,1213.0
1073,34.2936512204,17.4588181172,0.0,518.0,35.7201271057,58.1428571429,124.0,35.0,21.8501389339,1221.0
1073,34.2471807872,17.4150823,0.0,520.0,24.2591495514,53.7619047619,94.0,32.0,17.1490663358,1129.0
1073,34.3041639717,17.5822161425,0.0,517.0,18.0538291931,49.5714285714,69.0,35.0,10.4334626494,1041.0
1073,34.3748378495,17.4473005928,0.0,522.0,24.4239253998,54.1904761905,97.0,33.0,15.8859027053,1138.0
1073,34.2565200967,17.4876625587,0.0,525.0,22.6874923706,52.8571428571,84.0,32.0,13.5546512839,1110.0
1073,34.3285449042,17.5191353848,0.0,521.0,20.7729682922,51.5238095238,79.0,33.0,12.1803901728,1082.0
1073,34.3398603382,17.375086009,0.0,524.0,30.4132976532,59.1428571429,94.0,37.0,16.3318269471,1242.0
1073,34.3256493016,17.4565122499,0.0,519.0,25.8007030487,55.4285714286,80.0,33.0,14.3372641343,1164.0
1074,16.216198877,24.4905293691,0.0,515.0,14.4149875641,40.9523809524,60.0,31.0,8.94134324627,860.0
1074,16.389673416,24.7598432074,0.0,518.0,31.7533721924,56.0476190476,113.0,29.0,19.6963859387,1177.0
1074,16.4905337408,24.6366294005,0.0,520.0,20.1502761841,47.0952380952,78.0,30.0,12.8448618595,989.0
1074,16.2574835263,24.6686580641,0.0,517.0,14.2197360992,44.8571428571,74.0,29.0,11.2217900278,942.0
1074,16.4264724792,24.7263977126,0.0,519.0,12.3554487228,42.619047619,62.0,26.0,9.3673699109,895.0
1074,16.2499836859,24.5417419998,0.0,516.0,17.3831233978,46.3333333333,69.0,24.0,12.2079209259,973.0
1075,17.5934139245,23.0802338395,0.0,518.0,16.7901515961,48.0,70.0,29.0,10.2274141404,1008.0
1075,17.7852292269,23.0840744947,0.0,516.0,12.6356315613,41.3333333333,59.0,27.0,10.5893027784,868.0
1075,17.7052918142,23.1305390183,0.0,517.0,17.8000392914,45.1904761905,74.0,25.0,13.9018669524,949.0
1075,17.6257265716,23.1121110941,0.0,519.0,15.3723955154,41.7142857143,80.0,27.0,12.054637519,876.0
1076,12.7028511794,32.9671502999,0.0,515.0,15.4105596542,42.8571428571,65.0,28.0,10.9511904115,900.0
1076,12.6520236288,32.9640216528,0.0,516.0,15.6791610718,40.380952381,78.0,17.0,12.3307590621,848.0
1077,40.6820522916,19.6488865987,0.0,516.0,13.341843605,40.0,62.0,24.0,9.21411959983,840.0
1077,40.7626574158,19.8054020582,0.0,517.0,14.479511261,41.9047619048,64.0,29.0,10.1730268942,880.0
1077,40.7092112011,19.621790107,0.0,515.0,13.5569972992,42.0952380952,66.0,27.0,10.3242663754,884.0
1078,27.6793077765,11.1422438406,0.0,516.0,14.1705789566,40.7619047619,65.0,27.0,9.67938408115,856.0
1078,27.6736881983,11.1504864281,0.0,515.0,17.1758937836,44.1904761905,70.0,27.0,10.9755138723,928.0
1079,32.4955282672,26.7088333691,0.0,519.0,15.1361351013,46.5238095238,75.0,33.0,10.37602548,977.0
1079,32.2470393502,26.8072087183,0.0,524.0,13.3756742477,44.0952380952,64.0,32.0,8.30002868612,926.0
1079,32.5302637226,26.8378104494,0.0,521.0,24.1514339447,49.9523809524,81.0,28.0,14.9046173734,1049.0
1079,32.3712823057,26.7919905544,0.0,523.0,19.1439781189,48.3333333333,80.0,31.0,12.3706642236,1015.0
1079,32.3484009988,26.7832459095,0.0,520.0,16.4737377167,46.8095238095,76.0,34.0,10.4671822742,983.0
1079,32.4423408115,26.7753569126,0.0,522.0,13.4595241547,46.7142857143,63.0,31.0,8.69564751553,981.0
1079,32.251033142,26.911747935,0.0,525.0,16.8769569397,45.8571428571,76.0,31.0,10.3888676683,963.0
1080,38.754083788,33.0392672315,0.0,522.0,14.7081012726,49.380952381,67.0,36.0,8.64567053777,1037.0
1080,38.7229458334,33.0208292695,0.0,525.0,15.6024503708,45.9047619048,76.0,30.0,9.99452230927,964.0
1080,38.7474816879,33.0432132549,0.0,519.0,22.5244045258,49.2857142857,85.0,30.0,13.7591527978,1035.0
1080,38.7381544739,33.0287857327,0.0,521.0,26.3286323547,52.4285714286,94.0,29.0,17.042803257,1101.0
1080,38.707592001,33.023638707,0.0,524.0,28.6406497955,50.619047619,112.0,29.0,18.6184752074,1063.0
1080,38.7837821185,33.0164873435,0.0,518.0,24.5301971436,52.8095238095,101.0,31.0,16.3267236383,1109.0
1080,38.7411734319,33.0206819237,0.0,523.0,27.0519809723,51.6666666667,93.0,33.0,16.5025250593,1085.0
1080,38.7454183713,33.0202694764,0.0,520.0,18.6580944061,47.9047619048,81.0,30.0,12.3406027483,1006.0
1081,30.6005340002,20.8807145958,0.0,518.0,12.8924646378,42.5714285714,66.0,24.0,10.5762537251,894.0
1081,30.694372384,20.7840199875,0.0,520.0,12.6613121033,44.5714285714,64.0,28.0,8.27992408523,936.0
1081,30.7980401759,20.8097229465,0.0,519.0,19.527130127,50.380952381,91.0,35.0,12.7297925768,1058.0
1081,30.6216337239,20.7496811084,0.0,522.0,13.2238235474,42.5238095238,61.0,22.0,10.176536973,893.0
1081,30.681748433,20.7798027813,0.0,521.0,13.9973840714,42.5238095238,62.0,30.0,9.37880081684,893.0
1082,27.702643685,11.1471234609,0.0,520.0,15.8610134125,40.2380952381,56.0,21.0,11.3925623189,845.0
1082,27.638635303,11.1141980165,0.0,522.0,20.0554962158,47.0,81.0,30.0,12.8840987267,987.0
1082,27.7010288449,11.1014869515,0.0,521.0,12.3722839355,41.8095238095,64.0,30.0,8.62913117074,878.0
1083,10.7218283336,18.5469244842,0.0,520.0,12.440290451,39.7142857143,56.0,24.0,8.74724446407,834.0
1083,10.7365298089,18.5889440743,0.0,522.0,13.7101163864,39.3333333333,58.0,24.0,10.4658173753,826.0
1083,10.7912132128,18.5714205418,0.0,521.0,13.3858098984,37.5238095238,61.0,26.0,9.65204148157,788.0
1084,21.7273018319,38.5948220984,0.0,525.0,16.1120586395,45.9047619048,61.0,35.0,7.8352074759,964.0
1084,21.6449041913,38.6099233093,0.0,521.0,12.664103508,38.0952380952,63.0,24.0,10.4637696931,800.0
1084,21.8483185966,38.593970519,0.0,522.0,14.9387969971,44.0,74.0,32.0,10.1192885125,924.0
1084,21.7259935208,38.5623808868,0.0,524.0,20.667509079,47.6666666667,73.0,26.0,13.0012819881,1001.0
1084,21.7688030519,38.5946443556,0.0,523.0,25.6732902527,49.7619047619,89.0,31.0,13.7619212391,1045.0
1084,21.6922087692,38.4775314827,0.0,520.0,13.2481403351,41.8095238095,66.0,29.0,9.63648819653,878.0
1084,21.839763339,38.7317565356,0.0,526.0,17.2942352295,43.6666666667,71.0,25.0,11.6461724757,917.0
1085,37.8111982335,29.3065937264,0.0,521.0,14.0083284378,44.5714285714,66.0,26.0,9.47930075782,936.0
1085,37.7861142052,29.3551460952,0.0,522.0,18.4887981415,47.2857142857,73.0,24.0,12.3131752897,993.0
1086,39.226826043,38.4325607146,0.0,525.0,18.406419754,45.8095238095,70.0,28.0,11.6043916153,962.0
1086,39.244244581,38.4022819287,0.0,522.0,19.6421089172,46.380952381,71.0,24.0,13.694802629,974.0
1086,39.2141750909,38.4479558493,0.0,524.0,20.1851768494,46.380952381,78.0,30.0,12.737645742,974.0
1086,39.210494597,38.3954836748,0.0,521.0,17.139125824,47.9523809524,73.0,26.0,13.1585568756,1007.0
1086,39.238267605,38.4513945886,0.0,523.0,15.5616397858,42.7142857143,67.0,30.0,11.0278867293,897.0
1086,39.2542880836,38.4371267893,0.0,527.0,17.5961837769,43.3333333333,69.0,25.0,12.0720061851,910.0
1086,39.2602791696,38.4822285249,0.0,526.0,15.0228233337,41.5238095238,61.0,24.0,11.0707680295,872.0
1087,40.0118821781,5.43727424312,0.0,522.0,14.119433403,38.4285714286,64.0,22.0,10.2448593381,807.0
1087,40.1312058382,5.42487566234,0.0,521.0,14.2817401886,42.5238095238,65.0,28.0,9.49009508708,893.0
1088,22.4234920993,5.59381482512,0.0,488.0,16.3717689514,43.2857142857,70.0,32.0,10.5978434464,909.0
1088,22.423603541,5.59793481994,0.0,489.0,18.4330387115,45.2380952381,70.0,28.0,11.6743512107,950.0
1089,29.2774770823,39.0078080764,0.0,489.0,47.3203773499,60.9523809524,160.0,28.0,30.1537330864,1280.0
1089,29.2613843368,38.9844339827,0.0,488.0,30.5336265564,51.7619047619,100.0,30.0,18.1187879338,1087.0
1090,30.6937143663,20.4962938411,0.0,524.0,14.6211633682,44.3333333333,67.0,32.0,9.81495457622,931.0
1090,30.6958584196,20.6730000102,0.0,527.0,20.6941127777,48.5238095238,71.0,34.0,11.9147767399,1019.0
1090,30.6982342378,20.6405228268,0.0,531.0,20.9688663483,47.5714285714,78.0,25.0,15.0484930427,999.0
1090,30.6495562272,20.5876672648,0.0,530.0,14.550198555,41.7619047619,69.0,26.0,10.0891266317,877.0
1090,30.7279863983,20.7174452784,0.0,526.0,29.3560409546,53.0,97.0,31.0,16.9823437723,1113.0
1090,30.7040164867,20.5954432285,0.0,529.0,15.2906351089,44.5238095238,69.0,31.0,9.1848736933,935.0
1090,30.7536759376,20.6672917838,0.0,525.0,20.160243988,47.9523809524,76.0,30.0,12.8237131537,1007.0
1090,30.7029648691,20.5025363194,0.0,532.0,12.2512321472,41.0952380952,61.0,24.0,10.2562408411,863.0
1091,20.9163460225,9.43415352257,0.0,527.0,14.9200105667,43.380952381,59.0,23.0,11.3113933292,911.0
1091,20.9718847788,9.57199748746,0.0,526.0,30.2900791168,55.2857142857,92.0,29.0,16.9237787067,1161.0
1091,20.9621380593,9.57099811345,0.0,525.0,27.8678245544,50.0476190476,102.0,29.0,16.6237065376,1051.0
1091,20.8735800882,9.32273778731,0.0,524.0,12.3711423874,40.2857142857,67.0,24.0,9.214894775,846.0
1091,20.8487625884,9.3656915851,0.0,528.0,12.3334283829,38.4285714286,57.0,22.0,9.10258989833,807.0
1092,40.1168922521,19.6808923636,0.0,528.0,15.7738847733,44.8571428571,75.0,34.0,10.7484218111,942.0
1092,40.3842510251,20.1567828932,0.0,539.0,29.1863174438,53.9523809524,88.0,24.0,19.2106121466,1133.0
1092,40.7980079249,19.8045413419,0.0,523.0,14.3329706192,44.5238095238,62.0,26.0,10.1863587587,935.0
1092,40.2603869623,19.9174491736,0.0,534.0,20.9935112,49.7619047619,83.0,31.0,14.2264006759,1045.0
1092,40.2706875336,19.7724655644,0.0,531.0,15.9678478241,44.1904761905,70.0,28.0,10.7499723145,928.0
1092,40.3109307824,20.2803998856,0.0,541.0,14.1370277405,43.7142857143,68.0,32.0,9.35490703932,918.0
1092,40.5495308641,19.7548855929,0.0,526.0,25.9516220093,50.7619047619,94.0,27.0,16.8015022004,1066.0
1092,40.2347076223,19.6807834847,0.0,529.0,14.6759500504,45.4761904762,66.0,19.0,11.3031811788,955.0
1092,40.2455484045,19.9707524983,0.0,535.0,15.8346729279,44.7619047619,63.0,29.0,10.9813695043,940.0
1092,40.2899061844,20.1139194127,0.0,537.0,14.1572360992,45.5238095238,63.0,32.0,8.29830734318,956.0
1092,40.2997251825,20.2449150853,0.0,542.0,23.4788455963,51.4761904762,79.0,28.0,14.3792178077,1081.0
1092,40.7059360255,19.7476604949,0.0,524.0,23.0605278015,49.1428571429,87.0,30.0,15.7012283414,1032.0
1092,40.2727683022,19.7877583659,0.0,530.0,24.6065692902,49.0,88.0,32.0,14.9966662962,1029.0
1092,40.3371935858,20.0590729381,0.0,536.0,18.6901283264,47.6666666667,77.0,31.0,13.0128141973,1001.0
1092,40.2850415798,19.7117514936,0.0,527.0,18.957321167,47.380952381,71.0,26.0,12.2371409671,995.0
1092,40.4249064181,20.1262790853,0.0,538.0,17.1580677032,47.3333333333,66.0,31.0,10.4944429739,994.0
1092,40.2220470762,20.1255982056,0.0,543.0,12.8869276047,47.2857142857,62.0,36.0,7.29481224668,993.0
1092,40.5616396002,19.7204529278,0.0,525.0,21.3545742035,47.4761904762,79.0,28.0,13.8874729437,997.0
1092,40.2915811,19.8170935234,0.0,533.0,25.8868694305,53.9523809524,86.0,33.0,13.9909834911,1133.0
1092,40.3173589957,20.0727823422,0.0,540.0,35.3572387695,61.4761904762,116.0,36.0,20.4758859335,1291.0
1093,13.0886126419,19.3613329185,0.0,523.0,17.6764278412,43.0952380952,77.0,22.0,12.2715311266,905.0
1093,13.0451454216,19.3318446539,0.0,526.0,25.6862812042,50.6666666667,83.0,32.0,15.3438369821,1064.0
1093,13.0733415449,19.3890323762,0.0,522.0,14.9299755096,40.8095238095,62.0,25.0,10.7824813824,857.0
1093,13.0549410221,19.3433471815,0.0,525.0,16.2884426117,43.6666666667,64.0,26.0,11.1504857891,917.0
1093,13.0621193655,19.3512270362,0.0,524.0,29.2180900574,50.9523809524,97.0,23.0,18.1562005675,1070.0
1094,3.32767818472,2.28213437362,0.0,526.0,12.3067092896,34.2380952381,51.0,21.0,9.17553683391,719.0
1094,3.28634420339,2.12423542122,0.0,529.0,13.4992351532,34.3333333333,58.0,19.0,10.7253593568,721.0
1094,3.3745813355,2.11913035729,0.0,528.0,12.8342266083,34.2380952381,60.0,23.0,9.41225138798,719.0
1094,3.30519361491,2.12889348388,0.0,527.0,13.9560937881,34.4285714286,58.0,22.0,11.002597096,723.0
1095,6.44838058999,10.2136506378,0.0,527.0,18.785572052,40.0,77.0,23.0,12.7514705034,840.0
1095,6.47113154316,10.2072811761,0.0,526.0,18.0950965881,39.2380952381,69.0,21.0,12.4052600211,824.0
1096,27.6429120866,11.1530914817,0.0,534.0,12.3514280319,42.0476190476,60.0,25.0,9.14043866823,883.0
1096,27.6492541108,11.1534248679,0.0,527.0,12.5565280914,42.7142857143,66.0,25.0,9.59240771205,897.0
1096,27.6724176378,11.1711448586,0.0,530.0,12.1424407959,39.8095238095,60.0,28.0,8.76709214973,836.0
1096,27.6794307821,11.1849490899,0.0,531.0,12.4020605087,41.4761904762,58.0,26.0,9.8062176583,871.0
1096,27.7044729342,11.1272536154,0.0,526.0,13.4640436172,41.9523809524,64.0,22.0,10.3318739369,881.0
1096,27.6713589515,11.1328032624,0.0,533.0,15.3026294708,41.9523809524,62.0,29.0,9.42059547203,881.0
1096,27.6911955114,11.1399144482,0.0,528.0,13.2980957031,40.5238095238,64.0,25.0,10.3180378349,851.0
1097,15.9653250503,29.7398740099,0.0,527.0,16.358953476,42.2857142857,73.0,18.0,12.5624156003,888.0
1097,15.9532981309,29.8487561387,0.0,526.0,12.9287958145,43.1428571429,57.0,29.0,8.74234358903,906.0
1097,15.9333451607,29.8861741832,0.0,525.0,18.8458347321,42.8571428571,69.0,24.0,12.9432828691,900.0
1098,8.00523404472,17.2179853563,0.0,484.0,16.7382411957,40.5714285714,68.0,25.0,10.8377646615,852.0
1098,8.19738053806,17.1077609123,0.0,485.0,12.8795852661,36.7142857143,62.0,15.0,11.6367644006,771.0
1099,18.7990371541,10.0190730354,0.0,531.0,25.3000030518,53.4285714286,88.0,30.0,15.4063994125,1122.0
1099,18.9086586409,10.107373953,0.0,534.0,28.3236427307,51.4761904762,99.0,25.0,17.9878265714,1081.0
1099,18.79688667,10.0171787177,0.0,536.0,23.077129364,48.5238095238,93.0,28.0,14.6547570694,1019.0
1099,18.8177221148,10.0668614182,0.0,530.0,26.8773860931,51.1904761905,83.0,26.0,16.8066030108,1075.0
1099,18.8454151181,10.1953140011,0.0,529.0,13.192940712,41.6666666667,63.0,31.0,9.72796655696,875.0
1099,18.8748529664,10.0866962741,0.0,533.0,23.4213981628,50.619047619,90.0,36.0,14.6064238966,1063.0
1099,18.777518021,10.0134433647,0.0,535.0,25.0721817017,52.7619047619,86.0,34.0,14.720410191,1108.0
1099,18.8543706099,10.0640088202,0.0,537.0,19.4776096344,47.8095238095,88.0,27.0,13.6441161224,1004.0
1099,18.8900037583,9.95752869128,0.0,532.0,23.1350307465,49.7142857143,76.0,29.0,12.8691214041,1044.0
1099,18.8662920058,10.0575057425,0.0,538.0,31.8045463562,55.8095238095,97.0,31.0,18.8749014504,1172.0
1100,17.6398038343,23.1072361803,0.0,528.0,18.4114761353,46.0476190476,70.0,29.0,12.4397596057,967.0
1100,17.8060491904,23.1239508461,0.0,532.0,14.0145483017,41.0952380952,73.0,23.0,11.1933228396,863.0
1100,17.5867461046,23.0761628094,0.0,536.0,22.4737854004,47.1904761905,80.0,29.0,14.2569949415,991.0
1100,17.7408467182,23.1096619098,0.0,531.0,12.3735284805,41.4285714286,57.0,25.0,8.28596058747,870.0
1100,17.5907889852,23.1752811873,0.0,527.0,19.0191612244,44.0476190476,79.0,25.0,12.8743007207,925.0
1100,17.6807482506,23.1907896203,0.0,534.0,13.7254371643,44.0952380952,66.0,30.0,10.1286956806,926.0
1100,17.3479594489,22.9717504245,0.0,538.0,17.2538089752,46.4285714286,74.0,28.0,10.5288718701,975.0
1100,17.7198386055,23.1991785404,0.0,530.0,16.346452713,41.8571428571,64.0,24.0,11.381061964,879.0
1100,17.6943424207,23.1912344266,0.0,533.0,13.4215764999,42.7619047619,62.0,18.0,11.0449298862,898.0
1100,17.6602382906,23.2030886166,0.0,529.0,13.0923280716,40.2857142857,63.0,25.0,12.6180143333,846.0
1100,17.5026211176,22.9998610605,0.0,537.0,13.9244403839,43.5238095238,67.0,29.0,9.97305894708,914.0
1100,17.6180741501,23.1160802468,0.0,535.0,12.3711843491,40.619047619,65.0,26.0,9.8664897024,853.0
1101,40.2330812812,37.3738562882,0.0,532.0,52.3651008606,73.4285714286,139.0,36.0,31.2194994011,1542.0
1101,40.1606822776,37.4346614794,0.0,531.0,27.0513820648,52.4761904762,89.0,35.0,16.1171307857,1102.0
1101,40.1776357318,37.5636845649,0.0,530.0,23.8258419037,51.4761904762,84.0,32.0,14.8041178313,1081.0
1101,40.2944475556,37.332383202,0.0,533.0,16.3283691406,44.7619047619,72.0,27.0,11.9369374712,940.0
1101,40.1444139731,37.5715546751,0.0,529.0,13.7148628235,43.5238095238,60.0,28.0,9.88240379472,914.0
1102,32.5119281019,36.2617848044,0.0,532.0,15.0823011398,41.6666666667,72.0,22.0,11.2220021981,875.0
1102,32.3942704524,36.1594138455,0.0,528.0,13.6449432373,43.619047619,57.0,24.0,10.0472692334,916.0
1102,32.5063051482,36.220166896,0.0,531.0,19.7451820374,50.6666666667,79.0,35.0,11.4382399578,1064.0
1102,32.4882473847,36.1802550741,0.0,530.0,14.0498771667,42.5714285714,67.0,30.0,9.47930075782,894.0
1102,32.468403882,36.1742355156,0.0,529.0,20.430683136,49.2857142857,84.0,30.0,13.3272009707,1035.0
1103,32.1375170052,26.9534638278,0.0,528.0,13.0914468765,44.2857142857,65.0,28.0,9.29054819235,930.0
1103,32.1054051105,27.0121736924,0.0,532.0,12.5850915909,41.4761904762,68.0,28.0,9.46899703041,871.0
1103,32.0662456146,27.0758633692,0.0,531.0,14.1988325119,44.7619047619,69.0,32.0,10.1484223498,940.0
1103,32.0435489856,27.0321302733,0.0,529.0,14.3771400452,43.2857142857,59.0,28.0,9.18228107358,909.0
1104,21.8791750475,38.6091261231,0.0,529.0,24.5709877014,47.1428571429,89.0,26.0,15.5089835717,990.0
1104,21.8550963601,38.6415486635,0.0,530.0,22.0049362183,45.9047619048,80.0,29.0,15.4948532162,964.0
1105,13.8169650905,11.7974916423,0.0,530.0,15.158498764,38.8571428571,62.0,15.0,10.8456706307,816.0
1105,13.8433349818,11.8399639356,0.0,529.0,17.7230949402,41.1428571429,68.0,23.0,11.7740635054,864.0
1106,17.9368060102,27.6308476183,0.0,530.0,21.8970222473,50.9523809524,75.0,26.0,13.8400729423,1070.0
1106,18.065648845,27.630836967,0.0,529.0,21.3263950348,47.8571428571,85.0,30.0,14.8401001152,1005.0
1107,16.3289223494,1.71739430987,0.0,533.0,13.3968153,38.7142857143,64.0,22.0,9.26899593884,813.0
1107,16.2709071357,1.65370291541,0.0,532.0,14.2834196091,40.1428571429,68.0,24.0,11.0012986246,843.0
1108,26.7539962725,6.70886378072,0.0,535.0,13.8148927689,40.3333333333,76.0,22.0,12.6504281877,847.0
1108,26.8476851204,6.66038827109,0.0,534.0,15.7883195877,41.7619047619,64.0,26.0,11.5840612995,877.0
1109,0.0,7.77000777001,0.0,536.0,17.4457683563,38.6666666667,60.0,17.0,12.9473291969,812.0
1109,0.246580991647,7.89682317004,0.0,537.0,16.9576416016,40.5714285714,70.0,19.0,12.5481928124,852.0
1109,0.0,8.02900802901,0.0,538.0,21.0615253448,43.5714285714,68.0,20.0,13.6512689101,915.0
1110,3.29509142803,20.7166528593,0.0,539.0,13.6241035461,35.3333333333,61.0,21.0,9.89107341664,742.0
1110,3.27844690462,20.7108431635,0.0,540.0,12.8851652145,34.7142857143,60.0,15.0,10.3157300136,729.0
1111,37.3421018453,37.5994967381,0.0,539.0,18.105386734,47.7142857143,77.0,26.0,13.2066000816,1002.0
1111,37.3319747969,37.585647346,0.0,540.0,21.4764003754,48.3333333333,82.0,28.0,15.2556000647,1015.0
1111,37.3098132008,37.5781309549,0.0,538.0,20.1518135071,46.6666666667,74.0,21.0,13.2300163769,980.0
1112,25.3487589706,35.6573080414,0.0,542.0,20.7676563263,49.9523809524,75.0,35.0,12.001983963,1049.0
1112,25.3177031402,35.642673504,0.0,540.0,28.9202823639,55.4761904762,96.0,33.0,17.3712954256,1165.0
1112,25.2737817998,35.6236406739,0.0,539.0,33.0424880981,52.619047619,98.0,23.0,19.9360883587,1105.0
1112,25.2890820869,35.5828785385,0.0,544.0,22.1036720276,48.6666666667,86.0,31.0,15.0410549275,1022.0
1112,25.2865467167,35.6188952975,0.0,543.0,21.2580108643,48.1428571429,73.0,28.0,12.5430686608,1011.0
1113,8.17039770868,17.3157994581,0.0,539.0,13.3907804489,40.3333333333,63.0,24.0,9.56207787739,847.0
1113,8.09315076543,17.2968181356,0.0,540.0,15.7028551102,39.4285714286,60.0,25.0,11.5610182448,828.0
1114,27.6507508073,11.1851479025,0.0,538.0,16.4369335175,46.2380952381,76.0,31.0,11.9159756709,971.0
1114,27.6112890736,11.1220926764,0.0,540.0,15.1974077225,41.4285714286,83.0,24.0,11.42616046,870.0
1114,27.6416360909,11.1204539791,0.0,539.0,13.948843956,41.4285714286,73.0,25.0,11.6643535122,870.0
1115,12.5258178488,10.2227141648,0.0,541.0,12.9576940536,38.380952381,58.0,24.0,9.86142074184,806.0
1115,12.6133035175,10.2780552851,0.0,540.0,14.1425390244,39.0476190476,56.0,26.0,9.60976685709,820.0
1116,7.0981912529,32.6729054379,0.0,539.0,20.4225502014,44.380952381,69.0,26.0,12.7140716943,932.0
1116,7.15314675072,32.8815125165,0.0,538.0,13.1698961258,39.0476190476,53.0,19.0,9.08557202644,820.0
1117,17.2021264767,23.027946335,0.0,544.0,36.8111839294,56.619047619,109.0,33.0,21.357612672,1189.0
1117,17.1786498554,23.1025134247,0.0,545.0,23.1451969147,50.5238095238,75.0,29.0,14.6718064587,1061.0
1117,17.2102346353,22.9647144852,0.0,543.0,27.3820877075,50.7619047619,81.0,32.0,16.2969468365,1066.0
1117,17.4379975736,23.0469405827,0.0,542.0,22.8963527679,49.0,97.0,30.0,15.3003267939,1029.0
1118,15.9422695867,29.9095834255,0.0,544.0,18.0337486267,43.8571428571,71.0,26.0,11.4336595816,921.0
1118,16.0067643525,29.9166062046,0.0,543.0,14.9099798203,44.2380952381,63.0,30.0,9.42286984896,929.0
1118,15.9658586454,29.9424986184,0.0,542.0,13.6893587112,40.0952380952,61.0,28.0,9.47578367157,842.0
1119,8.02293125755,36.5516735872,0.0,545.0,14.5677099228,40.8095238095,64.0,28.0,8.4653354784,857.0
1119,7.91211261797,36.6059743094,0.0,544.0,15.5198516846,39.0,60.0,22.0,11.1445053726,819.0
1120,26.4317542343,2.07091505808,0.0,548.0,13.4040575027,39.9523809524,62.0,23.0,10.0472692334,839.0
1120,26.3743123568,2.0898203138,0.0,547.0,12.6475934982,41.7619047619,56.0,27.0,7.30003261571,877.0
1121,16.6080788626,24.665044229,0.0,548.0,13.0063581467,42.0476190476,63.0,26.0,10.6511792327,883.0
1121,16.6798683279,24.6398583535,0.0,547.0,14.3525695801,39.3333333333,70.0,26.0,11.4992753395,826.0
1122,7.85714815849,36.3879010481,0.0,548.0,12.4442472458,34.9047619048,58.0,20.0,10.3145759094,733.0
1122,8.03201877351,36.4107880573,0.0,550.0,27.7667312622,46.2857142857,93.0,27.0,16.8497562509,972.0
1122,7.80998252838,36.4418155823,0.0,547.0,12.6574029922,35.4761904762,54.0,20.0,8.78418492303,745.0
1122,7.95744141312,36.4091929952,0.0,549.0,20.8630981445,40.7142857143,84.0,25.0,14.3357694497,855.0
1123,11.4247903785,15.0415730705,0.0,546.0,16.5939979553,39.7142857143,72.0,23.0,11.2256084786,834.0
1123,11.4228048435,15.0181173566,0.0,547.0,12.0789909363,36.6666666667,73.0,21.0,10.5609343021,770.0
1124,7.92449152784,8.0042327536,0.0,546.0,12.7457122803,36.6666666667,59.0,23.0,9.35057930469,770.0
1124,7.95457994181,8.00046785411,0.0,547.0,15.7832050323,34.1904761905,74.0,17.0,14.4831593502,718.0
1125,1.03076194763,23.1756473819,0.0,546.0,13.5128126144,33.4285714286,55.0,20.0,8.98093218197,702.0
1125,1.0324459192,23.1567989756,0.0,547.0,20.8112163544,36.8571428571,71.0,16.0,13.1692282017,774.0
1126,30.7883013584,20.8607048892,0.0,563.0,19.8887290955,47.0476190476,82.0,28.0,12.7690101045,988.0
1126,30.5916704972,20.6436290875,0.0,546.0,17.0020484924,45.7142857143,80.0,26.0,13.6606839402,960.0
1126,30.8191577213,20.5704335337,0.0,557.0,20.6087608337,49.380952381,74.0,31.0,12.3550645101,1037.0
1126,30.7112964162,20.7585757,0.0,570.0,35.5402259827,59.619047619,108.0,29.0,20.773724246,1252.0
1126,30.7459224462,20.709334759,0.0,547.0,16.559928894,43.0476190476,64.0,26.0,12.5118990984,904.0
1126,30.7813136244,20.830210831,0.0,564.0,14.0333518982,46.7619047619,67.0,30.0,9.95944156017,982.0
1126,30.7800211109,20.7249414659,0.0,556.0,23.6640338898,50.3333333333,84.0,22.0,15.8724079249,1057.0
1126,30.728377002,20.7734790025,0.0,571.0,21.3864955902,50.619047619,75.0,35.0,12.5118990984,1063.0
1126,30.7800336803,20.7817928768,0.0,550.0,23.9507713318,54.9523809524,89.0,35.0,13.5958677196,1154.0
1126,30.8355873724,20.5677442651,0.0,558.0,22.8245620728,51.9523809524,87.0,29.0,14.9448191373,1091.0
1126,30.7528375908,20.775719268,0.0,565.0,13.4822311401,46.7142857143,63.0,30.0,9.60803235394,981.0
1126,30.7346062007,20.7253566862,0.0,549.0,30.5316352844,54.2857142857,105.0,28.0,19.1471743533,1140.0
1126,30.8202750219,20.7043888271,0.0,551.0,19.3111400604,46.1428571429,75.0,24.0,13.0968916705,969.0
1126,30.756096415,20.7971206417,0.0,566.0,21.3094501495,50.8095238095,79.0,31.0,14.0521138894,1067.0
1126,30.8329903525,20.5736324029,0.0,559.0,27.515586853,52.6666666667,88.0,35.0,16.5206940936,1106.0
1126,30.7293893703,20.6673430725,0.0,560.0,20.7616977692,46.0952380952,81.0,26.0,15.1588415187,968.0
1126,30.8422905253,20.5785456029,0.0,552.0,32.486328125,56.2857142857,109.0,35.0,20.1820287809,1182.0
1126,30.690885331,20.8460490397,0.0,567.0,15.7827939987,45.380952381,69.0,25.0,11.1690473653,953.0
1126,30.7916454627,20.5712332937,0.0,553.0,24.5245723724,47.7619047619,85.0,28.0,16.3306606171,1003.0
1126,30.9457208912,20.6786113443,0.0,561.0,16.3146800995,45.0952380952,67.0,29.0,10.2367219455,947.0
1126,30.7271842259,20.613851003,0.0,554.0,16.2299880981,47.5714285714,73.0,31.0,10.2302073712,999.0
1126,30.699163025,20.8251648707,0.0,569.0,16.3781280518,43.2380952381,77.0,24.0,13.2774423814,908.0
1126,30.8577544853,20.8539692907,0.0,562.0,22.9183177948,48.8095238095,99.0,33.0,14.861423376,1025.0
1126,30.6836412965,20.6471525243,0.0,555.0,18.784860611,47.2380952381,73.0,26.0,12.0785129958,992.0
1126,30.7596971752,20.9844510348,0.0,568.0,19.8343849182,50.9523809524,79.0,35.0,10.9429255251,1070.0
1127,14.5839495371,9.07729695289,0.0,522.0,16.8525085449,39.0476190476,72.0,25.0,12.2453100838,820.0
1127,14.5496830065,9.05269669562,0.0,523.0,14.4383163452,40.0476190476,70.0,20.0,11.377504957,841.0
1128,7.85608907079,29.1221630356,0.0,523.0,12.4298343658,37.0952380952,56.0,21.0,9.51790293029,779.0
1128,7.84535402558,29.1544944884,0.0,522.0,16.1338386536,39.1428571429,70.0,23.0,11.9970234404,822.0
1129,20.4396668948,26.6551606139,0.0,553.0,25.1635608673,52.0476190476,95.0,33.0,15.1078661315,1093.0
1129,20.4522684579,26.8342045846,0.0,550.0,12.3629627228,44.0,67.0,31.0,10.0995049384,924.0
1129,20.4285100626,26.838605493,0.0,551.0,21.535243988,48.1904761905,83.0,28.0,14.861423376,1012.0
1129,20.468149482,26.6749986107,0.0,552.0,20.6256465912,49.8095238095,76.0,33.0,11.8389993142,1046.0
1130,19.5228735531,20.6460074459,0.0,553.0,18.1638793945,46.5714285714,82.0,26.0,13.2987647117,978.0
1130,19.4527175739,20.6236875918,0.0,552.0,18.9883575439,48.0952380952,77.0,37.0,11.8570854847,1010.0
1131,15.4989749383,32.7124068331,0.0,556.0,13.2232980728,42.380952381,65.0,29.0,9.09657182941,890.0
1131,15.5262911114,32.5948287776,0.0,553.0,12.7067127228,39.3333333333,54.0,24.0,9.16151370317,826.0
1131,15.354040914,32.5632526197,0.0,554.0,16.5442180634,42.8571428571,67.0,24.0,11.8629073767,900.0
1131,15.5275697245,32.7402313904,0.0,557.0,16.7972278595,44.1904761905,75.0,30.0,10.2206606813,928.0
1131,15.462164436,32.6482357787,0.0,555.0,16.4566955566,42.9047619048,68.0,27.0,11.7384188113,901.0
1132,3.26149385022,13.8561467503,0.0,554.0,12.8574171066,34.2857142857,50.0,19.0,8.93388413369,720.0
1132,3.33013225068,13.904470895,0.0,553.0,12.9807386398,35.9047619048,48.0,19.0,8.52000447127,754.0
1133,12.3037938833,38.8460283309,0.0,555.0,16.1516132355,38.1904761905,69.0,24.0,11.1875781455,802.0
1133,12.4042820637,38.7110137379,0.0,556.0,16.9560642242,41.1428571429,67.0,22.0,12.2322758074,864.0
1133,12.3622343096,38.9427275028,0.0,559.0,18.8793888092,43.0,70.0,21.0,13.1795295819,903.0
1133,12.2740751379,38.8148639322,0.0,554.0,12.3240394592,39.1904761905,57.0,27.0,9.14668818545,823.0
1133,12.4209952248,38.8573970421,0.0,557.0,13.9504671097,38.3333333333,58.0,20.0,9.99666611093,805.0
1133,12.4322653756,38.8490085607,0.0,558.0,18.2839546204,44.1428571429,64.0,30.0,9.75851276725,927.0
1134,3.46400298018,10.4220021516,0.0,555.0,17.2018947601,39.2857142857,68.0,22.0,12.5663950962,825.0
1134,3.53178001207,10.5080330936,0.0,556.0,19.4868144989,39.7619047619,64.0,24.0,12.4012288178,835.0
1135,32.3819678112,36.1606702897,0.0,556.0,17.6222267151,46.6666666667,75.0,31.0,10.8781125814,980.0
1135,32.6401734807,36.2016803857,0.0,564.0,17.4688224792,46.2857142857,67.0,28.0,11.6281677712,972.0
1135,32.5748715614,36.119102008,0.0,561.0,15.8210248947,47.0952380952,71.0,31.0,9.31614062745,989.0
1135,32.5218509117,36.2423150733,0.0,566.0,16.1673374176,47.380952381,68.0,35.0,9.72355999866,995.0
1135,32.5551835573,36.1866898061,0.0,559.0,16.6107368469,43.8571428571,67.0,22.0,13.4584015183,921.0
1135,32.5620511716,36.1737037378,0.0,563.0,14.4311294556,44.8571428571,66.0,27.0,10.130576066,942.0
1135,32.4680803963,36.0187130009,0.0,557.0,13.390794754,42.8571428571,65.0,29.0,9.9563332321,900.0
1135,32.5039726019,36.2043030164,0.0,558.0,17.2582454681,46.7142857143,72.0,32.0,12.1702212681,981.0
1135,32.546021147,36.2371266197,0.0,565.0,15.8852558136,47.2380952381,79.0,32.0,10.5446894781,992.0
1135,32.516858325,36.1371124782,0.0,560.0,13.5996046066,45.0476190476,69.0,31.0,8.20046456291,946.0
1136,19.4504513307,20.8724409482,0.0,558.0,12.1256790161,43.2857142857,60.0,24.0,9.30130559192,909.0
1136,19.4728723439,20.6190212651,0.0,557.0,20.6671829224,50.9047619048,81.0,34.0,13.2472818416,1069.0
1136,19.5287907384,20.7331228091,0.0,556.0,12.9311008453,43.0,60.0,28.0,9.65401470892,903.0
1137,7.94556520612,8.03657710603,0.0,559.0,13.7768878937,35.9047619048,57.0,19.0,8.89328264425,754.0
1137,7.99634930882,8.02757117821,0.0,558.0,15.5262813568,36.8571428571,65.0,25.0,10.4177047102,774.0
1137,8.01316566182,7.99381855969,0.0,557.0,15.4305152893,37.5714285714,64.0,23.0,11.079582251,789.0
1138,11.4271163985,15.0300690493,0.0,559.0,12.2735805511,36.5714285714,57.0,23.0,9.99785691322,768.0
1138,11.4370679404,15.0666603096,0.0,558.0,13.8398017883,40.380952381,63.0,17.0,10.2395126372,848.0
1139,38.8625995886,34.2848822576,0.0,559.0,18.9199886322,45.6666666667,73.0,30.0,12.2814222846,959.0
1139,38.8424262696,34.2966652874,0.0,558.0,12.5948419571,43.1904761905,69.0,27.0,9.31460706428,907.0
1139,38.804202345,34.2832673241,0.0,557.0,12.7209215164,45.0,63.0,34.0,8.41427358719,945.0
1140,33.7926675687,28.4250021767,0.0,559.0,12.4687128067,46.4761904762,77.0,33.0,9.44785185965,976.0
1140,33.7741349229,28.4027996892,0.0,561.0,12.9878463745,41.1428571429,59.0,19.0,10.0512970023,864.0
1140,33.7761430674,28.3695665926,0.0,563.0,14.5852565765,43.4761904762,70.0,28.0,10.0430027762,913.0
1140,33.7533980876,28.4024562669,0.0,560.0,16.5347290039,49.7142857143,70.0,27.0,10.6777472209,1044.0
1140,33.7816759483,28.4442274216,0.0,562.0,18.0444602966,44.3333333333,84.0,29.0,14.5956614558,931.0
1140,33.7861732683,28.4472676074,0.0,558.0,18.0040454865,47.4761904762,75.0,32.0,12.428270385,997.0
1141,43.4033665929,23.3883446866,0.0,557.0,12.3965377808,41.6666666667,63.0,30.0,8.16904727207,875.0
1141,43.3727186808,23.3608939404,0.0,558.0,13.0443954468,41.8095238095,59.0,28.0,9.58967698945,878.0
1142,40.2928392903,20.0202474972,0.0,561.0,15.6471891403,47.2857142857,69.0,34.0,9.19860237831,993.0
1142,40.2854099622,20.0767780169,0.0,563.0,16.0919094086,48.0952380952,64.0,33.0,10.2416051569,1010.0
1142,40.2700901445,20.0358317044,0.0,566.0,13.6667385101,43.7142857143,62.0,31.0,9.53489830645,918.0
1142,40.1646368137,20.0262145165,0.0,565.0,13.4715843201,42.7142857143,60.0,20.0,10.1791102614,897.0
1142,40.2635790173,20.0827583314,0.0,560.0,16.0287151337,42.1428571429,75.0,30.0,10.2629708871,885.0
1142,40.3417731218,20.1460218013,0.0,562.0,17.0220603943,46.8095238095,70.0,30.0,12.2947917738,983.0
1142,40.2758153385,20.1070240712,0.0,567.0,13.3280677795,43.8571428571,64.0,31.0,9.12296944139,921.0
1143,20.9705288468,9.60690380152,0.0,562.0,12.3668994904,40.619047619,62.0,26.0,9.24378813299,853.0
1143,20.9773436632,9.50498433353,0.0,561.0,13.4794034958,44.2857142857,67.0,34.0,9.03959543975,930.0
1144,8.12139000312,36.6250976905,0.0,555.0,16.0129451752,43.0,63.0,29.0,9.90959131347,903.0
1144,8.10816166366,36.5316283347,0.0,554.0,18.1852550507,41.8571428571,66.0,24.0,12.5629841769,879.0
1145,19.2743936321,20.8072325705,0.0,563.0,22.5066490173,51.1904761905,85.0,34.0,14.5486049078,1075.0
1145,19.1494579618,20.7083791864,0.0,564.0,18.9754371643,52.5714285714,74.0,39.0,9.84668181964,1104.0
1146,16.339357383,24.4944513679,0.0,563.0,16.8420600891,43.2380952381,75.0,29.0,10.4828658386,908.0
1146,16.1807939698,24.3933464046,0.0,566.0,12.2475748062,38.9047619048,74.0,27.0,9.90406362007,817.0
1146,16.2281497245,24.5764822828,0.0,565.0,15.8931493759,44.0952380952,67.0,26.0,11.5926906364,926.0
1146,16.3649897516,24.5091700751,0.0,564.0,13.2715053558,41.4761904762,59.0,19.0,10.0030947592,871.0
1147,38.6577021438,15.6758890484,0.0,564.0,14.1563615799,43.7619047619,73.0,24.0,11.8949769311,919.0
1147,38.6385744365,15.6684794273,0.0,563.0,17.997587204,50.1904761905,77.0,37.0,9.98808814348,1054.0
1148,13.8367881172,11.8424914602,0.0,565.0,36.1751251221,59.380952381,107.0,29.0,21.3810107116,1247.0
1148,13.8761337768,11.8514072818,0.0,564.0,33.9426002502,53.8095238095,108.0,30.0,23.5618739654,1130.0
1148,13.8332785802,11.8520677175,0.0,563.0,26.3300952911,48.6666666667,101.0,24.0,18.1915731407,1022.0
1149,4.68578798939,27.9682632303,0.0,564.0,15.5853538513,34.6666666667,69.0,20.0,11.8757455906,728.0
1149,4.69715828755,27.992555839,0.0,565.0,13.1739749908,35.8095238095,49.0,22.0,8.51245585962,752.0
1150,8.16217175722,36.5041498347,0.0,567.0,12.7959775925,36.619047619,52.0,19.0,9.53664611106,769.0
1150,8.1823806292,36.426497034,0.0,568.0,15.8504209518,37.5238095238,64.0,24.0,10.3180378349,788.0
1150,7.93665902526,36.3789570426,0.0,564.0,14.5349340439,37.7142857143,57.0,19.0,11.0097359512,792.0
1150,8.12897568956,36.3600502936,0.0,566.0,15.4702711105,41.6666666667,66.0,30.0,9.65056129628,875.0
1150,8.01168157395,36.3859262178,0.0,565.0,24.195356369,42.2857142857,89.0,22.0,16.3099443811,888.0
1151,32.3400385478,27.1648779257,0.0,568.0,27.9918766022,55.619047619,95.0,34.0,17.232168147,1168.0
1151,32.1879384739,27.008786787,0.0,572.0,14.3189163208,49.4285714286,71.0,33.0,10.25949038,1038.0
1151,32.3418715589,27.1907218463,0.0,566.0,20.2094211578,52.1428571429,86.0,36.0,12.3583401567,1095.0
1151,32.291179967,27.1024774963,0.0,575.0,18.5302867889,49.4761904762,76.0,22.0,13.7754094227,1039.0
1151,32.4445797841,26.8723945859,0.0,579.0,19.6634349823,47.1904761905,79.0,22.0,14.316490658,991.0
1151,32.3371440116,26.6659160612,0.0,585.0,12.1788291931,44.9047619048,65.0,32.0,8.92134946017,943.0
1151,32.0793766197,27.0688334446,0.0,573.0,14.5150718689,50.1904761905,73.0,37.0,9.887461998,1054.0
1151,32.385650464,26.8725133526,0.0,570.0,14.118273735,49.3333333333,63.0,32.0,8.19959348586,1036.0
1151,32.2467682782,27.0732666124,0.0,577.0,20.7020606995,51.0952380952,73.0,30.0,12.0785129958,1073.0
1151,32.4229814455,26.7462904162,0.0,581.0,12.938495636,44.0,68.0,23.0,11.8953772534,924.0
1151,32.4585544285,26.8536650128,0.0,564.0,20.7914409637,52.6666666667,88.0,39.0,13.5879848886,1106.0
1151,32.2534948226,27.2045573496,0.0,567.0,24.4295349121,54.5238095238,93.0,30.0,14.6990443486,1145.0
1151,32.3143817114,26.884061861,0.0,583.0,22.2835025787,51.6666666667,84.0,34.0,14.4476064915,1085.0
1151,32.3689485117,26.8399880556,0.0,586.0,18.8393306732,50.0,72.0,34.0,11.8532695911,1050.0
1151,32.2903860301,27.0440254694,0.0,571.0,19.9014854431,51.7142857143,83.0,26.0,13.1686858006,1086.0
1151,32.3274776612,27.0292246711,0.0,574.0,18.9034881592,50.5714285714,74.0,33.0,12.7615493909,1062.0
1151,32.2726894007,27.0159863383,0.0,578.0,20.8778800964,49.8571428571,75.0,22.0,13.7814575219,1047.0
1151,32.547973806,27.0400486918,0.0,569.0,23.0205078125,53.3333333333,83.0,36.0,13.6357373594,1120.0
1151,32.4766705936,27.0345993886,0.0,565.0,17.1926288605,52.1428571429,78.0,34.0,10.2239215289,1095.0
1151,32.3577820264,26.7621714091,0.0,582.0,16.1291732788,49.0952380952,73.0,33.0,11.3265385794,1031.0
1151,32.346805295,26.990770244,0.0,576.0,15.6438426971,42.7142857143,70.0,28.0,12.2928550677,897.0
1151,32.4692286187,26.7234622136,0.0,580.0,21.4881286621,51.5238095238,95.0,36.0,14.0022107098,1082.0
1151,32.197038968,26.7553690918,0.0,584.0,19.0297431946,49.5238095238,74.0,25.0,11.8136321579,1040.0
1152,12.432012432,39.4975394975,0.0,567.0,18.249256134,47.5238095238,72.0,29.0,12.1351516168,998.0
1152,12.5382521227,39.3230277186,0.0,566.0,13.2032909393,44.0952380952,66.0,27.0,10.6672618882,926.0
1153,0.69871774238,5.44624179027,0.0,569.0,16.7299823761,34.8571428571,61.0,19.0,11.5121054299,732.0
1153,0.664708441652,5.42535114582,0.0,568.0,31.2294139862,43.8095238095,90.0,24.0,17.8258773911,920.0
1153,0.673373774036,5.42603989575,0.0,567.0,28.5892028809,45.9523809524,89.0,28.0,16.3385317286,965.0
1153,0.709491165666,5.43712429066,0.0,566.0,13.4909009933,34.6666666667,57.0,19.0,9.65056129628,728.0
1154,32.032150334,38.0089037999,0.0,551.0,14.6243247986,42.2857142857,68.0,24.0,13.4467202586,888.0
1154,32.0671546579,38.0480870075,0.0,550.0,12.1402549744,41.0952380952,67.0,29.0,9.55983661944,863.0
1155,15.5013188241,13.1575550376,0.0,569.0,13.7138395309,42.0952380952,72.0,28.0,10.7605983194,884.0
1155,15.5119292634,13.2304777807,0.0,567.0,12.9865036011,42.9523809524,54.0,30.0,7.45302750885,902.0
1155,15.5307356253,13.1704975165,0.0,568.0,18.3648815155,43.3333333333,69.0,23.0,11.791239686,910.0
1156,13.8778173558,11.8307913133,0.0,575.0,12.8082904816,36.7142857143,56.0,22.0,8.8889980152,771.0
1156,13.8574790137,11.8572203963,0.0,569.0,27.9032363892,49.6666666667,86.0,31.0,17.9397138587,1043.0
1156,13.8643002002,11.831610738,0.0,573.0,26.1907806396,48.1428571429,87.0,27.0,14.8771156959,1011.0
1156,13.8247541584,11.9020131281,0.0,570.0,18.5907497406,41.4761904762,72.0,23.0,12.6515574046,871.0
1156,13.8476909426,11.8678884308,0.0,572.0,33.6204605103,55.0,96.0,34.0,20.01999001,1155.0
1156,13.8524589631,11.8366417033,0.0,568.0,42.677772522,57.7142857143,115.0,25.0,26.747229496,1212.0
1156,13.8619496975,11.8430194744,0.0,571.0,25.677154541,48.0,78.0,27.0,15.8177115918,1008.0
1156,13.8728498985,11.8826116246,0.0,574.0,24.2114582062,48.4285714286,85.0,23.0,15.1709308501,1017.0
1157,19.2030556777,20.6472786696,0.0,571.0,18.6763420105,44.9523809524,80.0,28.0,13.5958677196,944.0
1157,19.4138693806,20.8348308809,0.0,575.0,13.4322290421,42.0,71.0,23.0,10.9818031306,882.0
1157,19.3435658405,20.9323599783,0.0,574.0,13.5676050186,41.7142857143,61.0,20.0,10.5268364533,876.0
1157,19.2629769297,20.5849599749,0.0,570.0,33.2516441345,57.4285714286,99.0,29.0,18.7231712821,1206.0
1157,19.3389264518,20.5034909776,0.0,569.0,19.3395557404,50.1904761905,72.0,31.0,11.4744021527,1054.0
1157,19.3134277777,20.7782187366,0.0,573.0,15.067773819,43.2857142857,67.0,25.0,11.4853944518,909.0
1157,19.3778250076,20.7389634865,0.0,576.0,18.4381504059,46.7142857143,74.0,24.0,13.115421675,981.0
1157,19.2952872449,20.7515384944,0.0,572.0,24.4763011932,50.4761904762,88.0,22.0,15.7054737198,1060.0
1157,19.2590736436,20.4237626878,0.0,568.0,14.003985405,43.0,63.0,28.0,10.4067285926,903.0
1158,13.9100886179,34.0377859531,0.0,572.0,12.3728723526,36.8571428571,50.0,16.0,9.75851276725,774.0
1158,13.9122603987,34.0681053861,0.0,571.0,16.6219387054,40.4285714286,68.0,25.0,11.1739492954,849.0
1158,13.9188132937,34.0949692861,0.0,570.0,15.5408887863,41.9047619048,72.0,27.0,11.1799139617,880.0
1159,12.37230559,39.1116392144,0.0,572.0,17.9973392487,43.5714285714,72.0,25.0,11.0434207951,915.0
1159,12.4382615523,39.2606070425,0.0,574.0,13.6443824768,41.4285714286,65.0,28.0,9.79066610896,870.0
1159,12.4035203132,39.4005278208,0.0,571.0,17.4818458557,47.1428571429,74.0,27.0,15.3664755695,990.0
1159,12.5615125615,39.4975394975,0.0,575.0,15.8272857666,40.9523809524,64.0,21.0,10.8787691881,860.0
1159,12.4343168508,39.199407774,0.0,569.0,25.6172504425,45.2380952381,90.0,23.0,16.825292752,950.0
1159,12.3891338033,39.1437321782,0.0,573.0,16.6287193298,43.4285714286,64.0,29.0,9.92759501879,912.0
1159,12.4671564931,39.2161515659,0.0,570.0,17.0033435822,43.2857142857,76.0,30.0,12.2112360437,909.0
1160,17.409740499,17.8212652567,0.0,579.0,12.7850561142,40.7142857143,58.0,26.0,9.16593070639,855.0
1160,17.2190580476,17.6706202706,0.0,571.0,13.6205320358,38.7142857143,65.0,24.0,10.6871083888,813.0
1160,17.3787802903,17.8357846441,0.0,575.0,17.6079692841,43.7142857143,64.0,28.0,10.784910093,918.0
1160,17.3833052044,17.8393387297,0.0,578.0,22.1760463715,46.380952381,73.0,29.0,13.592189634,974.0
1160,17.4532048377,17.8079350175,0.0,573.0,18.5727348328,45.0952380952,76.0,20.0,13.7437431652,947.0
1160,17.4199983684,17.8154022566,0.0,576.0,19.5331707001,45.0,77.0,23.0,14.3143284858,945.0
1160,17.3779329774,17.7705222833,0.0,572.0,16.1283149719,42.6666666667,73.0,30.0,10.3987178697,896.0
1160,17.3941688116,17.8400613257,0.0,577.0,21.7852096558,45.5238095238,76.0,20.0,14.361821081,956.0
1161,28.9937313143,21.5243463279,0.0,571.0,20.1661281586,48.4285714286,76.0,33.0,13.3812235187,1017.0
1161,28.9418192767,21.5069280942,0.0,572.0,25.4591636658,52.4285714286,93.0,35.0,15.5421087005,1101.0
1162,15.4788730201,32.7134299369,0.0,572.0,17.4419250488,42.4285714286,82.0,19.0,14.1264695822,891.0
1162,15.4507744185,32.6390705224,0.0,574.0,15.4283161163,43.9523809524,68.0,21.0,11.4563353236,923.0
1162,15.5613906484,32.7063431264,0.0,571.0,19.786989212,44.1904761905,71.0,22.0,14.2815231947,928.0
1162,15.3193266203,32.6692305104,0.0,575.0,15.1434707642,43.0,69.0,28.0,11.4934764106,903.0
1162,15.4945484884,32.6385522812,0.0,573.0,18.7812843323,44.2380952381,71.0,20.0,13.01500965,929.0
1163,3.62323679292,14.9095359729,0.0,574.0,12.8135814667,38.4761904762,53.0,24.0,8.9085298878,808.0
1163,3.82503134612,14.9165964062,0.0,573.0,12.0362300873,37.5238095238,64.0,22.0,9.29311060743,788.0
1163,3.7748546865,15.0051753509,0.0,572.0,17.570936203,37.5238095238,60.0,24.0,11.1427960926,788.0
1164,3.09451235919,30.867947642,0.0,543.0,13.6140079498,34.2380952381,52.0,18.0,9.87372656045,719.0
1164,3.09144753133,30.8905781456,0.0,542.0,28.5050086975,42.7619047619,95.0,23.0,20.0945384667,898.0
1165,10.0919267105,7.14375103775,0.0,578.0,14.4551935196,40.0476190476,58.0,26.0,8.54093783186,841.0
1165,10.3669892963,7.25570491316,0.0,585.0,19.4251041412,39.9047619048,74.0,24.0,11.7384188113,838.0
1165,10.0636750948,7.21699349488,0.0,577.0,13.2342700958,36.5714285714,57.0,18.0,10.3516734327,768.0
1165,10.3267670537,7.24145859659,0.0,582.0,15.5204429626,39.8095238095,56.0,22.0,9.5844616313,836.0
1165,10.224360272,7.1913030685,0.0,580.0,13.4019651413,38.1428571429,57.0,26.0,9.41427487535,801.0
1165,10.2557377926,7.20051376155,0.0,581.0,16.4844245911,41.9047619048,63.0,26.0,10.2416051569,880.0
1165,10.2832688503,7.23785054038,0.0,584.0,18.4313678741,41.2857142857,66.0,28.0,11.7946719206,867.0
1165,10.3958617161,7.24115545471,0.0,583.0,17.1515083313,43.3333333333,66.0,31.0,9.22135203391,910.0
1166,15.9089429242,30.0267391703,0.0,578.0,15.141245842,43.9047619048,63.0,28.0,9.41756211503,922.0
1166,15.8991472667,30.1956366384,0.0,577.0,14.2547273636,42.0952380952,78.0,29.0,10.7977069876,884.0
1167,14.2698278613,22.1794840578,0.0,579.0,16.8608417511,43.5714285714,66.0,30.0,11.630010441,915.0
1167,14.2325921308,22.1580931008,0.0,578.0,21.390750885,46.7619047619,89.0,27.0,13.2924969885,982.0
1168,42.8906909935,23.5613687507,0.0,575.0,13.33294487,42.8571428571,57.0,31.0,9.18850213193,900.0
1168,42.9776726828,23.5428665931,0.0,576.0,13.9629364014,40.5714285714,71.0,27.0,10.9980517755,852.0
1169,8.41476448056,36.6673681778,0.0,575.0,14.5387592316,39.9523809524,64.0,22.0,10.6933446146,839.0
1169,8.38229637144,36.6637325074,0.0,576.0,12.9641056061,38.2857142857,68.0,25.0,9.634017112,804.0
1170,41.3628022214,25.0849545643,0.0,579.0,13.4566078186,45.0952380952,67.0,26.0,10.6344006033,947.0
1170,41.4422688124,25.0823565406,0.0,580.0,16.5691986084,42.9047619048,70.0,31.0,10.8023366079,901.0
1171,38.6221517339,34.2444147098,0.0,579.0,13.6558456421,40.4285714286,63.0,27.0,11.016221805,849.0
1171,38.6257166238,34.1903409883,0.0,580.0,17.8206157684,44.619047619,75.0,28.0,11.6896372505,937.0
1172,38.0241638238,27.1866544414,0.0,579.0,19.6441192627,46.5714285714,74.0,30.0,13.3400578281,978.0
1172,38.1102366239,27.2761089989,0.0,580.0,14.9215335846,49.5238095238,65.0,36.0,9.5426361537,1040.0
1172,37.9581708988,27.2657465126,0.0,577.0,12.1549530029,43.380952381,66.0,26.0,10.514162784,911.0
1172,37.8655760665,27.3826404661,0.0,576.0,13.3015079498,42.0476190476,61.0,25.0,11.2759753036,883.0
1173,17.1758277748,18.133540884,0.0,581.0,16.4527759552,44.0,72.0,28.0,10.2371871137,924.0
1173,17.125822937,18.1393048137,0.0,580.0,18.832660675,43.9047619048,75.0,25.0,13.352545682,922.0
1174,21.8849737548,38.7248806985,0.0,535.0,16.4982776642,41.8095238095,69.0,28.0,11.1068404491,878.0
1174,21.8951036864,38.7506943525,0.0,536.0,22.4492473602,48.2380952381,81.0,24.0,14.1170278809,1013.0
1175,30.6191159756,20.5778775718,0.0,536.0,17.3548107147,47.6666666667,77.0,31.0,11.1773580659,1001.0
1175,30.6317499358,20.4580880336,0.0,535.0,12.7263231277,42.4285714286,63.0,26.0,10.4717306524,891.0
1176,23.7611894884,18.7445761283,0.0,601.0,18.5788230896,44.5714285714,81.0,25.0,14.4795422185,936.0
1176,23.9578415407,18.889423643,0.0,587.0,20.1016235352,48.4285714286,76.0,21.0,13.3325595014,1017.0
1176,23.9009983899,18.9119809485,0.0,597.0,18.203792572,49.380952381,74.0,29.0,11.3334733885,1037.0
1176,24.0828318506,18.9098886815,0.0,585.0,22.1961841583,49.5238095238,73.0,23.0,14.0947474175,1040.0
1176,23.9285355256,18.9374934967,0.0,594.0,15.4947147369,45.4761904762,64.0,28.0,11.3076038471,955.0
1176,23.8306034034,18.8618048802,0.0,602.0,12.3060455322,41.8571428571,56.0,24.0,10.0164150987,879.0
1176,24.0214265964,18.8613941166,0.0,590.0,15.1283979416,44.7619047619,67.0,32.0,11.0177346215,940.0
1176,23.9980295496,18.9144646327,0.0,586.0,24.4658813477,50.0952380952,102.0,32.0,17.1898364213,1052.0
1176,23.8141528738,18.8946885237,0.0,596.0,14.6631422043,42.0952380952,73.0,26.0,11.7724456334,884.0
1176,24.058508662,18.8303551432,0.0,583.0,23.1322860718,50.1904761905,91.0,27.0,15.1908493759,1054.0
1176,23.8403578486,18.8585950472,0.0,600.0,14.3176574707,44.2380952381,69.0,27.0,11.497411717,929.0
1176,24.0890294644,18.8759293905,0.0,588.0,20.7659225464,50.5714285714,80.0,36.0,11.1380942202,1062.0
1176,23.9778226767,18.8605245959,0.0,591.0,22.392124176,47.7142857143,91.0,32.0,15.0470690074,1002.0
1176,23.9085517361,18.8946132664,0.0,593.0,12.7787780762,45.4285714286,64.0,32.0,8.64043649691,954.0
1176,24.1236745724,18.8408267958,0.0,584.0,23.6115856171,54.6666666667,88.0,40.0,13.9546885789,1148.0
1176,23.7214072062,18.8130188096,0.0,603.0,17.0039520264,48.0952380952,70.0,28.0,11.6786333186,1010.0
1176,24.0303663331,18.8245628402,0.0,582.0,13.7710285187,46.9047619048,68.0,28.0,9.34293723571,985.0
1176,23.9286862281,18.9153170537,0.0,598.0,20.2382907867,49.9047619048,83.0,31.0,12.9726819197,1048.0
1177,41.6323666566,25.0572473388,0.0,586.0,20.5455818176,51.7142857143,80.0,30.0,13.7591527978,1086.0
1177,41.5796188888,25.0329020633,0.0,583.0,12.2863759995,40.3333333333,60.0,27.0,10.7346790047,847.0
1177,41.5762310499,24.9216916,0.0,592.0,18.7305679321,49.1428571429,78.0,27.0,13.1881981873,1032.0
1177,41.616722099,25.1115470746,0.0,587.0,21.3211517334,49.8095238095,81.0,34.0,12.4523855049,1046.0
1177,41.5978872724,25.1487703901,0.0,588.0,15.2693347931,44.7619047619,65.0,26.0,9.37499206349,940.0
1177,41.7317083523,25.0055863059,0.0,593.0,16.2900161743,44.8095238095,69.0,32.0,9.72943496622,941.0
1177,41.5902205435,25.0112303556,0.0,591.0,31.0502529144,55.1428571429,96.0,31.0,17.3472929136,1158.0
1177,41.6787057189,25.0874367796,0.0,584.0,13.0932350159,43.5238095238,63.0,26.0,9.6416754126,914.0
1177,41.6689532108,25.0773876891,0.0,590.0,20.3278560638,49.0,86.0,32.0,14.0142784331,1029.0
1178,32.828799154,33.8321483181,0.0,584.0,23.9353141785,52.2857142857,91.0,25.0,16.2515933285,1098.0
1178,33.0510725493,34.0326465914,0.0,590.0,19.9703006744,48.9047619048,81.0,29.0,14.4114702994,1027.0
1178,33.0887886891,34.0128803781,0.0,589.0,27.466211319,54.4761904762,99.0,32.0,18.8960817304,1144.0
1178,33.0205072473,33.8706477675,0.0,592.0,15.4750041962,44.5238095238,71.0,33.0,10.5717503169,935.0
1178,32.8142162717,33.9228916169,0.0,583.0,14.5243911743,46.7142857143,70.0,32.0,10.2914666454,981.0
1178,32.786075317,33.9111912176,0.0,586.0,35.102016449,56.2857142857,99.0,33.0,20.8713747921,1182.0
1178,32.7709703884,33.9333823754,0.0,585.0,16.5822849274,48.9047619048,83.0,35.0,11.0675415604,1027.0
1178,32.9938003952,33.7625484268,0.0,593.0,20.9874172211,47.3333333333,89.0,25.0,15.1503575315,994.0
1178,32.962701317,33.9818546242,0.0,588.0,26.9914531708,54.3333333333,99.0,30.0,19.2362505009,1141.0
1178,32.7212217038,33.8325062734,0.0,582.0,12.6133747101,44.9523809524,66.0,30.0,10.2638988229,944.0
1178,32.7868822474,33.968883864,0.0,587.0,23.7222137451,51.0476190476,81.0,31.0,14.7867379448,1072.0
1179,31.2810347846,24.7717926842,0.0,586.0,13.2486000061,43.5238095238,67.0,28.0,9.53215110885,914.0
1179,31.272962057,24.6968339133,0.0,585.0,12.6544075012,41.4761904762,68.0,26.0,11.2721739146,871.0
1180,15.8322151892,30.0883725511,0.0,584.0,13.2132825851,43.1428571429,62.0,23.0,10.4512473623,906.0
1180,16.1743130364,30.308824557,0.0,589.0,12.9035310745,41.0952380952,66.0,24.0,9.31614062745,863.0
1180,16.0727925022,30.3865503742,0.0,586.0,34.4118080139,58.2380952381,102.0,36.0,19.1308775593,1223.0
1180,16.0744517697,30.199526115,0.0,585.0,15.7057342529,44.619047619,65.0,29.0,10.6558725146,937.0
1180,16.054217302,30.3312864438,0.0,587.0,19.2198734283,45.1428571429,69.0,26.0,12.970295734,948.0
1180,16.0722275854,30.4032286559,0.0,588.0,19.9452285767,45.2380952381,70.0,27.0,12.202068521,950.0
1181,18.3784777288,35.2303143209,0.0,584.0,22.2322063446,47.3333333333,69.0,31.0,11.9554729448,994.0
1181,18.5187754866,35.3462704046,0.0,586.0,23.8928642273,47.3333333333,82.0,27.0,14.3503774631,994.0
1181,18.4676345683,35.2522049418,0.0,585.0,22.2804870605,47.8571428571,85.0,28.0,15.4928554963,1005.0
1182,8.30821360586,36.486364232,0.0,582.0,16.9561958313,39.1428571429,68.0,22.0,12.3502458044,822.0
1182,8.29362451361,36.3995069446,0.0,584.0,29.0011825562,46.8571428571,82.0,25.0,17.4019703318,984.0
1182,8.05267176531,36.3310433258,0.0,589.0,15.6662349701,39.1428571429,67.0,20.0,12.3299866759,822.0
1182,8.19682712186,36.2808404542,0.0,586.0,19.7807712555,41.0476190476,79.0,26.0,12.6509928088,862.0
1182,8.29787393675,36.3017673246,0.0,585.0,12.085767746,39.1904761905,56.0,25.0,9.52690425909,823.0
1182,8.14952198196,36.2731439277,0.0,588.0,16.6878604889,38.4285714286,66.0,25.0,10.3468421684,807.0
1182,8.40920027372,36.5884520133,0.0,581.0,12.10526371,37.5714285714,53.0,23.0,8.78960424918,789.0
1182,8.16263466944,36.2653625545,0.0,587.0,26.7685165405,44.619047619,94.0,23.0,16.9749114592,937.0
1183,13.4725254412,7.0771328818,0.0,599.0,18.8822402954,44.619047619,78.0,26.0,12.0061492181,937.0
1183,13.3928930807,7.02793028209,0.0,597.0,28.2309341431,49.6666666667,87.0,30.0,18.3720802669,1043.0
1183,13.2631529648,6.82635110136,0.0,594.0,16.6949062347,44.2857142857,65.0,34.0,9.81398419167,930.0
1183,13.331529256,6.80225079219,0.0,590.0,16.5039100647,41.380952381,61.0,24.0,11.5778935497,869.0
1183,13.3361037165,6.8474036211,0.0,596.0,26.5628376007,50.7142857143,81.0,28.0,16.1621250371,1065.0
1183,13.2146094249,6.91113856646,0.0,586.0,22.3092269897,48.0,76.0,30.0,13.8455769111,1008.0
1183,13.3301615583,6.71646469423,0.0,595.0,14.862613678,40.4285714286,59.0,27.0,10.2448593381,849.0
1183,13.304175218,6.81963462401,0.0,588.0,20.8915348053,46.2857142857,75.0,28.0,12.4424388973,972.0
1183,13.30649428,6.8506825345,0.0,592.0,17.6241226196,41.9523809524,74.0,29.0,11.7365931619,881.0
1183,13.2866646009,6.85412091959,0.0,591.0,25.4833431244,50.7619047619,83.0,23.0,15.069521432,1066.0
1183,13.223446596,6.75310435213,0.0,593.0,28.50756073,49.1428571429,95.0,27.0,17.0888434784,1032.0
1183,13.3875532491,7.04771848959,0.0,598.0,25.2676715851,49.9523809524,84.0,27.0,15.8255369276,1049.0
1183,13.1302266712,6.99896490047,0.0,585.0,18.4810829163,44.5714285714,74.0,21.0,14.03770433,936.0
1183,13.2749216229,6.82447852124,0.0,589.0,20.3797473907,48.1428571429,75.0,28.0,12.4670995596,1011.0
1184,40.4915620974,21.5337015678,0.0,586.0,12.8350992203,44.0952380952,65.0,27.0,8.89890308917,926.0
1184,40.5093304666,21.5742366624,0.0,588.0,13.0763883591,43.380952381,68.0,27.0,11.6939137609,911.0
1184,40.4393766027,21.544063495,0.0,587.0,13.5518198013,43.1904761905,66.0,25.0,11.1023378062,907.0
1185,19.5692300846,25.6541761819,0.0,586.0,12.0606012344,40.0476190476,63.0,23.0,9.65648067609,841.0
1185,19.6863124515,25.6310870152,0.0,587.0,12.1478424072,39.5714285714,63.0,25.0,9.77533338854,831.0
1186,30.1089321081,10.3114252748,0.0,581.0,12.7914819717,40.6666666667,64.0,28.0,10.8458901586,854.0
1186,30.1611139268,10.4390646596,0.0,582.0,14.4564056396,41.4285714286,63.0,24.0,11.1739492954,870.0
1187,34.2270925364,17.2955807159,0.0,589.0,14.5753669739,47.7619047619,69.0,30.0,11.9243648129,1003.0
1187,34.2825486766,17.4167867472,0.0,588.0,13.7903614044,43.380952381,66.0,30.0,9.57849774483,911.0
1187,34.234057335,17.5367099505,0.0,590.0,12.2925453186,44.7619047619,64.0,30.0,9.3000256016,940.0
1188,32.6362132726,26.9265167594,0.0,589.0,18.8682155609,48.5714285714,79.0,35.0,11.4174052594,1020.0
1188,32.5105235976,26.9726369906,0.0,592.0,20.3197860718,50.0476190476,80.0,38.0,11.6725155407,1051.0
1188,32.5257504669,26.9015822238,0.0,595.0,19.3290042877,48.1904761905,74.0,28.0,13.6000700278,1012.0
1188,32.6923378256,26.9775715415,0.0,588.0,12.1784315109,45.8571428571,64.0,32.0,8.95704032751,963.0
1188,32.4707030923,27.0289455014,0.0,594.0,19.7996063232,50.5714285714,76.0,24.0,13.6951503408,1062.0
1188,32.4231284774,26.8845156491,0.0,591.0,19.0642585754,51.7619047619,93.0,25.0,14.6318309241,1087.0
1188,32.4186507709,27.0259127311,0.0,593.0,20.0069103241,50.5714285714,77.0,27.0,12.2375300963,1062.0
1188,32.6127361673,26.7707526061,0.0,590.0,24.4049625397,50.619047619,96.0,27.0,15.6060122724,1063.0
1189,35.9412355374,37.5067843053,0.0,590.0,12.261423111,44.7619047619,67.0,29.0,9.67938408115,940.0
1189,35.9598797502,37.3770967519,0.0,591.0,13.8170919418,47.8571428571,69.0,32.0,10.1650662284,1005.0
1189,35.9404138643,37.4330935972,0.0,589.0,12.3681573868,43.4761904762,66.0,30.0,9.67790807778,913.0
1190,14.6250742166,15.7266568285,0.0,589.0,15.4476642609,42.3333333333,75.0,21.0,11.7445022599,889.0
1190,14.6938139377,15.7066012296,0.0,588.0,17.6504936218,45.9523809524,68.0,27.0,12.2820038694,965.0
1190,14.7800807703,15.6446298152,0.0,587.0,12.8820152283,39.9523809524,59.0,23.0,10.0572172616,839.0
1191,38.0774941341,27.4617431734,0.0,588.0,12.924243927,40.9523809524,61.0,26.0,9.93215077652,860.0
1191,38.0499962672,27.4436860771,0.0,587.0,16.2755470276,46.9523809524,64.0,27.0,10.1660031009,986.0
1192,15.4250613383,33.0393890292,0.0,591.0,17.8471088409,43.6666666667,78.0,26.0,11.7997175107,917.0
1192,15.4280845537,33.1041215575,0.0,589.0,16.2493076324,44.4285714286,68.0,30.0,10.127050057,933.0
1192,15.4592828635,33.0176528007,0.0,592.0,25.1852798462,46.0952380952,91.0,29.0,16.9023807847,968.0
1192,15.4960859521,33.1187796223,0.0,588.0,20.5131282806,47.2857142857,76.0,30.0,13.4652993177,993.0
1192,15.3275619414,33.1662645003,0.0,587.0,12.0827198029,41.4285714286,65.0,26.0,10.0775563932,870.0
1193,30.7584302007,7.76557429992,0.0,595.0,21.611825943,51.5714285714,85.0,28.0,12.68688862,1083.0
1193,30.8084087929,7.76761308211,0.0,597.0,17.1936626434,44.2857142857,72.0,29.0,10.6072751315,930.0
1193,30.5912409862,7.77745295214,0.0,594.0,15.3734674454,41.9047619048,62.0,24.0,12.0743727038,880.0
1193,30.6864215626,7.66678542329,0.0,596.0,18.8733329773,48.8571428571,70.0,33.0,10.5796300232,1026.0
1194,15.1751014721,6.9993400766,0.0,595.0,12.449886322,42.5714285714,57.0,26.0,7.99106644054,894.0
1194,15.1002723252,7.04550303963,0.0,596.0,12.079120636,42.5714285714,63.0,30.0,8.94187580193,894.0
1195,44.3443938191,22.5662970526,0.0,596.0,20.1655731201,48.1904761905,78.0,22.0,13.0177534453,1012.0
1195,44.3647647953,22.5498202728,0.0,595.0,17.9831562042,46.0952380952,61.0,29.0,9.92927369904,968.0
1195,44.3845572632,22.5666515072,0.0,601.0,20.3160362244,47.8095238095,77.0,33.0,11.9733831794,1004.0
1195,44.3740499296,22.5828539426,0.0,597.0,20.1029701233,50.4285714286,78.0,36.0,11.8977789044,1059.0
1195,44.3862324336,22.5427557872,0.0,600.0,13.7742195129,42.380952381,67.0,31.0,9.1075583472,890.0
1195,44.3701926769,22.6006703713,0.0,599.0,13.4369812012,41.380952381,65.0,18.0,12.812010734,869.0
1195,44.3978103055,22.5922670459,0.0,598.0,21.6299247742,47.7619047619,80.0,31.0,13.2246162965,1003.0
1196,5.76015241968,3.96259764008,0.0,599.0,15.7424058914,38.0,60.0,23.0,10.3730419839,798.0
1196,5.81357019894,4.11559877226,0.0,597.0,13.8179273605,36.9523809524,52.0,23.0,8.58181909898,776.0
1196,5.75492990047,4.01565184158,0.0,598.0,18.7802238464,39.1904761905,64.0,16.0,11.8769484617,823.0
1196,5.55333860341,4.03543756776,0.0,601.0,15.9363679886,36.9047619048,61.0,22.0,10.3145759094,775.0
1196,5.58417149895,3.96472150377,0.0,600.0,14.2492027283,39.3333333333,54.0,25.0,7.97705041562,826.0
1197,8.00139532325,8.04918750275,0.0,599.0,14.4573459625,36.0,59.0,21.0,10.5924501415,756.0
1197,8.02294048676,8.06083840616,0.0,598.0,12.3720397949,34.4761904762,49.0,23.0,8.58265138299,724.0
1198,30.0519003855,10.329902477,0.0,599.0,18.0195808411,44.1904761905,77.0,22.0,12.0524646758,928.0
1198,30.2433435892,10.4912096837,0.0,597.0,16.3917312622,45.4285714286,69.0,24.0,12.0854103305,954.0
1198,30.1957136862,10.3722125188,0.0,598.0,13.7839374542,40.9047619048,62.0,21.0,10.990472064,859.0
1198,30.286422495,10.4183725711,0.0,596.0,15.5996589661,46.0476190476,71.0,24.0,11.842618758,967.0
1199,14.9761748029,26.2546790008,0.0,597.0,12.210401535,39.8095238095,70.0,22.0,10.7266912308,836.0
1199,14.9316784157,26.2785417658,0.0,599.0,26.0556812286,47.380952381,97.0,26.0,17.582594207,995.0
1199,14.9424356946,26.2664729759,0.0,598.0,30.9794921875,53.2857142857,95.0,33.0,18.3797248542,1119.0
1200,41.5606228916,24.9907357441,0.0,597.0,24.2780780792,53.6666666667,94.0,40.0,13.3990049382,1127.0
1200,41.5313091724,25.0061902946,0.0,599.0,14.3271045685,46.7142857143,69.0,35.0,9.42413315453,981.0
1200,41.5697636231,24.9914736485,0.0,598.0,30.6522502899,56.7619047619,102.0,37.0,16.6189793968,1192.0
1201,33.0664815688,33.8443712349,0.0,596.0,15.9999675751,46.1428571429,73.0,32.0,11.9133778345,969.0
1201,33.0393515704,33.8631473161,0.0,597.0,13.6791400909,44.619047619,59.0,30.0,8.91333938811,937.0
1202,8.5889631904,36.5172650593,0.0,572.0,13.8712377548,36.3333333333,52.0,23.0,9.41983722435,763.0
1202,8.66800586281,36.5316826615,0.0,573.0,12.5561523438,39.1904761905,62.0,25.0,8.53591850722,823.0
1203,5.33730643016,33.1573302978,0.0,603.0,12.2577877045,35.4285714286,56.0,25.0,7.02546388911,744.0
1203,5.3225018943,33.1617309212,0.0,602.0,17.9347953796,40.5238095238,60.0,22.0,10.2986360632,851.0
1203,5.3305732306,33.1658072363,0.0,601.0,20.6655845642,40.0952380952,72.0,15.0,14.720410191,842.0
1203,5.33798278739,33.1223308323,0.0,604.0,12.5592250824,35.9047619048,54.0,21.0,8.40776285289,754.0
1203,5.32299746747,33.1675684464,0.0,600.0,17.8037548065,40.1428571429,68.0,21.0,12.5031424621,843.0
1204,18.7186993565,8.36240923487,0.0,600.0,15.9223213196,42.9047619048,68.0,24.0,12.5535045382,901.0
1204,18.9724050298,8.38243853818,0.0,604.0,24.9610157013,50.4285714286,89.0,36.0,15.2367038055,1059.0
1204,19.0673144164,8.40945671698,0.0,605.0,18.5481491089,47.380952381,74.0,23.0,12.167482034,995.0
1204,18.8631601808,8.19870856367,0.0,602.0,21.2782459259,44.8571428571,97.0,21.0,17.4335472991,942.0
1204,18.9424156745,8.45227298049,0.0,603.0,18.2999973297,47.8571428571,75.0,33.0,11.6115705841,1005.0
1204,18.940550566,8.20938007495,0.0,606.0,21.8063201904,48.7142857143,72.0,29.0,12.0960442176,1023.0
1204,18.8100219755,8.22613875861,0.0,601.0,15.3493509293,44.8571428571,59.0,29.0,9.46723673669,942.0
1205,15.5570503514,31.5635410136,0.0,603.0,20.3582820892,44.1904761905,78.0,23.0,14.0343116953,928.0
1205,15.5802441246,31.8291132134,0.0,607.0,19.9017887115,45.6666666667,79.0,27.0,12.4793162206,959.0
1205,15.533910819,31.6591557315,0.0,604.0,13.6582918167,39.2380952381,72.0,21.0,11.9117788844,824.0
1205,15.539189908,31.5832332429,0.0,602.0,23.1918621063,49.9523809524,90.0,29.0,13.9659449751,1049.0
1205,15.5424092857,31.8548701294,0.0,606.0,27.8950614929,50.619047619,89.0,29.0,15.5803600423,1063.0
1206,31.5379745462,12.6369118159,0.0,600.0,19.9538269043,49.7619047619,74.0,29.0,13.5495563097,1045.0
1206,31.5077628419,12.6690628912,0.0,599.0,18.3110275269,48.2857142857,71.0,27.0,11.811616558,1014.0
1206,31.5486517281,12.6394578397,0.0,602.0,21.1995067596,49.380952381,84.0,32.0,14.2740190223,1037.0
1206,31.5518284115,12.6451672808,0.0,601.0,23.7785205841,48.2857142857,81.0,17.0,16.7156898067,1014.0
1207,32.246776806,27.1053265289,0.0,601.0,19.3305454254,49.1904761905,78.0,33.0,11.3517357599,1033.0
1207,32.3814213217,27.0323097794,0.0,600.0,27.0170936584,55.1904761905,87.0,37.0,13.5558808184,1159.0
1207,32.1853930078,27.0220220736,0.0,602.0,16.651058197,46.5714285714,65.0,27.0,12.6908290847,978.0
1207,32.4861930307,27.2090920985,0.0,599.0,18.6480007172,46.8571428571,68.0,24.0,11.9678139787,984.0
1208,18.7207936802,35.9858564581,0.0,600.0,17.5395641327,43.4761904762,76.0,25.0,13.3514757522,913.0
1208,18.7588527916,35.9394641947,0.0,599.0,20.0098686218,44.4285714286,81.0,23.0,14.9015818911,933.0
1209,21.0093361271,9.99917120599,0.0,604.0,26.6335983276,50.9047619048,92.0,33.0,15.8679071144,1069.0
1209,21.2094919233,9.95941776006,0.0,600.0,16.9922294617,43.4761904762,62.0,24.0,10.9663988967,913.0
1209,21.084204635,9.88045862793,0.0,605.0,24.5591564178,48.0952380952,79.0,30.0,14.8959885939,1010.0
1209,20.9283266821,9.91698467471,0.0,603.0,21.5588378906,51.1428571429,78.0,32.0,13.8429971982,1074.0
1209,21.1167887143,9.85431071624,0.0,601.0,16.8020095825,43.9047619048,68.0,33.0,9.62758932394,922.0
1210,37.2594142996,27.6286024558,0.0,601.0,12.7610092163,42.9523809524,60.0,28.0,9.15137252261,902.0
1210,37.2890639649,27.8051061329,0.0,600.0,15.563952446,44.9523809524,82.0,26.0,12.6391304704,944.0
1211,13.0954746881,7.28611983245,0.0,604.0,12.2190103531,38.7142857143,58.0,28.0,8.2349429697,813.0
1211,13.1458547952,7.1995106947,0.0,605.0,17.9785289764,45.0952380952,72.0,27.0,12.0495010764,947.0
1211,13.1081674643,7.24937397455,0.0,606.0,15.9195289612,41.4761904762,68.0,28.0,9.41073348692,871.0
1212,19.7420219328,25.6922030625,0.0,604.0,14.6731748581,46.619047619,69.0,35.0,9.93718365774,979.0
1212,19.8497447579,25.6369662544,0.0,605.0,15.3332777023,43.9523809524,68.0,24.0,10.8557643235,923.0
1212,19.6502724603,25.7429565303,0.0,603.0,12.2561244965,43.8095238095,77.0,23.0,10.7592706427,920.0
1212,19.9176005197,25.5935629776,0.0,606.0,14.2535886765,44.8571428571,65.0,34.0,10.1798119545,942.0
1213,31.5607580761,24.8347890179,0.0,604.0,13.1983747482,44.9047619048,65.0,27.0,9.70517780314,943.0
1213,31.6118806668,24.9018316659,0.0,605.0,13.4133462906,41.2857142857,65.0,28.0,9.22031917638,867.0
1214,20.4762012137,24.1959932686,0.0,607.0,12.3591985703,42.8571428571,65.0,25.0,10.0014284694,900.0
1214,20.3382836551,24.1072224388,0.0,606.0,21.1246509552,47.9047619048,81.0,35.0,12.4816055133,1006.0
1214,20.4816959149,24.3703867187,0.0,608.0,14.1420545578,43.7142857143,63.0,26.0,9.5244047433,918.0
1215,26.9466737268,20.2342265825,0.0,607.0,17.3642902374,44.380952381,80.0,28.0,13.2720615975,932.0
1215,26.9571774031,20.2367581379,0.0,605.0,13.4129228592,42.0,70.0,31.0,10.6817601546,882.0
1215,26.9326087851,20.2773709446,0.0,606.0,13.8756513596,42.4761904762,66.0,27.0,10.6283538124,892.0
1216,7.99863981455,8.04265051354,0.0,607.0,18.4371376038,38.8095238095,73.0,26.0,12.106275429,815.0
1216,8.09581346304,8.09220995253,0.0,608.0,12.2429265976,36.4761904762,62.0,24.0,9.36813240523,766.0
1217,30.784543255,7.77980924063,0.0,607.0,17.2735652924,45.9523809524,77.0,33.0,9.99738060932,965.0
1217,30.773696907,7.81507709788,0.0,608.0,13.9875679016,43.619047619,58.0,31.0,9.32993135278,916.0
1217,30.8030785285,7.87267762567,0.0,609.0,12.0936450958,43.8095238095,61.0,30.0,7.93485379587,920.0
1218,15.9270463929,30.0387011479,0.0,568.0,22.1045570374,47.380952381,86.0,29.0,15.0481766021,995.0
1218,15.961197875,30.0186766905,0.0,567.0,13.7552709579,39.0,64.0,25.0,10.5735519103,819.0
1219,19.0231074746,8.40269682596,0.0,612.0,16.6750087738,42.1904761905,67.0,26.0,11.0572105326,886.0
1219,19.0906443452,8.42568179406,0.0,613.0,12.1086378098,41.619047619,59.0,27.0,9.17865017569,874.0
1220,8.02496185518,8.06532066804,0.0,612.0,32.8780136108,48.2380952381,99.0,28.0,20.2210404329,1013.0
1220,8.05092416643,8.07341608112,0.0,614.0,21.8532905579,41.2380952381,69.0,25.0,13.1335629663,866.0
1220,8.06314093298,8.08130185995,0.0,613.0,19.1793899536,39.1428571429,69.0,22.0,13.3052084324,822.0
1221,19.9319128573,25.5096913605,0.0,616.0,17.6637458801,50.1428571429,70.0,31.0,9.53040247988,1053.0
1221,19.9523707243,25.4382978871,0.0,612.0,14.3414592743,40.7619047619,59.0,27.0,10.6155770541,856.0
1221,19.9702897939,25.5305729588,0.0,614.0,16.5329589844,48.5714285714,65.0,27.0,10.9707403058,1020.0
1221,19.9421253059,25.6129006634,0.0,617.0,15.6517801285,45.380952381,74.0,28.0,10.2003734759,953.0
1221,19.968386826,25.4136145583,0.0,615.0,18.1739807129,42.7619047619,89.0,28.0,13.4309521699,898.0
1221,19.9638584083,25.5574645255,0.0,613.0,13.4245195389,45.0,61.0,27.0,9.54463199919,945.0
1222,31.5979448436,24.8813863642,0.0,612.0,14.7273550034,43.8571428571,66.0,25.0,10.0313793383,921.0
1222,31.6241520404,24.8945938019,0.0,611.0,18.0124721527,46.619047619,73.0,29.0,12.0311104661,979.0
1222,31.7434057546,24.9673950473,0.0,613.0,13.1881971359,44.2857142857,77.0,31.0,10.2085398424,930.0
1223,13.0280463407,6.86345518334,0.0,614.0,18.5347232819,44.0952380952,75.0,24.0,11.1977888974,926.0
1223,13.1173901302,6.99718901702,0.0,613.0,27.6762294769,47.9047619048,93.0,32.0,16.8698096074,1006.0
1223,13.0876713501,7.17788408637,0.0,612.0,14.6480674744,39.8095238095,65.0,23.0,11.9692065218,836.0
1224,15.6009184618,32.475466666,0.0,566.0,13.768538475,43.5714285714,63.0,24.0,9.7034603548,915.0
1224,15.5646677094,32.5046839885,0.0,565.0,12.3367757797,41.8571428571,61.0,21.0,8.70221646643,879.0
1225,20.3962541667,24.2442359547,0.0,614.0,20.8603610992,49.5714285714,86.0,31.0,14.7701436302,1041.0
1225,20.3315203315,24.2165242165,0.0,615.0,15.1074438095,45.7142857143,65.0,31.0,10.445778368,960.0
1225,20.3113569924,24.2908138328,0.0,616.0,15.3943223953,45.7142857143,61.0,29.0,9.97568472408,960.0
1226,10.0134593749,29.3757433527,0.0,627.0,14.5424423218,41.2857142857,66.0,25.0,9.38159291988,867.0
1226,9.96288481295,29.3568828133,0.0,623.0,13.6080150604,38.2857142857,65.0,25.0,9.50864268517,804.0
1226,9.96265335764,29.3551189287,0.0,615.0,19.3420524597,42.2857142857,77.0,26.0,12.3456180775,888.0
1226,9.97492645127,29.432582175,0.0,624.0,13.8089818954,38.5238095238,55.0,22.0,9.28772871922,809.0
1226,9.98650509881,29.3963910636,0.0,621.0,21.6196479797,42.2380952381,69.0,26.0,13.6047960731,887.0
1226,9.98549970667,29.3971321467,0.0,616.0,16.817243576,38.2857142857,65.0,18.0,11.9755703711,804.0
1226,9.97022830449,29.3901644309,0.0,628.0,14.9408826828,40.6666666667,74.0,28.0,10.8320512062,854.0
1226,9.97886282491,29.3681449808,0.0,620.0,15.1620864868,39.4285714286,66.0,19.0,10.656319386,828.0
1226,9.99860968545,29.3799296202,0.0,625.0,18.1929130554,41.0476190476,69.0,24.0,12.2860741918,862.0
1226,9.96960615294,29.3698123426,0.0,629.0,18.1951389313,40.6666666667,68.0,25.0,11.5859109842,854.0
1226,9.95335748241,29.3923605866,0.0,626.0,17.5148010254,40.8095238095,63.0,24.0,11.7116140972,857.0
1226,9.93245939258,29.3658552677,0.0,617.0,14.3538990021,39.4285714286,63.0,24.0,10.3902426756,828.0
1226,9.96699019358,29.3918918155,0.0,622.0,16.1151046753,41.4761904762,76.0,28.0,11.4961691342,871.0
1226,9.99877910195,29.3466919072,0.0,630.0,13.878619194,41.5714285714,59.0,23.0,9.84668181964,873.0
1226,9.98556132652,29.3384203815,0.0,618.0,17.1541824341,40.4761904762,74.0,26.0,13.7608831389,850.0
1227,4.662004662,39.4975394975,0.0,616.0,16.4947166443,41.5714285714,63.0,24.0,11.9229670325,873.0
1227,4.662004662,39.4975394975,0.0,614.0,15.671579361,39.8571428571,62.0,26.0,10.9329123032,837.0
1227,4.5325045325,39.4975394975,0.0,617.0,18.8787403107,39.4761904762,68.0,21.0,14.493512506,829.0
1227,4.5325045325,39.4975394975,0.0,615.0,20.9593372345,44.4761904762,77.0,24.0,12.8281684103,934.0
1228,18.6178776679,35.3917975493,0.0,618.0,20.3715782166,45.8571428571,71.0,24.0,12.9857064278,963.0
1228,18.6176277097,35.2417787426,0.0,616.0,19.0639362335,46.0,70.0,28.0,11.5108644332,966.0
1228,18.4351661582,35.2704628853,0.0,620.0,20.7957687378,47.7619047619,72.0,28.0,13.4235046165,1003.0
1228,18.5933101846,35.2495833707,0.0,617.0,16.0748558044,44.7142857143,70.0,28.0,10.3447709358,939.0
1228,18.5110931161,35.2057951351,0.0,623.0,18.5862560272,42.0476190476,62.0,25.0,11.842618758,883.0
1228,18.4783372124,35.2276417741,0.0,621.0,21.6302566528,44.6666666667,75.0,18.0,14.6742404687,938.0
1228,18.5579556133,35.2980223245,0.0,622.0,13.8101701736,41.619047619,63.0,29.0,10.2003734759,874.0
1229,23.6162241512,18.9031236796,0.0,617.0,16.4352855682,45.3333333333,77.0,31.0,11.79547936,952.0
1229,23.5599766675,18.8245020339,0.0,623.0,19.1052455902,47.7142857143,75.0,30.0,12.8418957212,1002.0
1229,23.6820722133,18.808539525,0.0,619.0,20.228477478,47.8095238095,83.0,26.0,14.6000652314,1004.0
1229,23.5939850099,18.8844691445,0.0,622.0,13.3545341492,43.4761904762,63.0,29.0,10.2548478663,913.0
1229,23.6824865985,18.840682117,0.0,616.0,15.2688007355,44.5714285714,72.0,31.0,9.82125973881,936.0
1229,23.6845211064,18.8027378168,0.0,621.0,20.5185585022,49.6666666667,82.0,34.0,12.8348483954,1043.0
1229,23.6230942093,18.8342224897,0.0,624.0,13.888176918,47.8095238095,65.0,25.0,10.9252873995,1004.0
1229,23.6482550518,18.8781724412,0.0,618.0,16.3464355469,45.380952381,63.0,26.0,11.9686097375,953.0
1230,11.4409637578,31.4682359755,0.0,618.0,14.3118934631,38.9047619048,70.0,25.0,11.9033808723,817.0
1230,11.385608507,31.4513959169,0.0,619.0,12.6647195816,39.5714285714,58.0,25.0,9.43170943452,831.0
1231,7.91347462575,36.7620464718,0.0,618.0,13.4724912643,37.8095238095,53.0,19.0,9.87227961324,794.0
1231,7.97660689777,36.6735561786,0.0,619.0,12.0742168427,39.5714285714,51.0,24.0,7.9534359152,831.0
1231,7.89167111786,36.6701249198,0.0,617.0,12.0899324417,37.1428571429,52.0,18.0,8.42784500502,780.0
1232,5.29476822693,26.4055738376,0.0,620.0,13.9301271439,36.8571428571,59.0,23.0,9.05144029581,774.0
1232,5.34670577185,26.3603337325,0.0,619.0,12.6713008881,35.619047619,64.0,18.0,10.5473986863,748.0
1232,5.33561122001,26.3041335234,0.0,617.0,22.6522350311,42.7142857143,79.0,25.0,14.9102074336,897.0
1232,5.38131095222,26.3371021919,0.0,618.0,29.1021595001,49.7619047619,97.0,28.0,17.2710878693,1045.0
1233,11.4940550012,24.0907174761,0.0,620.0,14.3605995178,41.5238095238,58.0,30.0,7.97884106634,872.0
1233,11.5398939372,24.0829801458,0.0,619.0,13.7453622818,39.2857142857,70.0,23.0,9.52965296925,825.0
1234,4.5325045325,39.4975394975,0.0,621.0,22.8982048035,40.6666666667,73.0,24.0,14.8570970695,854.0
1234,4.403004403,39.4975394975,0.0,622.0,19.7693042755,41.4761904762,67.0,25.0,11.792451177,871.0
1234,4.403004403,39.4975394975,0.0,624.0,17.9521408081,42.0,73.0,31.0,12.3125951773,882.0
1234,4.2735042735,39.4975394975,0.0,625.0,13.5862617493,37.4761904762,67.0,26.0,10.9663988967,787.0
1235,19.0361318601,8.3800727932,0.0,620.0,24.3012466431,48.5238095238,79.0,23.0,14.1443241182,1019.0
1235,18.7634685687,8.2929030449,0.0,623.0,12.7649440765,41.8571428571,58.0,29.0,8.46336643591,879.0
1235,18.781528531,8.26981821222,0.0,625.0,25.3919277191,48.7142857143,101.0,27.0,16.8349127029,1023.0
1235,19.0375505406,8.32945712546,0.0,629.0,20.6180343628,47.9523809524,80.0,32.0,12.068455537,1007.0
1235,19.0255907243,8.30758124073,0.0,622.0,16.10572052,44.7619047619,77.0,30.0,11.827530435,940.0
1235,19.1756726662,8.43241770958,0.0,630.0,15.98832798,44.3333333333,64.0,21.0,10.0962039071,931.0
1235,18.9297751474,8.23241712921,0.0,626.0,18.4800510406,44.7619047619,73.0,30.0,13.1753738539,940.0
1235,18.9701614677,8.362266219,0.0,621.0,17.4993801117,44.0,75.0,25.0,13.4907375632,924.0
1235,19.1788925452,8.29332566244,0.0,628.0,13.697892189,41.8095238095,58.0,27.0,9.23915065154,878.0
1235,18.79459052,8.33533222407,0.0,624.0,13.2764139175,40.4285714286,58.0,23.0,9.48984419562,849.0
1235,19.1342589365,8.23618544961,0.0,627.0,21.0495948792,47.2857142857,79.0,27.0,15.3040610857,993.0
1236,20.4036827152,24.4094928568,0.0,623.0,14.6136960983,47.1428571429,72.0,24.0,10.919183643,990.0
1236,20.2678648475,24.3178105526,0.0,622.0,18.9081401825,47.5714285714,78.0,27.0,13.2912430892,999.0
1237,40.5436905095,10.6260376631,0.0,609.0,24.1726608276,49.1428571429,79.0,32.0,14.6911051806,1032.0
1237,40.5329187061,10.640773355,0.0,608.0,16.4509487152,43.3333333333,74.0,28.0,11.2974923471,910.0
1238,11.5010385643,24.1355121337,0.0,609.0,13.0919780731,40.8571428571,60.0,21.0,10.5985174165,858.0
1238,11.5450465206,24.0173241722,0.0,608.0,14.666059494,40.3333333333,60.0,22.0,10.0813358903,847.0
1239,17.0007559119,6.00637180938,0.0,626.0,12.9004793167,37.7619047619,62.0,20.0,11.130609875,793.0
1239,17.0613776512,5.97808911011,0.0,628.0,13.8814868927,39.6666666667,64.0,22.0,10.194769901,833.0
1239,17.0109518271,5.96607103547,0.0,627.0,13.3174057007,42.1904761905,58.0,32.0,8.33438088654,886.0
1240,7.97634367181,36.6784026054,0.0,627.0,20.7616119385,43.8571428571,73.0,25.0,13.8682576926,921.0
1240,7.97511349806,36.7517144479,0.0,626.0,15.3435821533,38.9523809524,59.0,25.0,10.7260253145,818.0
1241,18.3930756407,35.1369637981,0.0,631.0,14.2516727448,38.4761904762,64.0,21.0,11.0526876714,808.0
1241,18.5919416581,35.1116030104,0.0,627.0,13.7832546234,42.4761904762,67.0,17.0,10.9800685226,892.0
1241,18.4893030501,35.0999528231,0.0,629.0,13.5151462555,43.5714285714,62.0,23.0,8.96421457001,915.0
1241,18.4336500846,35.0934368094,0.0,632.0,20.249370575,44.5714285714,79.0,28.0,12.8630145323,936.0
1241,18.3858873449,35.1597742501,0.0,626.0,13.0161714554,39.9047619048,56.0,27.0,7.50935923967,838.0
1241,18.500418586,35.1289676544,0.0,630.0,18.4978561401,43.2857142857,74.0,22.0,12.9774529748,909.0
1242,13.0985716018,6.86950388603,0.0,634.0,13.6281270981,39.9047619048,60.0,28.0,7.82882342313,838.0
1242,12.9689190612,6.7766765566,0.0,631.0,14.7811403275,42.5714285714,65.0,27.0,9.52140445823,894.0
1242,13.0536164398,6.84855951431,0.0,632.0,18.1985855103,42.2380952381,65.0,28.0,10.6108659491,887.0
1242,12.8628007341,6.81155817812,0.0,629.0,14.2243652344,41.2857142857,69.0,25.0,11.0866715345,867.0
1242,12.864666789,6.89320741682,0.0,628.0,15.5341491699,42.4761904762,65.0,25.0,10.3904718258,892.0
1242,13.1303062337,6.84087985996,0.0,633.0,18.8168849945,43.0476190476,80.0,27.0,13.7785202053,904.0
1242,12.9362911335,6.83272101867,0.0,627.0,14.5983695984,44.2857142857,68.0,23.0,10.626113387,930.0
1243,34.4918695015,17.5280732782,0.0,627.0,14.5730934143,45.2857142857,74.0,31.0,11.8749436089,951.0
1243,34.4834148098,17.2953662054,0.0,629.0,18.146528244,48.0,79.0,34.0,11.903780912,1008.0
1243,34.2357290191,17.3919988932,0.0,630.0,16.3357143402,47.6666666667,70.0,27.0,11.905180945,1001.0
1243,34.3573605179,17.3770812144,0.0,628.0,16.6822776794,48.0,71.0,31.0,10.0199800399,1008.0
1244,39.2417486959,12.2647910879,0.0,627.0,12.7702465057,44.0476190476,68.0,26.0,8.92455147599,925.0
1244,39.256296887,12.2179441977,0.0,628.0,12.8954029083,39.8571428571,68.0,28.0,9.13939666655,837.0
1245,13.8734650952,25.5065873176,0.0,628.0,12.0974931717,40.4285714286,70.0,22.0,10.6844346063,849.0
1245,13.8576021136,25.5389047126,0.0,627.0,13.5499258041,39.4761904762,64.0,25.0,10.9390083994,829.0
1246,8.08782608535,0.800191296795,0.0,628.0,18.139799118,40.1904761905,64.0,27.0,11.461322121,844.0
1246,8.03463488959,0.846774609304,0.0,627.0,13.7691850662,39.1428571429,64.0,28.0,9.15579441821,822.0
1247,27.4847059512,38.3493705214,0.0,629.0,20.0164146423,47.0952380952,75.0,35.0,11.7426775563,989.0
1247,27.5698930108,38.4042235055,0.0,630.0,28.6932945251,56.7619047619,96.0,37.0,17.2188988089,1192.0
1248,34.0016065415,32.6464735381,0.0,632.0,16.5168018341,45.8571428571,69.0,28.0,11.0285344189,963.0
1248,34.0076090719,32.6457413154,0.0,634.0,18.6026535034,44.6666666667,70.0,25.0,12.9589094191,938.0
1248,33.9118060129,32.706040869,0.0,633.0,14.6581611633,43.1428571429,70.0,24.0,12.7211859285,906.0
1249,39.1556553128,12.2619996131,0.0,631.0,21.973400116,48.8095238095,78.0,28.0,14.6308545465,1025.0
1249,39.0147871039,12.329762257,0.0,634.0,28.1206970215,56.0476190476,98.0,33.0,16.2372294141,1177.0
1249,39.0007716248,12.3217934512,0.0,636.0,24.3894805908,52.4761904762,91.0,37.0,14.3757401466,1102.0
1249,39.081650822,12.2675081895,0.0,638.0,22.4757785797,47.9047619048,77.0,30.0,15.0728390222,1006.0
1249,39.0245271441,12.4309484278,0.0,641.0,33.8091239929,60.5238095238,116.0,35.0,19.6025994389,1271.0
1249,39.1133272877,12.2632510117,0.0,632.0,18.8074111938,49.0,77.0,37.0,10.1044544633,1029.0
1249,38.9961058641,12.1826247692,0.0,635.0,20.1184482574,52.0952380952,81.0,30.0,12.3000193573,1094.0
1249,39.0782373163,12.4088634199,0.0,639.0,18.4921035767,48.7142857143,81.0,31.0,11.5807722417,1023.0
1249,39.1232717034,12.255292231,0.0,637.0,22.8502883911,50.5238095238,74.0,30.0,13.4298884866,1061.0
1249,38.9535591618,12.5092676673,0.0,642.0,29.7468795776,57.0476190476,100.0,30.0,18.1672127485,1198.0
1249,39.1347086623,12.2204931814,0.0,633.0,20.7904186249,49.0,78.0,25.0,12.9884564133,1029.0
1249,39.1710046364,12.4811667008,0.0,640.0,22.6811237335,51.619047619,79.0,27.0,15.5867770577,1084.0
1250,27.6242440549,38.3126792658,0.0,633.0,26.9174823761,52.0952380952,107.0,31.0,18.0745809409,1094.0
1250,27.6402014485,38.3449270284,0.0,634.0,17.5183792114,48.9047619048,72.0,23.0,13.3600327915,1027.0
1250,27.5860016014,38.2899638378,0.0,635.0,13.971871376,44.8095238095,65.0,34.0,8.5183275801,941.0
1251,37.1760871729,18.6468605157,0.0,640.0,20.4961967468,48.7619047619,77.0,28.0,13.4940904173,1024.0
1251,37.1960998922,18.5729883573,0.0,636.0,20.5234184265,49.0476190476,86.0,26.0,14.1048792638,1030.0
1251,37.2568888179,18.5560201761,0.0,641.0,18.168510437,45.1428571429,77.0,31.0,12.0718089543,948.0
1251,37.0582862003,18.4845839819,0.0,646.0,16.4627418518,46.4761904762,66.0,28.0,11.5741913222,976.0
1251,37.1839065019,18.532467402,0.0,637.0,24.6381092072,50.8095238095,87.0,34.0,15.0053958549,1067.0
1251,37.0559998662,18.476905221,0.0,645.0,20.9960956573,48.5238095238,84.0,25.0,14.7973614122,1019.0
1251,37.2552314321,18.5200609866,0.0,633.0,20.2902069092,47.0,86.0,32.0,13.0537350977,987.0
1251,36.9136343636,18.4024078485,0.0,647.0,21.4308681488,49.8571428571,89.0,34.0,12.2690085756,1047.0
1251,37.2807693113,18.5780648116,0.0,638.0,18.6917419434,46.7619047619,75.0,32.0,12.0536499116,982.0
1251,37.2097035047,18.5293871795,0.0,643.0,27.1945381165,50.9523809524,94.0,26.0,17.6874989483,1070.0
1251,37.1947924601,18.5468553687,0.0,634.0,26.7766304016,48.7619047619,88.0,26.0,16.4344295974,1024.0
1251,36.8886156969,18.3589529063,0.0,648.0,22.8884677887,56.0952380952,85.0,32.0,12.0991932041,1178.0
1251,37.2077198556,18.5081895161,0.0,635.0,26.1603889465,53.2857142857,89.0,31.0,16.953297193,1119.0
1251,37.1765390368,18.5224101944,0.0,644.0,22.5486984253,48.5238095238,80.0,29.0,12.9715806578,1019.0
1252,2.62407294342,21.1098932158,0.0,604.0,14.4003810883,34.380952381,65.0,17.0,10.3994047449,722.0
1252,2.59540802228,21.0725279225,0.0,603.0,17.573589325,38.9047619048,70.0,22.0,11.7681976611,817.0
1253,14.9131081448,0.92572618477,0.0,638.0,12.8675289154,38.7619047619,72.0,24.0,10.1188179246,814.0
1253,14.8935220332,0.902347668787,0.0,639.0,16.1677207947,40.2857142857,73.0,24.0,12.1414284874,846.0
1253,14.8542643811,0.930374817615,0.0,640.0,18.6995925903,41.6666666667,76.0,26.0,13.8287140882,875.0
1254,29.775170929,15.9053569008,0.0,640.0,24.9512348175,50.7619047619,100.0,32.0,15.8962409453,1066.0
1254,29.8004547093,15.8377712551,0.0,636.0,23.3585186005,48.9047619048,98.0,30.0,16.3245360176,1027.0
1254,29.8514529238,15.8485739254,0.0,638.0,33.0252571106,58.7142857143,104.0,34.0,20.4331663164,1233.0
1254,29.6725908128,16.064379971,0.0,643.0,22.6652851105,49.2380952381,84.0,28.0,14.5839115532,1034.0
1254,29.6914047856,16.0094821604,0.0,646.0,16.4039134979,47.5714285714,70.0,30.0,10.3950537688,999.0
1254,29.6741861481,16.0223683023,0.0,642.0,18.2296485901,49.6666666667,88.0,33.0,12.8348483954,1043.0
1254,29.6685657264,16.0724153812,0.0,645.0,20.8042430878,49.0,80.0,27.0,12.9807549857,1029.0
1254,29.6318991484,16.0589381463,0.0,639.0,15.2395906448,46.9047619048,66.0,34.0,7.98063131528,985.0
1254,29.8990330777,15.8528880519,0.0,635.0,12.0422077179,43.619047619,62.0,32.0,9.15683455391,916.0
1254,29.7055515532,16.0369723271,0.0,644.0,18.8482112885,48.0952380952,83.0,26.0,12.6921423011,1010.0
1255,14.4797944061,28.4111084083,0.0,634.0,14.6003856659,41.3333333333,68.0,27.0,11.1773580659,868.0
1255,14.3396090282,28.433890171,0.0,638.0,12.1689815521,42.8571428571,63.0,32.0,9.38235425832,900.0
1255,14.520809233,28.3752632893,0.0,639.0,12.7389726639,39.1428571429,65.0,16.0,11.2173335258,822.0
1255,14.5087809056,28.3708320484,0.0,635.0,16.4891643524,43.8571428571,70.0,28.0,11.1994897843,921.0
1255,14.4941594683,28.3625156563,0.0,637.0,15.633061409,42.380952381,64.0,23.0,11.8594948901,890.0
1256,23.4921178995,18.886266029,0.0,641.0,14.1064357758,41.2380952381,67.0,23.0,11.2022531747,866.0
1256,23.5280846876,18.917980112,0.0,643.0,14.5992021561,44.5714285714,70.0,26.0,10.1122273935,936.0
1256,23.5523297584,18.7597651934,0.0,642.0,19.0055122375,48.3333333333,78.0,31.0,11.0332829808,1015.0
1257,14.4977589534,28.4659025926,0.0,644.0,16.5467758179,43.0952380952,79.0,25.0,11.3265385794,905.0
1257,14.4925008558,28.4771030616,0.0,645.0,14.6416969299,41.1428571429,64.0,22.0,10.3984889012,864.0
1258,12.4680403013,38.8482231163,0.0,645.0,19.2234706879,44.380952381,77.0,27.0,14.172071798,932.0
1258,12.3772312743,38.869649843,0.0,644.0,13.9533920288,42.9523809524,63.0,33.0,8.71479311559,902.0
1258,12.564313619,38.9136172149,0.0,647.0,20.7161941528,46.3333333333,78.0,27.0,14.5853808086,973.0
1258,12.5580488507,38.9145172816,0.0,646.0,12.2479305267,42.380952381,61.0,31.0,7.26963678925,890.0
1258,12.4213252066,38.9055849845,0.0,643.0,19.9510631561,45.9523809524,76.0,25.0,13.2758283752,965.0
1258,12.4288351352,38.8284997658,0.0,648.0,17.2957859039,42.0952380952,60.0,24.0,10.7466495332,884.0
1259,20.852775265,10.1496198977,0.0,645.0,12.2496423721,40.5714285714,61.0,29.0,8.72680599401,852.0
1259,20.8071461985,10.1498034862,0.0,644.0,14.0961933136,44.4285714286,64.0,29.0,10.9889554944,933.0
1260,16.3356475768,32.0343163593,0.0,644.0,13.8229465485,40.7619047619,73.0,22.0,11.759697113,856.0
1260,16.3128453884,32.0440374333,0.0,643.0,15.1836051941,42.3333333333,65.0,21.0,11.0423427466,889.0
1261,29.8110007349,37.83562309,0.0,645.0,18.8053741455,47.0,74.0,33.0,11.5282262296,987.0
1261,30.0160317597,37.7918722272,0.0,646.0,19.6041069031,47.6666666667,73.0,31.0,11.7231963787,1001.0
1262,15.6152810625,36.7346788486,0.0,646.0,13.5298881531,40.8571428571,65.0,23.0,10.8640955182,858.0
1262,15.6744678508,36.762146788,0.0,645.0,12.7548294067,39.9047619048,63.0,26.0,9.45994060185,838.0
1263,23.5905486549,18.5006033137,0.0,650.0,17.4703350067,44.5238095238,71.0,29.0,11.6043916153,935.0
1263,23.7709416675,18.5070490541,0.0,651.0,12.6772670746,44.2380952381,67.0,29.0,8.44336877025,929.0
1263,23.5586617288,18.6339708395,0.0,649.0,18.0906677246,46.4285714286,75.0,30.0,12.3756673702,975.0
1264,16.3532673555,32.0414034814,0.0,652.0,20.3685760498,47.3333333333,74.0,30.0,13.7416641399,994.0
1264,16.3316106738,32.023939741,0.0,657.0,15.1276597977,42.9047619048,63.0,30.0,9.80257497755,901.0
1264,16.3221704282,32.0208056512,0.0,650.0,16.1096687317,43.0952380952,69.0,28.0,9.93430803783,905.0
1264,16.3330123634,32.0668960026,0.0,655.0,12.3076848984,39.5714285714,74.0,29.0,10.6375346231,831.0
1264,16.3133141789,32.0231864768,0.0,658.0,14.6403713226,42.4761904762,66.0,28.0,9.70370572317,892.0
1264,16.3026805159,32.0251255095,0.0,651.0,14.409693718,43.2857142857,62.0,32.0,8.85518411521,909.0
1264,16.3548031598,32.0698751449,0.0,653.0,15.9171600342,44.4285714286,68.0,30.0,10.9296451387,933.0
1264,16.3551692706,32.0324984758,0.0,656.0,15.7943124771,40.0952380952,73.0,28.0,11.9954356399,842.0
1264,16.3105121104,31.9858391548,0.0,649.0,14.5842380524,41.3333333333,72.0,29.0,10.5229907029,868.0
1265,26.0831410566,14.1831862663,0.0,655.0,24.5945072174,55.619047619,86.0,31.0,16.3965733935,1168.0
1265,26.1076888649,14.1522385322,0.0,653.0,17.4265594482,49.4761904762,75.0,33.0,10.5100858589,1039.0
1265,26.0975620922,14.1691124408,0.0,654.0,35.6344261169,62.9047619048,111.0,38.0,21.5009412862,1321.0
1266,30.1911340714,11.5590733706,0.0,655.0,13.0372200012,43.0476190476,61.0,29.0,9.13496683342,904.0
1266,30.1681067391,11.5433617675,0.0,656.0,14.9738140106,44.5714285714,73.0,33.0,9.73946317089,936.0
1266,30.1671319309,11.5331848253,0.0,653.0,13.0311937332,42.380952381,57.0,27.0,9.05801407857,890.0
1266,30.2548934892,11.4725744049,0.0,658.0,18.9967002869,46.7619047619,81.0,30.0,14.5564582296,982.0
1266,30.2398083847,11.506222557,0.0,660.0,15.8647518158,47.4761904762,73.0,33.0,10.5575520251,997.0
1266,30.1842241401,11.5453419792,0.0,654.0,12.6274843216,42.1904761905,59.0,27.0,9.73970763226,886.0
1266,30.2976839839,11.539316873,0.0,659.0,17.6964588165,49.9523809524,71.0,33.0,10.9566244367,1049.0
1266,30.201073377,11.500089717,0.0,657.0,17.2576026917,48.8095238095,77.0,27.0,12.9484325214,1025.0
1267,36.8211242339,18.2092553888,0.0,653.0,20.5018291473,49.8095238095,79.0,33.0,13.5041439848,1046.0
1267,36.8372622547,18.3343917333,0.0,651.0,17.4965896606,46.3333333333,77.0,34.0,12.2936297867,973.0
1267,36.8039400291,18.0620226572,0.0,654.0,17.7469863892,47.8571428571,79.0,34.0,11.8965781395,1005.0
1267,36.8699180022,18.2579638047,0.0,652.0,26.5514144897,54.1428571429,104.0,35.0,16.0850418535,1137.0
1268,14.8925148925,39.4975394975,0.0,654.0,68.0262756348,97.7142857143,185.0,53.0,42.1641350642,2052.0
1268,14.8925148925,39.4975394975,0.0,663.0,65.4262695312,91.7142857143,176.0,46.0,39.9063188695,1926.0
1268,14.8925148925,39.4975394975,0.0,655.0,75.588432312,103.333333333,212.0,52.0,46.2248129616,2170.0
1268,14.8925148925,39.4975394975,0.0,659.0,53.9465026855,81.7142857143,136.0,43.0,31.2316231681,1716.0
1268,14.8925148925,39.4975394975,0.0,670.0,62.8459358215,97.2380952381,184.0,43.0,41.5558717414,2042.0
1268,14.8925148925,39.4975394975,0.0,656.0,73.6629333496,100.0,211.0,48.0,46.5381563881,2100.0
1268,14.8925148925,39.4975394975,0.0,667.0,53.3067169189,86.7142857143,146.0,48.0,34.2682693715,1821.0
1268,14.8925148925,39.4975394975,0.0,660.0,69.4468994141,98.1428571429,213.0,50.0,47.9075001584,2061.0
1268,14.8925148925,39.4975394975,0.0,664.0,89.7562332153,119.238095238,208.0,52.0,52.3477838709,2504.0
1268,14.8925148925,39.4975394975,0.0,668.0,35.2686347961,63.8571428571,132.0,30.0,27.9594093541,1341.0
1268,14.8925148925,39.4975394975,0.0,652.0,13.454908371,45.0952380952,61.0,23.0,11.1126268807,947.0
1268,14.8925148925,39.4975394975,0.0,657.0,51.6400947571,80.0476190476,136.0,35.0,30.452382814,1681.0
1268,14.8925148925,39.4975394975,0.0,661.0,74.4876327515,100.666666667,217.0,35.0,48.4905489073,2114.0
1268,14.8925148925,39.4975394975,0.0,665.0,60.7901649475,91.0476190476,180.0,41.0,38.3998387893,1912.0
1268,14.8925148925,39.4975394975,0.0,653.0,60.2682914734,90.4285714286,164.0,41.0,36.6026931093,1899.0
1268,14.8925148925,39.4975394975,0.0,658.0,61.998966217,91.7142857143,171.0,48.0,36.6089372383,1926.0
1268,14.8925148925,39.4975394975,0.0,662.0,48.8007164001,77.380952381,152.0,31.0,34.1210729469,1625.0
1268,14.8925148925,39.4975394975,0.0,669.0,60.4936676025,89.4761904762,173.0,40.0,40.8676143757,1879.0
1268,14.8925148925,39.4975394975,0.0,666.0,54.507434845,92.1428571429,167.0,44.0,34.2655595522,1935.0
1269,13.8550012793,25.6578549598,0.0,655.0,12.5078344345,40.7142857143,68.0,25.0,10.8634380246,855.0
1269,13.8470705115,25.8305050272,0.0,657.0,16.2558765411,41.8095238095,70.0,26.0,12.2703669367,878.0
1269,13.8535828693,25.7940249148,0.0,656.0,17.0756130219,41.4285714286,69.0,29.0,11.2941198354,870.0
1270,8.01563238861,0.798133872433,0.0,658.0,14.5050086975,35.7142857143,59.0,20.0,10.1298709624,750.0
1270,8.06309826725,0.751336634652,0.0,656.0,15.1712379456,37.9523809524,58.0,23.0,9.54188760401,797.0
1270,8.06301716969,0.79254409582,0.0,657.0,13.647069931,38.0,59.0,26.0,9.41806774238,798.0
1271,26.8094815488,18.6907693075,0.0,657.0,12.182759285,44.0952380952,64.0,26.0,10.2171657611,926.0
1271,26.8466485957,18.6354240077,0.0,656.0,16.003036499,46.619047619,76.0,31.0,11.4126078986,979.0
1272,34.106164186,17.2808879147,0.0,657.0,12.4449901581,44.9047619048,68.0,31.0,9.3000256016,943.0
1272,34.3736258595,17.3426318223,0.0,661.0,23.8337421417,51.5714285714,89.0,31.0,15.8321553447,1083.0
1272,34.2535273791,17.3416683268,0.0,658.0,12.3326292038,44.1428571429,71.0,31.0,9.41958446157,927.0
1272,34.4996410736,17.2494146008,0.0,660.0,14.8925666809,44.0476190476,71.0,32.0,10.6839889109,925.0
1272,34.2949886832,17.3243196728,0.0,662.0,18.762468338,46.5238095238,79.0,28.0,12.0980124302,977.0
1272,34.3403187826,17.3660499278,0.0,659.0,14.7611551285,48.3333333333,67.0,31.0,9.95154929312,1015.0
1273,37.5526126584,14.4319598162,0.0,661.0,15.7585134506,44.0476190476,79.0,31.0,11.4998964799,925.0
1273,37.6219545486,14.4952172217,0.0,660.0,13.5016975403,43.5714285714,65.0,20.0,11.0660355529,915.0
1274,31.6971995966,35.1824610423,0.0,652.0,15.6859836578,46.7619047619,70.0,34.0,10.0195047877,982.0
1274,31.6872715476,35.1591918421,0.0,651.0,17.21509552,47.4285714286,78.0,31.0,11.0976187922,996.0
1275,35.2904223119,13.9110935998,0.0,665.0,18.3984222412,49.0952380952,78.0,29.0,12.9108665933,1031.0
1275,35.2723006343,13.9827855931,0.0,664.0,20.6909370422,48.8571428571,87.0,31.0,13.0049441148,1026.0
1275,35.3141740449,13.8801686761,0.0,660.0,20.0837020874,49.0476190476,68.0,30.0,12.4558267107,1030.0
1275,35.3383559734,13.9143069381,0.0,662.0,16.5024681091,45.1428571429,75.0,25.0,11.9928550157,948.0
1275,35.3081130564,13.919600717,0.0,659.0,13.2636394501,41.8095238095,67.0,23.0,10.9023806924,878.0
1275,35.2784941618,13.8844513231,0.0,663.0,15.971944809,45.4761904762,67.0,23.0,11.5828280123,955.0
1276,8.97079326375,19.8280764266,0.0,665.0,25.2153186798,47.2857142857,77.0,28.0,16.131158846,993.0
1276,8.9435493928,19.8287913609,0.0,668.0,22.260925293,45.380952381,70.0,29.0,13.1737473426,953.0
1276,8.93670263558,19.8251831791,0.0,664.0,12.5048980713,37.6666666667,57.0,22.0,8.84496090061,791.0
1276,9.01097033787,19.8347001796,0.0,667.0,21.6043624878,42.9523809524,81.0,21.0,15.2298266257,902.0
1276,8.99872510303,19.8820613253,0.0,666.0,16.154964447,41.8095238095,71.0,28.0,11.5828280123,878.0
1277,41.2607322696,21.1432729961,0.0,665.0,13.4403867722,48.8571428571,61.0,32.0,7.4046317551,1026.0
1277,41.1859139703,21.0791642556,0.0,664.0,13.7102613449,46.9047619048,65.0,29.0,10.2367219455,985.0
1278,30.0809751647,37.9539703695,0.0,665.0,13.6675271988,44.380952381,74.0,28.0,11.0971896914,932.0
1278,30.0851779523,38.1209604639,0.0,664.0,15.3665418625,45.7619047619,66.0,27.0,11.1843853738,961.0
1278,30.1465137862,37.9657218557,0.0,666.0,13.2762908936,43.1428571429,59.0,29.0,8.68496237347,906.0
1279,7.92746041538,36.7238710834,0.0,671.0,13.0922756195,39.1904761905,64.0,25.0,9.92783484763,823.0
1279,7.92500280267,36.6781142982,0.0,668.0,19.1216011047,39.7619047619,75.0,19.0,13.4755510533,835.0
1279,7.90285505385,36.687618279,0.0,665.0,17.3998680115,42.4285714286,67.0,23.0,11.6943209661,891.0
1279,7.95588390915,36.7467088266,0.0,667.0,13.4771080017,39.1904761905,63.0,23.0,9.42665925776,823.0
1279,7.87335665133,36.7192682697,0.0,672.0,16.6785163879,40.9047619048,62.0,28.0,10.5731015407,859.0
1279,7.93405842001,36.6922961332,0.0,664.0,17.3922729492,44.619047619,69.0,31.0,10.5852547937,937.0
1279,7.95085555619,36.7515325585,0.0,669.0,12.9207620621,38.5238095238,56.0,23.0,10.5575520251,809.0
1279,7.9239549,36.6213359938,0.0,666.0,21.0550403595,43.9523809524,74.0,30.0,13.8977558997,923.0
1279,7.9364631138,36.6650569611,0.0,663.0,14.6885242462,39.0476190476,62.0,24.0,9.58893211195,820.0
1280,18.7383681735,8.77267825086,0.0,677.0,20.2344512939,46.6666666667,73.0,27.0,13.6577206493,980.0
1280,18.7454805533,8.78394030165,0.0,674.0,22.8500862122,45.5714285714,76.0,25.0,14.0483857741,957.0
1280,18.8656521883,8.70881377053,0.0,667.0,12.6341285706,38.8095238095,74.0,21.0,10.717364637,815.0
1280,18.6934321903,8.68643261407,0.0,679.0,26.1077289581,50.3333333333,99.0,27.0,16.6923136004,1057.0
1280,18.6813620471,8.67377139206,0.0,671.0,24.213634491,48.2380952381,84.0,26.0,16.4313869223,1013.0
1280,18.733139581,8.80172402527,0.0,675.0,19.6300029755,46.4761904762,77.0,32.0,12.4443523239,976.0
1280,18.831789286,8.81970196111,0.0,668.0,15.670592308,43.7619047619,68.0,23.0,10.5683715013,919.0
1280,18.9599842197,8.56490510655,0.0,665.0,15.8172550201,41.8571428571,75.0,19.0,12.0676663622,879.0
1280,18.634297124,8.83344054081,0.0,680.0,19.5452957153,46.9047619048,83.0,29.0,13.2170524774,985.0
1280,18.6973899033,8.77305406608,0.0,676.0,21.3973484039,47.0476190476,75.0,27.0,13.9444476064,988.0
1280,18.7488421422,8.7899407596,0.0,669.0,23.8949127197,48.8571428571,78.0,29.0,13.5914889335,1026.0
1280,18.5935738924,8.7356223499,0.0,672.0,15.1962060928,44.0952380952,66.0,21.0,11.0630229228,926.0
1280,18.6404389425,8.89743940608,0.0,681.0,18.4785766602,44.1904761905,81.0,22.0,13.0561060336,928.0
1280,18.9856527781,8.60622861499,0.0,666.0,15.0013332367,42.9523809524,71.0,23.0,11.7280697068,902.0
1280,18.6708030377,8.80610311056,0.0,673.0,23.0596866608,46.8571428571,92.0,28.0,14.3362676952,984.0
1281,4.2735042735,39.4975394975,0.0,635.0,20.3287410736,43.7142857143,75.0,25.0,13.2594979435,918.0
1281,4.403004403,39.4975394975,0.0,636.0,15.8722076416,35.7142857143,68.0,22.0,12.3212939951,750.0
1281,4.403004403,39.4975394975,0.0,634.0,19.6605091095,38.1428571429,75.0,21.0,14.3745807392,801.0
1282,35.2246787125,6.20404253681,0.0,667.0,12.3018331528,41.7619047619,59.0,28.0,9.21902794173,877.0
1282,35.1200669896,6.23327767885,0.0,669.0,13.2222204208,40.4285714286,67.0,26.0,8.95305215316,849.0
1282,35.1961574086,6.20132401093,0.0,668.0,13.6552505493,42.6666666667,65.0,30.0,9.23760430703,896.0
1282,35.1926486343,6.19990796964,0.0,670.0,14.9261274338,43.7619047619,63.0,31.0,8.6654761087,919.0
1283,30.3111129371,11.6508350672,0.0,664.0,14.8944511414,45.2857142857,72.0,33.0,10.1594431793,951.0
1283,30.3936238851,11.6311369811,0.0,670.0,15.152964592,46.9523809524,72.0,29.0,11.386290838,986.0
1283,30.5156468743,11.426157442,0.0,677.0,15.6894674301,46.4761904762,63.0,28.0,9.69855168373,976.0
1283,30.4438780822,11.5854681152,0.0,683.0,12.6541557312,44.3333333333,73.0,29.0,11.2309097287,931.0
1283,30.3396828668,11.5760049184,0.0,667.0,13.180015564,47.2857142857,65.0,36.0,6.9508478414,993.0
1283,30.4588446351,11.4414900249,0.0,674.0,17.7762432098,45.619047619,68.0,28.0,11.6424919604,958.0
1283,30.5188461554,11.6178865972,0.0,679.0,16.3973655701,45.619047619,79.0,27.0,12.4558267107,958.0
1283,30.4246020483,11.5639978429,0.0,684.0,14.7322158813,43.380952381,62.0,31.0,9.15137252261,911.0
1283,30.4407084566,11.4925352245,0.0,671.0,18.2259025574,45.9047619048,82.0,30.0,11.7085642241,964.0
1283,30.2777210913,11.6909537706,0.0,668.0,14.8625059128,45.619047619,70.0,25.0,11.0203275381,958.0
1283,30.5089469835,11.4266043789,0.0,676.0,21.4935340881,49.8095238095,74.0,27.0,13.844201124,1046.0
1283,30.5199601375,11.7597888592,0.0,680.0,15.450135231,43.5714285714,72.0,22.0,12.0854103305,915.0
1283,30.4314073903,11.5592560725,0.0,672.0,21.7315406799,48.0,98.0,34.0,14.4948266633,1008.0
1283,30.3905807678,11.6043745524,0.0,666.0,12.3231773376,45.4761904762,60.0,29.0,9.23373731281,955.0
1283,30.5589731832,11.5175223045,0.0,678.0,14.6239080429,44.5714285714,62.0,31.0,8.72107463889,936.0
1283,30.2758723862,11.6623557772,0.0,663.0,14.3566331863,44.6666666667,73.0,27.0,10.5940234724,938.0
1283,30.4121748211,11.5824022007,0.0,682.0,16.1532878876,49.0476190476,66.0,31.0,10.1512373161,1030.0
1283,30.5188482409,11.5278820274,0.0,673.0,17.3507118225,47.0952380952,81.0,26.0,12.8798476773,989.0
1284,25.8190536811,21.2595077162,0.0,668.0,12.3455600739,42.1904761905,61.0,26.0,10.5290980032,886.0
1284,25.7910297545,21.260455452,0.0,671.0,16.9452514648,47.9047619048,85.0,25.0,11.9912666633,1006.0
1284,25.7841262728,21.2499754045,0.0,670.0,13.2294025421,45.6666666667,64.0,33.0,8.66794862314,959.0
1284,25.8083859322,21.2619208076,0.0,667.0,17.0906429291,48.8095238095,68.0,29.0,11.0526876714,1025.0
1284,25.8156387513,21.221596765,0.0,669.0,13.0870399475,43.8095238095,77.0,26.0,11.2544171223,920.0
1285,35.3178297001,13.9211606848,0.0,670.0,25.3626022339,52.1428571429,96.0,33.0,17.8893423979,1095.0
1285,35.3117191177,13.9124586357,0.0,673.0,21.2338523865,52.9523809524,86.0,31.0,15.5803600423,1112.0
1285,35.2999433852,13.9417977767,0.0,669.0,26.1490421295,52.8095238095,88.0,33.0,17.5488434024,1109.0
1285,35.3453462951,13.9510102439,0.0,674.0,24.7114067078,49.9523809524,84.0,28.0,16.9040710791,1049.0
1285,35.2993074892,13.9525952262,0.0,672.0,15.0520038605,45.7142857143,77.0,29.0,10.9047826991,960.0
1285,35.3037842468,13.9159768511,0.0,671.0,30.692615509,58.0952380952,107.0,33.0,20.1962985765,1220.0
1285,35.3273687371,13.9469176656,0.0,668.0,21.5345897675,46.5714285714,83.0,21.0,15.1709308501,978.0
1286,16.4465164465,39.4975394975,0.0,666.0,13.9841480255,46.2380952381,63.0,34.0,9.52840365384,971.0
1286,16.317016317,39.4975394975,0.0,671.0,18.423822403,41.4285714286,78.0,28.0,12.1060787564,870.0
1286,16.317016317,39.4975394975,0.0,670.0,21.2657871246,46.6666666667,75.0,29.0,13.748939353,980.0
1286,16.238452515,39.368167243,0.0,669.0,13.999042511,43.0952380952,72.0,24.0,15.1522432725,905.0
1286,16.2406600054,39.4249581817,0.0,667.0,14.9866743088,48.8095238095,77.0,28.0,13.1438922988,1025.0
1287,13.0570771993,14.589149455,0.0,671.0,13.0144681931,41.3333333333,73.0,26.0,10.451475175,868.0
1287,13.0414295708,14.6104085181,0.0,670.0,16.0823554993,43.7142857143,75.0,32.0,10.281745266,918.0
1288,28.4743819951,8.04390227568,0.0,671.0,14.979183197,42.4285714286,66.0,29.0,10.8146725728,891.0
1288,28.4138265634,8.0937670916,0.0,670.0,14.4532012939,44.9047619048,69.0,23.0,12.3567987841,943.0
1289,23.5497012732,18.4495107878,0.0,673.0,16.6239719391,45.4285714286,71.0,28.0,11.7071406781,954.0
1289,23.5393254671,18.515369701,0.0,674.0,20.437379837,47.380952381,90.0,30.0,13.9909834911,995.0
1290,16.3318940694,32.0569544561,0.0,636.0,13.4420394897,41.3333333333,68.0,25.0,9.99666611093,868.0
1290,16.344648979,32.0721222836,0.0,635.0,15.3633518219,42.1428571429,69.0,27.0,11.4555039797,885.0
1291,13.3062162516,14.9129229064,0.0,676.0,25.1849193573,51.4285714286,91.0,34.0,13.4891490783,1080.0
1291,13.2865203964,14.9824560256,0.0,677.0,17.4910545349,47.5714285714,76.0,27.0,12.9791040853,999.0
1291,13.3450415885,14.7949074005,0.0,675.0,14.8684616089,42.8095238095,65.0,25.0,10.1667056986,899.0
1291,13.3226927202,14.9528327733,0.0,678.0,14.5068311691,41.4285714286,69.0,24.0,11.9815334101,870.0
1291,13.3671105549,14.8661877469,0.0,679.0,14.51583004,42.619047619,62.0,27.0,9.62016730871,895.0
1292,9.39457083692,17.4061114766,0.0,676.0,14.6763153076,41.4761904762,73.0,23.0,12.0938788138,871.0
1292,9.47086880282,17.53163435,0.0,675.0,12.0072383881,38.5714285714,66.0,26.0,9.34115318669,810.0
1293,37.0270542597,13.8396463924,0.0,680.0,12.2571744919,44.1428571429,63.0,31.0,7.52519577344,927.0
1293,37.1501746361,14.1273908651,0.0,677.0,14.6555366516,44.7619047619,71.0,24.0,11.1485638622,940.0
1293,37.0610935948,14.0244217063,0.0,681.0,15.37596035,43.5238095238,69.0,26.0,10.6565428147,914.0
1293,37.1125649027,13.9840687748,0.0,679.0,17.6477966309,45.5238095238,74.0,31.0,12.2744411181,956.0
1293,37.074079227,13.9917856496,0.0,678.0,18.2328643799,47.0952380952,70.0,29.0,10.990472064,989.0
1293,37.1654428351,13.9867632563,0.0,682.0,16.7569847107,45.2380952381,76.0,29.0,11.8190725605,950.0
1294,7.92623639884,36.696588623,0.0,677.0,13.5135116577,40.1904761905,70.0,27.0,9.56357175756,844.0
1294,7.91184498813,36.7064321399,0.0,678.0,13.9498023987,38.9047619048,61.0,20.0,9.81786515443,817.0
1295,17.4092742256,21.3812629454,0.0,677.0,12.3247117996,41.9047619048,63.0,25.0,9.81786515443,880.0
1295,17.495052807,21.2775208805,0.0,678.0,18.6815376282,47.8571428571,69.0,32.0,9.67101708346,1005.0
1296,17.2109806124,30.1546351623,0.0,680.0,15.8715629578,41.4761904762,72.0,24.0,13.0484445342,871.0
1296,17.2347816103,30.1186240382,0.0,681.0,12.4421405792,41.1904761905,68.0,20.0,10.6189408493,865.0
1296,17.1837466088,30.1980892412,0.0,682.0,13.3180847168,42.4285714286,75.0,29.0,10.3323348212,891.0
1296,17.232697979,30.2074235487,0.0,679.0,13.9846878052,39.9523809524,60.0,26.0,10.8003527279,839.0
1296,17.2325522062,30.2044860476,0.0,678.0,16.398475647,41.0,70.0,20.0,12.0249740124,861.0
1297,35.3206659303,13.9237566013,0.0,688.0,28.9815387726,58.0952380952,101.0,39.0,17.991400062,1220.0
1297,35.3396126809,13.926536077,0.0,697.0,25.5332584381,54.3333333333,93.0,29.0,16.1997942374,1141.0
1297,35.3292551362,13.9500417242,0.0,683.0,28.5170726776,52.0952380952,102.0,29.0,18.0080669754,1094.0
1297,35.3421936557,13.9408083453,0.0,692.0,25.7001018524,55.0476190476,106.0,32.0,15.8665566223,1156.0
1297,35.3274327761,13.9459284233,0.0,698.0,41.2020797729,63.3333333333,116.0,37.0,26.2627746694,1330.0
1297,35.3152977491,13.9137749852,0.0,684.0,13.19830513,44.1428571429,66.0,25.0,11.3061298165,927.0
1297,35.3238907218,13.9110175676,0.0,690.0,24.935087204,54.9523809524,97.0,30.0,16.7972503419,1154.0
1297,35.3248365951,13.9426365541,0.0,693.0,25.0324878693,54.6666666667,94.0,31.0,16.7521142944,1148.0
1297,35.3398434135,13.9243638039,0.0,699.0,32.0372085571,60.3333333333,104.0,38.0,19.3373559034,1267.0
1297,35.3491759617,13.9381342407,0.0,689.0,27.2289333344,55.7619047619,97.0,33.0,16.2231463098,1171.0
1297,35.3259642238,13.9499642171,0.0,694.0,41.1821784973,64.619047619,122.0,29.0,24.5488822362,1357.0
1297,35.3491741208,13.9436133843,0.0,687.0,27.6704750061,55.5238095238,92.0,32.0,16.4000580719,1166.0
1297,35.3376526097,13.9335758704,0.0,685.0,20.2641296387,51.1428571429,92.0,29.0,14.0402482681,1074.0
1297,35.3422111826,13.9469088152,0.0,695.0,31.8977127075,57.1904761905,95.0,36.0,19.0489344784,1201.0
1297,35.3194386744,13.9217109034,0.0,700.0,27.3018989563,57.4761904762,92.0,37.0,15.6512588874,1207.0
1297,35.3520591382,13.9420281962,0.0,686.0,26.791475296,53.9047619048,105.0,35.0,17.5182897621,1132.0
1297,35.3126025996,13.9470461091,0.0,691.0,28.6733627319,56.3333333333,91.0,31.0,18.7171935218,1183.0
1297,35.3401717196,13.9394578585,0.0,696.0,28.9233112335,55.2380952381,103.0,28.0,18.5523711743,1160.0
1298,13.2290108731,14.8246928697,0.0,685.0,16.21692276,44.2380952381,73.0,27.0,12.3324967541,929.0
1298,13.3223539527,14.7356947862,0.0,684.0,14.9917640686,39.9523809524,61.0,24.0,10.5189171994,839.0
1298,13.293461443,14.8682257793,0.0,686.0,12.7597866058,40.380952381,65.0,23.0,10.9703062422,848.0
1299,7.94002570775,36.6788856524,0.0,687.0,13.2055387497,38.7619047619,58.0,22.0,9.70002454587,814.0
1299,7.91656876489,36.6726830522,0.0,685.0,15.6078824997,41.5714285714,66.0,27.0,9.98784976144,873.0
1299,7.95583265606,36.6665564903,0.0,686.0,12.2823801041,38.619047619,62.0,26.0,9.21670326351,811.0
1300,30.6692682571,0.808395690193,0.0,687.0,21.2287025452,50.3333333333,79.0,32.0,11.8799551065,1057.0
1300,30.554459901,0.894073178074,0.0,688.0,23.450553894,49.0,73.0,31.0,13.3379158792,1029.0
1301,18.6848406334,9.16576019947,0.0,683.0,13.8793821335,41.0,63.0,23.0,10.3874924789,861.0
1301,18.4678258862,9.09301458879,0.0,684.0,18.3043861389,44.7619047619,66.0,27.0,11.4625684814,940.0
1302,25.8765895461,23.8066639947,0.0,683.0,13.627494812,44.2857142857,62.0,26.0,10.1545204571,930.0
1302,25.8898766001,23.7651358934,0.0,684.0,32.3275756836,58.3333333333,98.0,30.0,21.6155808003,1225.0
1303,32.0238594802,38.0425719626,0.0,684.0,25.1664581299,50.619047619,95.0,23.0,16.6417432695,1063.0
1303,31.9294153776,37.9743215131,0.0,683.0,13.8461771011,42.619047619,59.0,27.0,9.28157416862,895.0
1304,13.0601757437,14.8990406055,0.0,688.0,34.8754692078,54.8571428571,114.0,35.0,20.5822392229,1152.0
1304,12.9711090014,15.0015083812,0.0,689.0,33.5214576721,53.5238095238,118.0,25.0,20.3902404292,1124.0
1304,13.0346639341,14.9574093128,0.0,694.0,22.7318572998,48.7142857143,89.0,31.0,15.3497324314,1023.0
1304,13.1350728554,14.9950207259,0.0,692.0,14.9087591171,43.8095238095,62.0,31.0,9.17397976681,920.0
1304,13.0710620382,15.0001648334,0.0,695.0,25.696434021,49.380952381,86.0,33.0,14.8508457351,1037.0
1304,12.9763763783,14.9464551128,0.0,691.0,13.0320339203,41.3333333333,59.0,22.0,9.15605446321,868.0
1304,13.0358283894,14.9372988045,0.0,690.0,19.4524383545,46.1904761905,75.0,30.0,12.0400126562,970.0
1304,12.9407710537,15.0084632258,0.0,693.0,14.2798175812,39.2857142857,61.0,26.0,9.03959543975,825.0
1305,31.0853863759,20.078866485,0.0,689.0,23.4992027283,49.7142857143,94.0,33.0,15.2352973622,1044.0
1305,31.0806405643,20.1006888245,0.0,692.0,22.7051296234,50.8095238095,86.0,27.0,15.0486512606,1067.0
1305,31.0704251671,20.0944790005,0.0,688.0,19.2638549805,48.0476190476,77.0,30.0,13.2645248331,1009.0
1305,31.105450801,20.0666611732,0.0,691.0,24.4868183136,51.380952381,99.0,26.0,16.3140313549,1079.0
1305,31.0998263311,20.0812636057,0.0,690.0,17.2715072632,47.6666666667,71.0,32.0,11.3812711651,1001.0
1306,10.8291244085,2.42826266556,0.0,689.0,12.9698381424,39.9047619048,56.0,25.0,8.99391328569,838.0
1306,10.8537193884,2.50413145491,0.0,688.0,12.3200616837,37.380952381,56.0,21.0,9.4840718601,785.0
1307,22.5570109608,32.5416139043,0.0,690.0,15.1264600754,43.5714285714,69.0,30.0,10.2935486037,915.0
1307,22.6397887073,32.5211915948,0.0,691.0,12.2006959915,45.7619047619,61.0,30.0,8.89890308917,961.0
1308,30.6194918986,1.25353213828,0.0,692.0,12.7065992355,40.380952381,65.0,24.0,10.9108945118,848.0
1308,30.7452514531,1.07901664333,0.0,690.0,12.7052621841,42.9047619048,59.0,25.0,9.48105881168,901.0
1308,30.6448652676,1.19477359783,0.0,691.0,12.2231864929,43.8095238095,69.0,32.0,8.19523671177,920.0
1309,41.3985870141,20.9772222258,0.0,694.0,22.7257595062,51.5238095238,88.0,36.0,13.7062724605,1082.0
1309,41.4878957204,21.0260725036,0.0,695.0,27.6463451385,53.0476190476,97.0,30.0,18.688167889,1114.0
1309,41.3417944372,20.9576854119,0.0,693.0,24.8849105835,54.1428571429,96.0,32.0,16.0974709637,1137.0
1309,41.5112537971,21.0410595075,0.0,696.0,20.8885688782,53.8095238095,86.0,34.0,12.7382064971,1130.0
1310,18.6080672845,34.171349331,0.0,692.0,16.1213569641,42.5714285714,65.0,26.0,10.846987732,894.0
1310,18.6551774516,34.1394779077,0.0,691.0,13.6599960327,42.5714285714,61.0,27.0,9.60505819124,894.0
1311,25.940501414,24.0757692067,0.0,678.0,23.0640029907,48.4761904762,91.0,26.0,17.1657188828,1018.0
1311,25.9323441883,23.8985873565,0.0,679.0,13.0851144791,44.8571428571,68.0,26.0,10.9054377,942.0
1312,12.4196087063,24.7316922743,0.0,697.0,13.4492540359,36.8095238095,68.0,19.0,10.5717503169,773.0
1312,12.3517129524,24.5988149947,0.0,699.0,16.9008045197,43.7619047619,80.0,24.0,12.9572557353,919.0
1312,12.3256463753,24.7482612593,0.0,700.0,17.1738948822,47.1428571429,64.0,33.0,9.56182887468,990.0
1312,12.2375215065,24.7154522285,0.0,698.0,13.0260229111,38.619047619,53.0,25.0,10.0223559629,811.0
1313,35.9888894445,26.2963629792,0.0,702.0,21.3065700531,51.4285714286,92.0,31.0,13.2874806813,1080.0
1313,35.7598037162,26.0391066148,0.0,699.0,15.5969600677,45.9523809524,63.0,32.0,8.90211317877,965.0
1313,35.939059585,26.1562185125,0.0,701.0,18.546049118,49.1904761905,77.0,32.0,12.1803901728,1033.0
1313,35.7485087316,26.0005799683,0.0,698.0,18.1798248291,45.9047619048,67.0,31.0,11.9117788844,964.0
1313,35.8671023219,26.1755677568,0.0,703.0,42.9707603455,65.6666666667,134.0,46.0,22.5107381783,1379.0
1313,35.9060613878,26.0617747654,0.0,700.0,13.4345207214,44.7142857143,65.0,23.0,9.93047258263,939.0
1314,30.4228931826,1.07029765749,0.0,700.0,18.5465984344,45.4761904762,85.0,23.0,13.7899204045,955.0
1314,30.5405198709,1.14692770607,0.0,698.0,13.6335430145,42.8095238095,73.0,30.0,9.47427594922,899.0
1314,30.4802519568,1.06143273342,0.0,699.0,15.0966815948,43.619047619,62.0,27.0,9.95728974408,916.0
1315,37.0726191,13.7366735035,0.0,702.0,17.4712371826,47.3333333333,91.0,32.0,13.8106239299,994.0
1315,36.9384144491,13.8579807125,0.0,701.0,20.4756507874,48.8095238095,80.0,32.0,14.066339423,1025.0
1315,37.1066991067,14.0095305698,0.0,700.0,14.1465444565,46.7142857143,64.0,26.0,9.91535605585,981.0
1315,37.015560248,13.8977431595,0.0,699.0,17.7600593567,47.8095238095,70.0,31.0,11.5655481825,1004.0
1316,42.5841764798,19.2710681113,0.0,702.0,12.2620258331,42.0476190476,53.0,29.0,7.24207284192,883.0
1316,42.5617637692,19.1805570485,0.0,701.0,12.5417852402,40.380952381,59.0,25.0,8.93574949557,848.0
1317,25.2197832404,5.36463047753,0.0,707.0,12.3706655502,40.5714285714,66.0,25.0,9.84668181964,852.0
1317,25.2363305688,5.30139050987,0.0,716.0,14.5193901062,41.4285714286,63.0,20.0,9.86190361224,870.0
1317,25.2246750849,5.30229124658,0.0,710.0,20.5299663544,50.5238095238,76.0,35.0,11.8811575514,1061.0
1317,25.2312781291,5.30579247984,0.0,712.0,15.169878006,40.8095238095,76.0,28.0,12.4764540139,857.0
1317,25.2772295637,5.30796703494,0.0,705.0,15.9319505692,42.7619047619,82.0,23.0,12.3891273377,898.0
1317,25.2399712844,5.33970617184,0.0,711.0,16.2228908539,41.4285714286,71.0,21.0,11.1918337576,870.0
1317,25.2217844488,5.33381890424,0.0,714.0,12.8267021179,41.4761904762,62.0,24.0,9.45314258656,871.0
1317,25.1982432516,5.35358021387,0.0,708.0,12.6499757767,44.0,67.0,34.0,9.56033472217,924.0
1317,25.2085066921,5.3049729067,0.0,706.0,14.7505302429,41.9047619048,62.0,28.0,9.91415534428,880.0
1317,25.2176949524,5.29250721805,0.0,715.0,12.9759740829,42.4761904762,65.0,28.0,8.03504229994,892.0
1317,25.2561462977,5.29419876689,0.0,704.0,18.8172645569,46.1428571429,81.0,32.0,11.4816623983,969.0
1317,25.2521217187,5.3073126062,0.0,709.0,14.4376907349,44.3333333333,69.0,26.0,9.92639578766,931.0
1318,25.3927338245,20.8454489049,0.0,705.0,18.578042984,49.9047619048,81.0,33.0,11.7426775563,1048.0
1318,25.4191214141,20.7342971246,0.0,706.0,17.1911487579,48.5714285714,84.0,29.0,12.3998847921,1020.0
1319,35.3396566895,13.9240332598,0.0,704.0,26.8484191895,56.5714285714,91.0,35.0,16.3143232424,1188.0
1319,35.3426766929,13.9461792489,0.0,709.0,25.6085605621,52.1904761905,109.0,30.0,18.5785334395,1096.0
1319,35.3206150081,13.922621888,0.0,710.0,27.108417511,54.2857142857,91.0,33.0,16.5775235097,1140.0
1319,35.3489284139,13.9363255809,0.0,707.0,18.0896625519,47.2380952381,81.0,29.0,13.0303674618,992.0
1319,35.3594365421,13.947760814,0.0,705.0,22.9359512329,47.0476190476,82.0,29.0,15.0614613849,988.0
1319,35.4034409129,13.9710663918,0.0,712.0,12.5593261719,42.9523809524,69.0,20.0,11.3950699448,902.0
1319,35.3305750845,13.9582742606,0.0,703.0,31.8050270081,57.0476190476,117.0,37.0,19.6098857479,1198.0
1319,35.3298827151,13.9279360282,0.0,711.0,31.5609226227,58.0,103.0,33.0,20.6857438832,1218.0
1319,35.2897468483,13.9045695728,0.0,708.0,20.1427688599,53.4285714286,83.0,32.0,11.964829412,1122.0
1320,5.77827478163,3.77784543589,0.0,705.0,12.0847291946,39.2380952381,63.0,25.0,10.7466495332,824.0
1320,5.79375632522,3.7702631791,0.0,703.0,12.6619729996,39.7142857143,63.0,23.0,10.174197055,834.0
1320,5.86560486091,3.83208193773,0.0,704.0,13.5108556747,37.4761904762,57.0,25.0,9.03669766906,787.0
1321,15.6358864111,33.333360171,0.0,673.0,12.8944664001,41.2857142857,65.0,22.0,10.803438606,867.0
1321,15.6660315477,33.4240235362,0.0,672.0,14.4569921494,38.9523809524,80.0,21.0,11.842618758,818.0
1322,5.89702140042,5.77358443362,0.0,710.0,21.8744544983,44.1428571429,80.0,23.0,14.5096027316,927.0
1322,5.942389497,5.79013878933,0.0,707.0,14.9492883682,34.0952380952,64.0,20.0,11.3132875943,716.0
1322,5.9270930851,5.78512198888,0.0,711.0,16.9752101898,40.1904761905,58.0,24.0,9.76534201971,844.0
1322,5.95496092577,5.81958090508,0.0,708.0,27.0047569275,43.3333333333,83.0,22.0,15.4088719033,910.0
1322,5.90367173832,5.8358847515,0.0,709.0,19.271074295,42.3333333333,70.0,24.0,12.2610494385,889.0
1323,32.2420619908,24.0870352393,0.0,664.0,12.7988090515,42.5714285714,63.0,29.0,9.16826825835,894.0
1323,32.2218578085,23.9276629807,0.0,663.0,17.2902374268,46.380952381,72.0,28.0,11.2404456783,974.0
1324,19.4541210699,39.2116073035,0.0,664.0,13.0084905624,41.2380952381,69.0,23.0,12.794157893,866.0
1324,19.4894242755,39.2091501334,0.0,663.0,16.8406887054,44.2857142857,75.0,26.0,12.4303775371,930.0
1325,25.1367917305,20.9661242602,0.0,713.0,13.4024648666,48.3333333333,62.0,26.0,8.24216799958,1015.0
1325,25.308309073,20.7207788493,0.0,711.0,13.8339691162,46.2380952381,68.0,30.0,9.93430803783,971.0
1325,25.212326075,20.8358385384,0.0,712.0,21.5781440735,54.5238095238,95.0,40.0,12.6000755856,1145.0
1326,17.1533209499,26.9549916664,0.0,713.0,17.8084220886,49.5714285714,67.0,30.0,11.0931124062,1041.0
1326,17.0868166135,26.9962084558,0.0,716.0,18.3034286499,50.4761904762,78.0,35.0,11.6086995293,1060.0
1326,17.192273015,26.887006209,0.0,720.0,17.4689750671,47.6666666667,72.0,31.0,11.791239686,1001.0
1326,17.1663892686,26.8702586829,0.0,718.0,31.4756851196,58.7619047619,97.0,23.0,19.2792758212,1234.0
1326,17.1451651845,26.9056984377,0.0,712.0,20.975227356,50.2380952381,81.0,31.0,12.5096153494,1055.0
1326,17.1708025927,26.980875794,0.0,714.0,15.4882526398,46.7619047619,70.0,26.0,11.0991205143,982.0
1326,17.1497389652,26.9272726675,0.0,717.0,14.6318244934,44.380952381,76.0,24.0,10.5805301875,932.0
1326,17.1671684994,26.849906534,0.0,719.0,24.8003921509,53.7142857143,89.0,37.0,15.3529894716,1128.0
1326,17.2229033749,27.0708203854,0.0,711.0,16.7518291473,43.9047619048,62.0,32.0,10.0095192787,922.0
1326,17.1066316098,27.0421823823,0.0,715.0,13.267077446,44.380952381,70.0,33.0,9.57849774483,932.0
1327,40.2286703517,19.7152436659,0.0,716.0,14.4355535507,48.0952380952,65.0,36.0,7.76469421101,1010.0
1327,40.2337918292,19.8113414134,0.0,715.0,15.6467590332,46.2380952381,70.0,24.0,11.7554445339,971.0
1328,4.5325045325,39.4975394975,0.0,659.0,24.4891090393,43.4761904762,78.0,26.0,13.9771923061,913.0
1328,4.662004662,39.4975394975,0.0,658.0,14.1746177673,38.3333333333,62.0,22.0,9.56207787739,805.0
1328,4.5325045325,39.4975394975,0.0,660.0,13.4219121933,39.380952381,57.0,22.0,10.3027966615,827.0
1329,45.665925114,30.5359982686,0.0,722.0,16.4308776855,44.8571428571,77.0,21.0,12.8073639532,942.0
1329,45.600719333,30.3522828871,0.0,716.0,17.5424919128,48.4761904762,79.0,31.0,12.6396955961,1018.0
1329,45.636200506,30.4597926177,0.0,720.0,13.4599256516,43.2857142857,72.0,24.0,11.8496534006,909.0
1329,45.607870547,30.4315051898,0.0,718.0,19.7132015228,47.1428571429,79.0,32.0,12.6027207947,990.0
1329,45.6117456745,30.4403359115,0.0,721.0,17.6348381042,44.9523809524,79.0,33.0,10.5236694669,944.0
1329,45.5863071015,30.3524109507,0.0,717.0,20.0538635254,50.5714285714,78.0,36.0,12.9057019514,1062.0
1329,45.580833168,30.3424105959,0.0,719.0,14.5630044937,45.0476190476,68.0,32.0,11.0067079114,946.0
1330,41.3162466404,9.57763845286,0.0,718.0,13.8630151749,41.6666666667,59.0,21.0,9.55161417423,875.0
1330,41.3337102853,9.54899842701,0.0,717.0,13.9529008865,43.1428571429,61.0,31.0,8.09497198442,906.0
1331,13.8018131196,25.9553263662,0.0,718.0,19.0841846466,48.4761904762,90.0,30.0,13.8514224815,1018.0
1331,13.815453697,25.8020349514,0.0,717.0,12.2284832001,42.2857142857,66.0,28.0,9.15501423889,888.0
1332,33.0732855031,27.1355784931,0.0,720.0,14.52455616,48.0,71.0,27.0,10.9407495173,1008.0
1332,33.0561691817,27.1236940779,0.0,718.0,21.5507164001,52.1904761905,82.0,29.0,15.3382497294,1096.0
1332,33.0415315787,27.1283256863,0.0,721.0,19.8482704163,51.4761904762,79.0,38.0,11.1875781455,1081.0
1332,33.0382920263,27.1158855928,0.0,717.0,20.1703033447,52.619047619,83.0,38.0,10.7725400462,1105.0
1332,33.0053940311,27.1100709504,0.0,722.0,18.0236282349,48.7142857143,72.0,33.0,11.6710875977,1023.0
1333,4.9189751063,38.5119051666,0.0,718.0,12.9326381683,38.1428571429,56.0,22.0,8.96262079018,801.0
1333,4.98326208989,38.4722162937,0.0,717.0,12.9091272354,38.5238095238,58.0,16.0,9.80111752618,809.0
1334,7.58824352864,34.1185225786,0.0,718.0,31.5561141968,49.2380952381,106.0,22.0,24.2670656691,1034.0
1334,7.59069480586,34.1076390085,0.0,719.0,15.6150579453,39.1428571429,61.0,21.0,11.0012986246,822.0
1335,16.4731351597,8.81905865356,0.0,719.0,13.8170394897,39.8095238095,59.0,23.0,9.46371516699,836.0
1335,16.4215001958,8.75905898839,0.0,720.0,13.5460586548,42.1904761905,65.0,25.0,10.2059739742,886.0
1335,16.4257876124,8.79328696415,0.0,718.0,13.091383934,39.0,73.0,18.0,10.7888831674,819.0
1336,18.0215282213,7.62614110787,0.0,723.0,12.7848310471,37.6666666667,68.0,24.0,10.2241544068,791.0
1336,18.0102637318,7.61245907961,0.0,721.0,22.1679153442,43.8095238095,74.0,25.0,14.6000652314,920.0
1336,18.0216878538,7.61725367196,0.0,722.0,17.638759613,41.1428571429,72.0,27.0,11.6973745528,864.0
1336,18.0178124021,7.59694236629,0.0,719.0,22.3361244202,45.2380952381,79.0,19.0,14.6659631866,950.0
1336,18.0006266578,7.58178879703,0.0,720.0,16.7913246155,43.0952380952,83.0,23.0,12.6921423011,905.0
1336,18.0308219976,7.57483055626,0.0,724.0,17.8587856293,43.9523809524,66.0,26.0,11.4432346409,923.0
1336,17.9920666083,7.57117276831,0.0,718.0,18.1084709167,43.380952381,81.0,20.0,15.0415298107,911.0
1337,30.0139621354,37.99149929,0.0,659.0,19.628818512,45.5238095238,78.0,27.0,13.2046167972,956.0
1337,30.0979609388,38.0100906293,0.0,658.0,19.2127113342,49.7142857143,80.0,35.0,12.1948466868,1044.0
1338,25.2117670918,21.0697100973,0.0,720.0,20.4070949554,51.2857142857,75.0,30.0,12.8807719378,1077.0
1338,25.2227423938,20.8980562527,0.0,723.0,18.5274486542,53.8571428571,79.0,38.0,10.882489211,1131.0
1338,25.2478255913,20.9923783591,0.0,721.0,14.7237882614,47.619047619,68.0,24.0,12.5478133174,1000.0
1338,25.1191555293,20.8133883729,0.0,725.0,18.6848983765,49.1428571429,83.0,32.0,12.5390817618,1032.0
1338,25.1060555501,20.829669975,0.0,726.0,20.6365699768,52.2380952381,89.0,35.0,11.9829243589,1097.0
1338,25.2489234496,21.1295236679,0.0,719.0,24.681180954,53.619047619,98.0,32.0,16.4938661037,1126.0
1338,25.1424962086,20.8931766914,0.0,722.0,18.8226661682,55.1904761905,85.0,38.0,13.189461883,1159.0
1338,25.1328201647,20.8726707234,0.0,727.0,18.8336982727,49.3333333333,75.0,33.0,11.3724814062,1036.0
1339,40.2727873165,19.6614906018,0.0,720.0,17.0720233917,46.7142857143,79.0,35.0,10.6402201911,981.0
1339,40.3868334539,19.6714371742,0.0,721.0,29.3039474487,54.9047619048,90.0,34.0,17.4094938522,1153.0
1339,40.2943739345,19.5443307941,0.0,723.0,15.6388721466,46.380952381,66.0,32.0,9.36203071174,974.0
1339,40.3862803553,19.578913513,0.0,722.0,21.8285064697,50.4761904762,86.0,31.0,12.2866555564,1060.0
1339,40.5309287563,19.5339838003,0.0,724.0,14.3930673599,44.5238095238,71.0,25.0,11.5482424967,935.0
1340,36.900786172,13.8334213839,0.0,725.0,25.796918869,51.1428571429,97.0,32.0,16.7161171158,1074.0
1340,36.9253784172,13.9295775265,0.0,721.0,12.6570186615,45.9523809524,63.0,29.0,8.7377124608,965.0
1340,36.8299224473,13.8231976168,0.0,723.0,22.9611606598,48.0,82.0,29.0,16.3278902495,1008.0
1340,36.8905753621,13.8968922607,0.0,726.0,16.6738300323,43.0952380952,65.0,24.0,11.4013365967,905.0
1340,37.0497474309,13.8673145946,0.0,722.0,12.6912088394,41.0952380952,62.0,24.0,10.8023366079,863.0
1340,36.8446555158,13.7679153214,0.0,724.0,20.4520111084,50.4285714286,76.0,32.0,13.2497978421,1059.0
1340,36.9945503437,13.9919877922,0.0,720.0,17.0498714447,46.4761904762,69.0,23.0,12.0441647598,976.0
1341,37.5471911049,13.3234477987,0.0,721.0,15.6823406219,44.4285714286,64.0,34.0,8.89140837309,933.0
1341,37.3861374336,13.3375013317,0.0,720.0,14.9958772659,46.3333333333,78.0,30.0,11.9471056467,973.0
1342,13.6283098287,26.2090969655,0.0,731.0,17.9231796265,47.8571428571,68.0,33.0,10.7018022514,1005.0
1342,13.6306790804,26.1961733324,0.0,737.0,25.3784561157,50.0476190476,99.0,31.0,15.7400006051,1051.0
1342,13.7734824666,25.8399516119,0.0,723.0,19.3085861206,47.4761904762,75.0,29.0,13.6441161224,997.0
1342,13.4198853681,26.3256273046,0.0,746.0,15.0150852203,43.2857142857,65.0,22.0,10.9778998772,909.0
1342,13.5825911133,26.1896503163,0.0,732.0,19.4939250946,47.3333333333,69.0,26.0,10.7346790047,994.0
1342,13.5760912756,26.1784586796,0.0,739.0,22.2604198456,47.0952380952,83.0,25.0,13.2623706852,989.0
1342,13.7554520942,25.8908262275,0.0,724.0,18.0136699677,47.5714285714,67.0,30.0,10.9159123694,999.0
1342,13.4984116027,26.2217073378,0.0,734.0,17.7345066071,45.380952381,69.0,29.0,12.3954676817,953.0
1342,13.5584042157,26.133211836,0.0,740.0,23.8430519104,48.2857142857,83.0,29.0,16.4442782059,1014.0
1342,13.6548277317,25.9481111676,0.0,726.0,16.7015628815,44.380952381,71.0,31.0,11.3246465308,932.0
1342,13.5951569042,26.1906210744,0.0,733.0,20.0634269714,46.8095238095,76.0,28.0,11.8853651505,983.0
1342,13.4777621417,26.3794993496,0.0,747.0,20.6158428192,46.7619047619,73.0,26.0,13.9889412105,982.0
1342,13.5468198055,26.0763636157,0.0,741.0,22.9673728943,48.6666666667,83.0,28.0,15.3340579539,1022.0
1342,13.7182716801,26.0115663692,0.0,721.0,12.0048446655,40.8571428571,63.0,25.0,8.45745655789,858.0
1342,13.7389811309,25.8750097114,0.0,725.0,14.9094142914,42.0952380952,68.0,29.0,10.8945158768,884.0
1342,13.4971333869,26.1179371445,0.0,736.0,20.6665821075,46.380952381,83.0,31.0,12.9902894135,974.0
1342,13.5208443262,26.1633977866,0.0,735.0,26.5677967072,49.0,104.0,28.0,18.201648277,1029.0
1342,13.6199835458,25.9013481769,0.0,727.0,15.493689537,42.4285714286,70.0,23.0,11.1605171411,891.0
1342,13.4533810448,26.1445342326,0.0,743.0,26.8729076385,53.9047619048,98.0,33.0,14.6727801112,1132.0
1342,13.6124304746,26.0019796214,0.0,729.0,12.7810382843,41.8571428571,58.0,24.0,8.14423547232,879.0
1342,13.5692560477,26.2084867527,0.0,738.0,14.2372999191,43.1904761905,61.0,29.0,9.47427594922,907.0
1342,13.438422705,26.2913686958,0.0,744.0,23.9491157532,49.1904761905,100.0,34.0,16.4122486199,1033.0
1342,13.6882955799,25.9973143335,0.0,728.0,20.0739440918,48.2857142857,73.0,28.0,11.467967811,1014.0
1342,13.762844839,25.885555932,0.0,722.0,23.2431716919,50.4285714286,86.0,34.0,13.7788658045,1059.0
1342,13.3852132003,26.2341165275,0.0,745.0,16.9672546387,47.5714285714,70.0,28.0,10.9570590423,999.0
1342,13.6339926365,26.0841381983,0.0,730.0,15.2380523682,45.0952380952,67.0,31.0,10.2464860411,947.0
1343,40.4625213334,21.038175374,0.0,724.0,13.3812046051,45.0952380952,74.0,25.0,11.0585024389,947.0
1343,40.5240339443,20.9687704109,0.0,725.0,18.7102928162,48.9523809524,72.0,32.0,11.4824918484,1028.0
1343,40.410775821,21.002005006,0.0,723.0,17.8926925659,49.7619047619,73.0,36.0,11.0313406343,1045.0
1343,40.2905562587,21.0817435425,0.0,722.0,19.0479011536,48.2857142857,74.0,28.0,12.0047609603,1014.0
1344,10.4359358454,31.7817077164,0.0,724.0,17.5200653076,39.9523809524,71.0,24.0,14.1614836457,839.0
1344,10.413925467,31.7751631425,0.0,723.0,16.7964382172,41.6666666667,71.0,25.0,12.4632793972,875.0
1345,33.0064344309,27.1138621922,0.0,713.0,16.6692619324,48.5714285714,71.0,31.0,11.002597096,1020.0
1345,33.0296650741,27.0867020757,0.0,712.0,12.6410608292,45.7142857143,65.0,31.0,10.84501202,960.0
1346,30.7437367458,11.5490454037,0.0,726.0,13.814002037,43.8571428571,72.0,29.0,11.7272576261,921.0
1346,30.7035029261,11.3083776987,0.0,727.0,16.0618515015,45.0,63.0,27.0,11.2782977439,945.0
1346,30.7126076985,11.7303918527,0.0,725.0,13.2732286453,46.0,64.0,31.0,8.01872807869,966.0
1347,21.6065371888,13.8662210431,0.0,729.0,16.9963665009,43.5714285714,72.0,26.0,11.5133462928,915.0
1347,21.584229238,13.847413733,0.0,728.0,12.9020042419,40.2380952381,71.0,18.0,11.3529941509,845.0
1347,21.6189740606,13.8675909459,0.0,727.0,17.4119377136,45.0,69.0,30.0,10.6536378763,945.0
1348,36.9524160299,13.9501855425,0.0,731.0,12.1265087128,44.0952380952,62.0,30.0,9.8990138999,926.0
1348,37.0833045066,13.9800874069,0.0,729.0,13.4534626007,43.5238095238,57.0,27.0,8.66959657435,914.0
1348,37.0792203985,14.033939838,0.0,728.0,15.6327238083,42.8571428571,72.0,28.0,12.8657907425,900.0
1348,37.048821189,13.9752137349,0.0,730.0,12.794172287,44.2857142857,64.0,31.0,7.96958504028,930.0
1349,3.29019556962,26.2775636647,0.0,710.0,15.3780937195,34.8095238095,58.0,19.0,11.5222352329,731.0
1349,3.31452728414,26.2847711318,0.0,711.0,16.1024208069,39.3333333333,59.0,23.0,10.2923920122,826.0
1350,30.7283269182,11.402991614,0.0,736.0,23.4353733063,49.5714285714,95.0,37.0,14.1193888981,1041.0
1350,30.7150548166,11.4745244775,0.0,732.0,16.0185966492,44.9523809524,68.0,28.0,13.4553936787,944.0
1350,30.6667246477,11.4121969018,0.0,733.0,15.4492235184,48.1904761905,71.0,33.0,9.85200003867,1012.0
1350,30.7183632994,11.3756773432,0.0,735.0,14.997543335,41.619047619,66.0,23.0,11.0881747392,874.0
1350,30.5229004562,11.5297844749,0.0,734.0,15.898932457,48.3333333333,77.0,33.0,9.95154929312,1015.0
1351,45.6351501506,30.3744975006,0.0,734.0,15.1686153412,45.2857142857,71.0,30.0,10.5647662404,951.0
1351,45.8651052614,30.4578737958,0.0,731.0,19.240486145,54.8571428571,82.0,27.0,16.0321106355,1152.0
1351,45.6917321961,30.3599317447,0.0,732.0,17.9813098907,48.0952380952,77.0,32.0,12.8214849448,1010.0
1351,45.6616299077,30.4186532069,0.0,733.0,19.2947978973,50.5238095238,80.0,32.0,13.6147678923,1061.0
1352,17.9633120896,7.61527782077,0.0,707.0,13.1696100235,39.619047619,61.0,22.0,9.4418016844,832.0
1352,17.9914784522,7.61881854874,0.0,708.0,17.2581272125,39.619047619,73.0,22.0,12.2657090724,832.0
1353,36.9743350724,13.866000418,0.0,707.0,13.6701831818,43.3333333333,71.0,27.0,10.2729418052,910.0
1353,36.9025063265,13.78006086,0.0,708.0,17.5493087769,47.2380952381,83.0,31.0,11.7128338241,992.0
1354,40.3768376598,19.6629760715,0.0,734.0,31.9024600983,56.5714285714,106.0,29.0,19.8231466437,1188.0
1354,40.3995154166,19.5241041011,0.0,737.0,16.80742836,45.8571428571,72.0,32.0,10.4320933388,963.0
1354,40.2832037426,19.5733229655,0.0,736.0,18.4832057953,47.9047619048,80.0,29.0,10.7280229395,1006.0
1354,40.3335599761,19.5748414032,0.0,733.0,19.4137210846,49.9523809524,79.0,30.0,13.2154310958,1049.0
1354,40.3723603418,19.6970598393,0.0,735.0,22.1934509277,55.6666666667,81.0,38.0,12.3908568442,1169.0
1355,4.7099663074,38.8517936989,0.0,735.0,14.2885513306,37.380952381,59.0,21.0,10.8511574981,785.0
1355,4.69262096044,38.7605723687,0.0,734.0,12.4228868484,37.9523809524,53.0,30.0,7.3312767679,797.0
1355,4.67999658677,38.8111980379,0.0,733.0,16.7287788391,37.0,60.0,21.0,11.5455619179,777.0
1356,12.8540125187,15.0767075474,0.0,736.0,12.2092962265,41.4761904762,58.0,18.0,10.8010140617,871.0
1356,12.9412513135,14.9911519513,0.0,737.0,20.4599838257,46.1904761905,76.0,32.0,13.4484907987,970.0
1357,20.0752607155,14.2575035919,0.0,737.0,14.7391929626,44.9523809524,64.0,27.0,9.64611937764,944.0
1357,20.1000194687,14.2002847206,0.0,736.0,19.5999717712,48.380952381,88.0,25.0,13.7530948898,1016.0
1358,25.3590516341,26.729953358,0.0,737.0,12.911567688,40.0952380952,70.0,26.0,11.5451494659,842.0
1358,25.3221103582,26.730954246,0.0,736.0,17.4131717682,46.7619047619,77.0,30.0,12.6289538835,982.0
1359,15.8684929368,37.87782353,0.0,737.0,14.5404481888,41.5714285714,73.0,29.0,11.6943209661,873.0
1359,15.9641809572,37.8482665018,0.0,736.0,13.9916162491,44.3333333333,62.0,33.0,8.18127944354,931.0
1359,15.9917313441,37.899954996,0.0,738.0,14.3811941147,40.380952381,60.0,22.0,11.1645698102,848.0
1360,20.6089193891,4.10457552458,0.0,736.0,16.0088481903,44.9523809524,69.0,31.0,9.81058708985,944.0
1360,20.5640944235,4.11178408206,0.0,737.0,15.1815061569,41.1428571429,69.0,25.0,10.7855723737,864.0
1361,19.7317892179,2.73426204848,0.0,740.0,21.0509490967,45.7142857143,71.0,29.0,13.1534894881,960.0
1361,19.8278559097,2.79945401244,0.0,741.0,19.5447216034,47.5238095238,98.0,29.0,14.5966401875,998.0
1361,19.7258726754,2.82998133286,0.0,739.0,19.3358764648,44.4761904762,83.0,26.0,13.5337321077,934.0
1361,19.7163304952,2.73992082862,0.0,735.0,18.8884029388,45.0,68.0,27.0,12.4859921512,945.0
1361,19.7141299139,2.71083702832,0.0,737.0,17.2736816406,45.8571428571,81.0,34.0,10.4799127586,963.0
1361,19.7419225063,2.69638711222,0.0,736.0,23.5667171478,51.8095238095,88.0,35.0,13.5632556845,1088.0
1362,15.6537672968,33.5553091857,0.0,704.0,17.3859157562,46.6666666667,73.0,23.0,10.5703989203,980.0
1362,15.6742532156,33.5321085692,0.0,703.0,12.4030246735,42.1428571429,54.0,30.0,7.92644759199,885.0
1363,17.2766403387,26.8936743719,0.0,735.0,13.1935358047,44.9523809524,70.0,25.0,11.1824692733,944.0
1363,17.1747905838,26.8820977023,0.0,736.0,12.8701629639,46.3333333333,62.0,25.0,9.36126772042,973.0
1363,17.210129203,26.9206289735,0.0,738.0,19.0941581726,47.380952381,74.0,25.0,12.3591107709,995.0
1363,17.2372032213,26.9043831484,0.0,739.0,17.0220279694,50.3333333333,67.0,34.0,9.87083245392,1057.0
1364,41.4122690042,31.4822760253,0.0,739.0,15.0405015945,45.2380952381,67.0,32.0,10.4350599515,950.0
1364,41.4153815112,31.5217891459,0.0,740.0,14.3157815933,47.0,72.0,31.0,9.89949493661,987.0
1364,41.4475381655,31.4762490111,0.0,738.0,17.682598114,49.2380952381,76.0,28.0,11.523475005,1034.0
1365,30.5453628166,11.4853799847,0.0,740.0,19.1761398315,45.5714285714,75.0,26.0,12.7615493909,957.0
1365,30.505720967,11.2786824814,0.0,738.0,16.0299949646,43.7619047619,67.0,27.0,11.4319935353,919.0
1365,30.5877267243,11.589934447,0.0,741.0,18.3610782623,46.4761904762,89.0,23.0,13.912652686,976.0
1365,30.4808761532,11.4472621347,0.0,739.0,15.1807823181,46.9523809524,65.0,32.0,9.66165715846,986.0
1365,30.6419854908,11.6876693783,0.0,742.0,14.0759487152,43.7619047619,66.0,28.0,11.0222718253,919.0
1366,39.6271829347,35.3367164264,0.0,737.0,15.874835968,47.0952380952,66.0,31.0,10.7373402754,989.0
1366,39.6296301815,35.3800993396,0.0,738.0,19.867061615,45.1428571429,76.0,26.0,13.8032087367,948.0
1367,19.4552545636,3.71843116495,0.0,738.0,20.3515529633,47.5238095238,74.0,29.0,12.7930412632,998.0
1367,19.4626801425,3.66650484525,0.0,737.0,15.2919387817,44.1904761905,70.0,26.0,10.5338456777,928.0
1368,23.2903307774,1.7737695553,0.0,738.0,12.6935243607,41.0,64.0,27.0,8.88256719648,861.0
1368,23.1756018261,1.73167550361,0.0,739.0,13.7100305557,41.8095238095,69.0,24.0,9.98808814348,878.0
1369,10.8997245576,2.45363931902,0.0,694.0,14.0307731628,37.7142857143,54.0,25.0,7.55078047054,792.0
1369,10.8501401791,2.33830841276,0.0,695.0,14.1920289993,39.4285714286,60.0,26.0,8.68660709697,828.0
1370,10.0950258308,17.9782968402,0.0,751.0,18.9555835724,46.2380952381,69.0,29.0,12.3203277631,971.0
1370,10.1135235395,17.9810304214,0.0,744.0,20.0217819214,45.380952381,75.0,28.0,11.6510780208,953.0
1370,10.059168324,17.9428218177,0.0,746.0,19.6462841034,44.9047619048,70.0,28.0,12.6289538835,943.0
1370,10.0976683055,17.9850314743,0.0,747.0,23.4110774994,50.4285714286,84.0,32.0,12.7615493909,1059.0
1370,10.164012848,17.960176605,0.0,749.0,12.6411523819,43.0952380952,62.0,28.0,9.17553683391,905.0
1370,10.1202814544,17.9256361249,0.0,748.0,19.8523292542,45.619047619,74.0,26.0,13.1813360115,958.0
1370,10.1348976772,17.9401017899,0.0,743.0,18.1563987732,45.3333333333,80.0,28.0,11.7445022599,952.0
1370,10.1222093462,17.9438575219,0.0,745.0,25.1924991608,49.2857142857,90.0,30.0,16.4047031584,1035.0
1370,10.0937409106,17.9923053729,0.0,750.0,17.9149456024,44.4285714286,70.0,24.0,11.6084944268,933.0
1371,33.0859351615,26.9804431229,0.0,742.0,17.5929145813,46.4761904762,81.0,31.0,13.1932522435,976.0
1371,33.0934577639,27.0459788768,0.0,741.0,16.7373752594,49.0952380952,67.0,36.0,10.3484528404,1031.0
1371,33.0722005872,27.1253439539,0.0,740.0,27.9122161865,55.380952381,103.0,33.0,18.0124295709,1163.0
1371,33.0714310203,26.9561164024,0.0,743.0,16.024723053,49.9523809524,75.0,27.0,12.9556018404,1049.0
1372,24.9754057475,3.37746416071,0.0,692.0,15.3291921616,42.9523809524,71.0,31.0,10.0969113618,902.0
1372,24.9180672962,3.39683143711,0.0,693.0,13.8525533676,39.7619047619,72.0,20.0,11.759697113,835.0
1373,37.2578679741,13.9965911748,0.0,692.0,14.5701522827,49.0,64.0,36.0,6.97137002317,1029.0
1373,37.384863269,13.9794555657,0.0,693.0,13.2083492279,42.4761904762,63.0,29.0,10.768560942,892.0
1374,13.0134191491,15.0252606919,0.0,744.0,20.9851150513,46.8571428571,76.0,26.0,14.3536953928,984.0
1374,12.9732356161,15.1138746946,0.0,745.0,19.3138179779,46.0,82.0,31.0,13.6821051012,966.0
1375,37.9716521955,23.1726045521,0.0,744.0,12.9171895981,40.2857142857,79.0,20.0,11.3143398267,846.0
1375,37.9166352848,23.2545975904,0.0,747.0,15.622376442,45.8095238095,72.0,29.0,11.792451177,962.0
1375,37.9618145627,23.2153461323,0.0,748.0,12.7761163712,42.380952381,67.0,29.0,8.9581035408,890.0
1375,37.9581289159,23.1530349629,0.0,745.0,19.5921363831,47.4761904762,78.0,25.0,12.9522934171,997.0
1376,41.4719380224,31.434291701,0.0,748.0,14.0463609695,49.0952380952,73.0,31.0,9.57029133258,1031.0
1376,41.2842411008,31.4664177275,0.0,745.0,13.2818517685,46.5238095238,64.0,31.0,9.99309285266,977.0
1376,41.1760606052,31.5097099147,0.0,744.0,15.8455791473,47.8571428571,66.0,27.0,11.4642300844,1005.0
1376,41.4028705758,31.4797375576,0.0,746.0,15.1717319489,45.1904761905,76.0,28.0,12.5284438284,949.0
1376,41.4155454052,31.5153432146,0.0,747.0,13.2459573746,46.2380952381,64.0,37.0,7.91141429774,971.0
1376,41.414616009,31.5069795522,0.0,749.0,19.5279388428,47.7142857143,86.0,30.0,13.4318385083,1002.0
1377,26.236125647,2.3193257905,0.0,746.0,18.8250789642,49.2380952381,75.0,32.0,12.4133185003,1034.0
1377,26.0847801062,2.24563566027,0.0,747.0,21.5053520203,48.9047619048,87.0,34.0,15.1753245827,1027.0
1377,26.2327423448,2.34868655278,0.0,745.0,25.3503398895,54.1904761905,86.0,30.0,15.2860035576,1138.0
1378,26.7710457605,20.2422922709,0.0,746.0,13.6874513626,45.8095238095,76.0,32.0,10.342238866,962.0
1378,26.7870553531,20.1688888938,0.0,747.0,13.8593864441,46.0952380952,69.0,35.0,9.72062118336,968.0
1378,26.9004366723,20.3350212493,0.0,745.0,15.9592237473,46.6666666667,64.0,27.0,11.1325349015,980.0
1378,26.8549650744,20.2401881418,0.0,748.0,13.9810361862,43.9047619048,69.0,30.0,10.1828520656,922.0
1378,26.8130460718,20.3585734582,0.0,743.0,16.5709915161,46.0952380952,63.0,31.0,9.07691997268,968.0
1378,26.9932794487,20.5051768146,0.0,742.0,12.8632049561,44.0952380952,63.0,24.0,9.97449127477,926.0
1379,22.9568883921,14.0617437701,0.0,747.0,19.8534030914,48.9047619048,88.0,31.0,13.8271644306,1027.0
1379,22.9575151609,14.0158912226,0.0,752.0,16.8767356873,48.9047619048,71.0,32.0,10.0195047877,1027.0
1379,22.9039175883,13.9834763741,0.0,749.0,16.2890396118,48.5714285714,66.0,37.0,9.95776796562,1020.0
1379,22.9044556833,14.0943496982,0.0,748.0,25.4323501587,49.1904761905,87.0,27.0,17.4889080494,1033.0
1379,22.9301585192,13.9373877301,0.0,751.0,13.4988861084,43.0952380952,67.0,31.0,9.53889281785,905.0
1380,22.0754030752,31.3852249566,0.0,748.0,24.0928058624,50.619047619,95.0,29.0,16.9129423533,1063.0
1380,22.0797494542,31.3997348493,0.0,749.0,51.0968208313,70.380952381,153.0,28.0,35.1958466164,1478.0
1381,40.4050357628,19.5466552071,0.0,749.0,27.304933548,53.6666666667,99.0,35.0,15.4865533071,1127.0
1381,40.3122098478,19.5931897271,0.0,748.0,12.2242240906,43.1904761905,67.0,22.0,9.73970763226,907.0
1382,42.140884593,4.13835788571,0.0,750.0,23.1365375519,49.2857142857,83.0,31.0,14.5091104384,1035.0
1382,42.1767618782,4.14780330502,0.0,751.0,20.516450882,45.0952380952,70.0,21.0,13.601120402,947.0
1383,28.7228584589,25.4630670863,0.0,755.0,15.8484649658,44.5238095238,72.0,22.0,11.8979790201,935.0
1383,28.6855204834,25.5043052641,0.0,754.0,16.6997451782,47.619047619,71.0,33.0,10.4282126488,1000.0
1383,28.7560154664,25.4737014696,0.0,752.0,17.9932250977,48.0,75.0,31.0,11.1848111294,1008.0
1383,28.711884441,25.4559822098,0.0,753.0,19.9112071991,50.4761904762,76.0,36.0,13.5890361969,1060.0
1384,36.9292688041,21.6685380801,0.0,751.0,13.5789194107,47.3333333333,67.0,32.0,9.52540462833,994.0
1384,36.8639099734,21.589110219,0.0,754.0,17.4318962097,49.3333333333,84.0,35.0,12.0222016841,1036.0
1384,37.0011235594,21.5155866506,0.0,752.0,20.0307617188,46.380952381,71.0,31.0,12.167482034,974.0
1384,37.0073315212,21.6557867717,0.0,756.0,17.1756534576,46.2380952381,90.0,23.0,13.0533703001,971.0
1384,36.96026411,21.6784556424,0.0,757.0,12.7979202271,46.6666666667,66.0,32.0,10.3746485884,980.0
1384,36.9205375629,21.5699058534,0.0,753.0,16.1205978394,46.8571428571,75.0,33.0,10.9283379994,984.0
1385,42.7673009541,33.5567129108,0.0,753.0,23.5281333923,50.0,93.0,30.0,14.8795161212,1050.0
1385,42.7519110839,33.5708497236,0.0,758.0,20.0550842285,47.6666666667,81.0,30.0,13.5104897518,1001.0
1385,42.7641074746,33.5846285896,0.0,755.0,21.2095108032,46.8571428571,78.0,24.0,14.6502072145,984.0
1385,42.7932002979,33.5848130346,0.0,759.0,27.8527107239,54.0476190476,93.0,28.0,17.2756365743,1135.0
1385,42.7586646929,33.5627756087,0.0,754.0,20.1109752655,48.0,72.0,29.0,12.9344501236,1008.0
1385,42.7484076353,33.5494460394,0.0,752.0,13.4321613312,41.7142857143,68.0,30.0,9.48758587388,876.0
1385,42.736559674,33.5576551314,0.0,756.0,18.3704509735,46.380952381,74.0,34.0,11.9686097375,974.0
1385,42.7519434235,33.5917728208,0.0,757.0,13.4841470718,46.1428571429,68.0,35.0,9.18305893636,969.0
1385,42.7801401703,33.5849235957,0.0,760.0,12.8710260391,44.4285714286,67.0,26.0,9.87203843475,933.0
1386,16.317016317,39.4975394975,0.0,753.0,14.3760967255,41.3333333333,69.0,27.0,10.7579428021,868.0
1386,16.1875161875,39.4975394975,0.0,751.0,21.5104446411,51.7142857143,74.0,33.0,12.5823004937,1086.0
1386,16.281156166,39.2742533866,0.0,754.0,13.6282043457,45.7619047619,71.0,27.0,10.6014374587,961.0
1386,16.317016317,39.4975394975,0.0,752.0,15.8474769592,41.0,71.0,26.0,10.9772492001,861.0
1387,30.3866908576,26.2521186628,0.0,755.0,32.5853347778,58.8095238095,105.0,37.0,19.8081272401,1235.0
1387,30.3232043724,26.3871840982,0.0,751.0,15.0038223267,45.4761904762,79.0,34.0,10.9115491458,955.0
1387,30.4374222887,26.3751169231,0.0,759.0,12.6744031906,47.9047619048,63.0,30.0,8.80286749818,1006.0
1387,30.3748580013,26.2932978596,0.0,758.0,12.7597761154,46.0,59.0,22.0,8.89943818451,966.0
1387,30.3928772155,26.4037327679,0.0,754.0,14.0950345993,45.0,60.0,27.0,9.75192288731,945.0
1387,30.448510772,26.033529794,0.0,757.0,13.1051273346,45.2857142857,64.0,32.0,8.45069735077,951.0
1387,30.4550533882,26.5112974006,0.0,752.0,12.1266832352,45.380952381,63.0,31.0,8.30948969839,953.0
1387,30.4368403443,26.2216956992,0.0,760.0,18.3328609467,47.9523809524,70.0,29.0,12.2575535507,1007.0
1387,30.4793016174,26.2749154138,0.0,756.0,29.7129230499,53.6666666667,104.0,24.0,19.9908312317,1127.0
1387,30.494280596,26.299053258,0.0,761.0,14.1246328354,46.6666666667,62.0,32.0,9.8047607484,980.0
1388,23.6974809725,12.0338776883,0.0,759.0,14.4047851562,43.2857142857,66.0,28.0,9.50864268517,909.0
1388,23.6404935936,12.0248011222,0.0,757.0,15.384510994,43.9523809524,70.0,21.0,10.3560426345,923.0
1388,23.6815420034,12.0602232881,0.0,761.0,19.7664813995,44.6666666667,83.0,26.0,13.316656237,938.0
1388,23.6802529665,12.0360051116,0.0,760.0,24.8396205902,51.380952381,95.0,37.0,14.5618549316,1079.0
1388,23.6976425929,12.0331657516,0.0,756.0,26.9166641235,50.0,87.0,29.0,16.6493243106,1050.0
1388,23.6189303194,12.0446464067,0.0,758.0,12.8813114166,40.380952381,63.0,23.0,10.9246335887,848.0
1388,23.692365346,12.0295197947,0.0,755.0,32.4442138672,56.0952380952,111.0,35.0,18.0745809409,1178.0
1389,11.2258259285,12.3863791556,0.0,759.0,36.7621803284,56.8571428571,105.0,30.0,23.7871513937,1194.0
1389,11.0646732285,12.4732558881,0.0,758.0,27.7314758301,51.380952381,86.0,24.0,16.3629954179,1079.0
1389,11.1533064847,12.5324399758,0.0,760.0,12.1108999252,38.5238095238,55.0,24.0,8.56515643534,809.0
1389,11.2482042444,12.7093864014,0.0,757.0,12.3961019516,35.5238095238,65.0,22.0,10.7080299197,746.0
1390,37.9063481262,23.2267670054,0.0,758.0,16.9140644073,45.8571428571,77.0,30.0,12.9664401988,963.0
1390,37.9222938742,23.2917565169,0.0,759.0,12.2282447815,41.4285714286,66.0,30.0,9.14095962452,870.0
1391,18.2216556495,0.938793361688,0.0,759.0,24.8638954163,47.0952380952,81.0,22.0,15.9778119963,989.0
1391,18.2060455623,0.979897792512,0.0,758.0,20.3319969177,47.0476190476,77.0,29.0,14.4411778968,988.0
1392,34.3898974136,17.2335328101,0.0,766.0,23.5130805969,53.380952381,82.0,35.0,15.2134026124,1121.0
1392,34.3855283053,17.2641230297,0.0,770.0,28.6920223236,61.0,99.0,37.0,16.2726764854,1281.0
1392,34.4583055769,17.1431864006,0.0,762.0,15.8344507217,46.9523809524,67.0,26.0,11.5908420336,986.0
1392,34.4415042866,17.2134023817,0.0,771.0,24.9753170013,53.3333333333,98.0,35.0,16.2090509695,1120.0
1392,34.175653919,17.085350687,0.0,776.0,13.4490232468,46.7142857143,61.0,32.0,7.94444999445,981.0
1392,34.2841334192,17.1608983795,0.0,760.0,23.2409000397,54.4761904762,88.0,31.0,16.2068474653,1144.0
1392,34.4558815269,17.1330300865,0.0,763.0,23.0801849365,52.0476190476,89.0,35.0,13.9659449751,1093.0
1392,34.1670227854,17.1229185991,0.0,777.0,14.0429754257,46.8571428571,65.0,29.0,9.37168989183,984.0
1392,34.5133257203,17.2651029405,0.0,768.0,27.3046321869,55.4761904762,98.0,34.0,17.3828048589,1165.0
1392,34.3267329632,17.1498661314,0.0,772.0,23.985294342,52.1428571429,89.0,35.0,15.6150110928,1095.0
1392,34.4836080693,17.0841183526,0.0,764.0,15.8685369492,49.0476190476,71.0,34.0,9.92711534372,1030.0
1392,34.4297696713,17.241939349,0.0,767.0,24.4159088135,55.0476190476,99.0,38.0,14.008840746,1156.0
1392,34.1367410749,17.1570984491,0.0,778.0,17.4020862579,49.380952381,85.0,29.0,13.9981291267,1037.0
1392,34.2382512973,17.0412634004,0.0,759.0,24.5969104767,53.5238095238,91.0,34.0,15.312148927,1124.0
1392,34.2186605979,17.1823292815,0.0,773.0,21.5044326782,54.8571428571,81.0,27.0,12.9857064278,1152.0
1392,34.3726039464,17.138659186,0.0,761.0,22.57380867,53.1904761905,88.0,30.0,15.5519100037,1117.0
1392,34.500287482,17.0985327162,0.0,765.0,13.4520530701,43.0476190476,63.0,27.0,10.6886677864,904.0
1392,34.4959574906,17.2901150896,0.0,769.0,31.1293334961,61.7142857143,103.0,35.0,19.5809674356,1296.0
1392,34.2410691118,17.1714779095,0.0,774.0,27.9668159485,59.1428571429,107.0,38.0,17.8781590615,1242.0
1392,34.2441397748,17.1075431638,0.0,775.0,23.0049781799,52.3333333333,89.0,34.0,14.9877727943,1099.0
1393,10.2679782968,0.294088802035,0.0,761.0,13.8475542068,38.380952381,68.0,17.0,11.0067079114,806.0
1393,10.0606584799,0.27861425669,0.0,763.0,17.0791110992,43.619047619,83.0,25.0,12.753337565,916.0
1393,10.1430638548,0.159943230371,0.0,762.0,13.2360858917,43.2857142857,67.0,22.0,12.534523753,909.0
1394,0.0,6.86350686351,0.0,762.0,18.6192569733,37.0476190476,59.0,19.0,11.7791179232,778.0
1394,0.0,6.86350686351,0.0,760.0,13.2546854019,33.7142857143,58.0,23.0,9.24739345515,708.0
1394,0.0,6.86350686351,0.0,761.0,15.179731369,36.3333333333,55.0,24.0,11.5945389444,763.0
1395,1.92634964087,19.6359722429,0.0,762.0,15.6100273132,36.4285714286,67.0,21.0,11.6729234923,765.0
1395,1.8843423816,19.6179628285,0.0,764.0,29.8633327484,46.0,89.0,24.0,20.3322404078,966.0
1395,1.91011862901,19.6068824941,0.0,761.0,25.757730484,46.1904761905,85.0,29.0,15.213872116,970.0
1395,1.88382960247,19.6160058796,0.0,760.0,15.1030740738,37.7619047619,67.0,22.0,10.9813695043,793.0
1395,1.90624972448,19.5978822018,0.0,763.0,29.2959327698,46.7619047619,83.0,21.0,18.1821471832,982.0
1396,6.89026221796,9.02063402459,0.0,762.0,13.7420454025,36.380952381,62.0,18.0,10.3318739369,764.0
1396,7.13644048155,9.15976423142,0.0,763.0,20.0831050873,43.0476190476,67.0,20.0,12.523881948,904.0
1397,40.3519739885,19.5979085506,0.0,764.0,15.6160993576,47.4761904762,68.0,31.0,10.9435782431,997.0
1397,40.2946987976,19.6261609704,0.0,767.0,18.9641780853,47.3333333333,79.0,33.0,13.4399900794,994.0
1397,40.3898133038,19.6638949898,0.0,762.0,26.7209396362,57.7142857143,91.0,34.0,14.4088266599,1212.0
1397,40.3347167898,19.6478875556,0.0,766.0,23.9925498962,54.619047619,98.0,37.0,15.4676313328,1147.0
1397,40.2980401764,19.6297549863,0.0,765.0,22.3842315674,50.8571428571,83.0,35.0,13.889872981,1068.0
1397,40.4221085417,19.5927004776,0.0,763.0,23.0829105377,54.4285714286,86.0,35.0,13.6841931752,1143.0
1398,7.62082678897,19.2215252657,0.0,767.0,12.7793188095,37.9047619048,77.0,21.0,11.4800033184,796.0
1398,7.50035182554,19.290713756,0.0,768.0,12.7829427719,39.0476190476,61.0,22.0,9.01929149366,820.0
1399,41.8612695412,3.64739420799,0.0,735.0,21.253074646,50.4761904762,76.0,32.0,11.6816910061,1060.0
1399,41.9121535983,3.64581030947,0.0,734.0,16.1585731506,47.7142857143,69.0,32.0,9.40288709463,1002.0
1400,41.4918589472,31.4415218207,0.0,766.0,13.8495845795,46.5714285714,64.0,22.0,9.95776796562,978.0
1400,41.4059135067,31.3510066319,0.0,767.0,13.0316495895,46.8095238095,73.0,31.0,10.2059739742,983.0
1400,41.3232734306,31.5036884905,0.0,765.0,15.6736068726,44.2380952381,70.0,26.0,12.3162687609,929.0
1401,10.4525918899,16.946029032,0.0,769.0,12.7247333527,38.6666666667,67.0,28.0,9.25922962958,812.0
1401,10.3940778884,16.9083309837,0.0,768.0,12.3953104019,40.2857142857,60.0,24.0,9.81907764071,846.0
1401,10.4741615718,16.9215626485,0.0,770.0,14.4185810089,42.4285714286,59.0,26.0,8.05339325112,891.0
1402,42.505458806,24.6652615785,0.0,770.0,28.8628768921,57.7619047619,95.0,38.0,17.5439583957,1213.0
1402,42.7595823143,24.4499901203,0.0,766.0,21.1534385681,48.8571428571,84.0,34.0,13.759671923,1026.0
1402,42.4117210433,24.7980561248,0.0,771.0,13.5371952057,46.2380952381,66.0,31.0,10.8393023849,971.0
1402,42.3667639702,24.6992500956,0.0,773.0,17.0077362061,43.5714285714,67.0,29.0,12.2293557826,915.0
1402,42.529481344,24.6376995209,0.0,769.0,34.2741203308,64.8095238095,113.0,40.0,21.4210621763,1361.0
1402,42.7093534966,24.4323288498,0.0,765.0,18.0164470673,49.380952381,72.0,31.0,12.001983963,1037.0
1402,42.714704178,24.6316791734,0.0,768.0,16.7081394196,44.5714285714,71.0,23.0,12.1925035517,936.0
1402,42.3989436545,24.6747116863,0.0,772.0,16.3186988831,48.8095238095,74.0,37.0,11.461322121,1025.0
1403,26.8099592686,20.2933504524,0.0,770.0,12.8315124512,46.0,64.0,35.0,8.09320702812,966.0
1403,26.8259706662,20.2230375418,0.0,773.0,12.1621961594,45.7142857143,67.0,27.0,10.8080657712,960.0
1403,26.7966284366,20.2231863075,0.0,771.0,12.019695282,44.3333333333,61.0,22.0,9.941495528,931.0
1403,26.7686955532,20.2388389209,0.0,774.0,13.7287654877,45.380952381,68.0,32.0,8.69181333484,953.0
1403,26.8197484831,20.3094493579,0.0,769.0,12.3321008682,44.380952381,68.0,28.0,10.20527408,932.0
1404,42.3160703497,33.1186343531,0.0,768.0,19.6368255615,45.0952380952,86.0,30.0,14.2860238062,947.0
1404,42.2946749183,33.1580693985,0.0,769.0,16.4183273315,44.5238095238,75.0,26.0,12.9136325161,935.0
1405,18.9372484392,3.72791738218,0.0,769.0,16.9108982086,45.380952381,67.0,29.0,10.8327106048,953.0
1405,18.9257329228,3.82739727627,0.0,768.0,15.7726459503,46.619047619,71.0,35.0,10.5994159767,979.0
1406,34.3494281088,2.914974535,0.0,731.0,13.7924451828,42.8571428571,66.0,23.0,11.5986452411,900.0
1406,34.4651443172,2.97187299999,0.0,730.0,12.1362476349,39.0,55.0,22.0,9.23579991122,819.0
1407,10.4545624385,16.8921365227,0.0,776.0,16.865901947,43.2857142857,68.0,26.0,10.803438606,909.0
1407,10.3885872435,16.9795293679,0.0,774.0,14.3412809372,39.5714285714,62.0,21.0,10.3902426756,831.0
1407,10.4074256183,16.8701623319,0.0,777.0,14.1458282471,40.7619047619,62.0,24.0,11.0131955485,856.0
1407,10.4785316526,16.9210387761,0.0,775.0,13.1231632233,37.7619047619,65.0,17.0,10.5399466882,793.0
1408,31.0644506683,19.6239842333,0.0,725.0,21.950674057,52.2857142857,89.0,27.0,13.964751545,1098.0
1408,31.0720158322,19.622234494,0.0,726.0,14.4103403091,45.4285714286,66.0,26.0,11.0615163001,954.0
1408,31.0848268277,19.5701251231,0.0,724.0,18.7936782837,48.0,80.0,32.0,12.1531888819,1008.0
1409,39.468445672,14.1905566706,0.0,725.0,12.1479539871,41.3333333333,62.0,22.0,9.44633967912,868.0
1409,39.4840844194,14.2242939144,0.0,726.0,14.506565094,43.8571428571,66.0,25.0,11.5857054782,921.0
1409,39.4456369201,14.1838204864,0.0,724.0,12.316822052,44.1428571429,62.0,29.0,9.83506845063,927.0
1410,40.6651803816,38.2500932174,0.0,725.0,13.7062730789,44.4285714286,71.0,31.0,9.78044696612,933.0
1410,40.6407703972,38.202898174,0.0,726.0,16.7249031067,45.5238095238,65.0,26.0,11.378132745,956.0
1411,37.175164576,33.9406736027,0.0,775.0,14.674697876,43.2380952381,64.0,27.0,10.4110746895,908.0
1411,37.1863223321,33.8884249036,0.0,778.0,13.5073099136,46.2857142857,68.0,32.0,9.768023634,972.0
1411,37.1662043362,33.8253280545,0.0,783.0,12.0501298904,45.1904761905,70.0,31.0,10.6189408493,949.0
1411,37.2479854747,33.8809533508,0.0,781.0,14.6440925598,46.8095238095,79.0,28.0,12.3394450751,983.0
1411,37.3300788681,33.9234333297,0.0,776.0,18.5601558685,47.2857142857,73.0,31.0,11.2122382116,993.0
1411,37.1918747866,33.8664642663,0.0,779.0,13.2433509827,44.6666666667,65.0,25.0,10.8689159226,938.0
1411,37.1329855978,33.8946078022,0.0,784.0,14.1805915833,44.4761904762,71.0,30.0,10.1174060293,934.0
1411,37.2675796542,33.7814321682,0.0,782.0,17.890127182,50.8095238095,84.0,30.0,12.4764540139,1067.0
1411,37.2762895936,33.9084306629,0.0,777.0,16.8283882141,49.0,83.0,29.0,10.5782796333,1029.0
1412,21.8911036854,14.7541681434,0.0,778.0,12.1351528168,40.9523809524,69.0,27.0,9.23837751164,860.0
1412,21.8814842956,14.7122908897,0.0,779.0,13.8821897507,43.8095238095,62.0,24.0,10.4384819185,920.0
1412,22.0099945527,14.6507927273,0.0,777.0,14.2701025009,46.2857142857,69.0,25.0,11.1630768928,972.0
1413,41.4254692377,31.4427656429,0.0,778.0,21.4782600403,52.6666666667,79.0,33.0,11.7997175107,1106.0
1413,41.4586079312,31.4546087809,0.0,781.0,14.2967729568,46.0476190476,76.0,24.0,10.514162784,967.0
1413,41.6451170229,31.4731120112,0.0,784.0,12.9306573868,45.1428571429,67.0,25.0,10.2727100333,948.0
1413,41.434156642,31.5402557986,0.0,785.0,16.7056236267,48.4285714286,74.0,28.0,11.3118143044,1017.0
1413,41.3308161133,31.4493096871,0.0,779.0,14.4747600555,47.7619047619,74.0,33.0,10.9448835622,1003.0
1413,41.520110065,31.5125984929,0.0,782.0,13.9699020386,48.6666666667,66.0,34.0,8.91814629468,1022.0
1414,43.7727070088,4.62558622352,0.0,779.0,22.2648010254,47.3333333333,83.0,28.0,13.3504057367,994.0
1414,43.7799155208,4.63574048238,0.0,778.0,12.7879629135,38.7619047619,56.0,24.0,9.43877514249,814.0
1415,20.7614497458,30.0153956503,0.0,723.0,12.3507089615,39.9523809524,65.0,24.0,10.4569411898,839.0
1415,20.7448635117,30.051347624,0.0,722.0,17.0346031189,44.4761904762,68.0,26.0,10.7592706427,934.0
1416,10.4423384544,16.9154522168,0.0,780.0,18.6950073242,46.0952380952,72.0,28.0,11.9704000013,968.0
1416,10.4008849945,16.9457779491,0.0,781.0,12.5990943909,38.4285714286,64.0,27.0,9.08609612854,807.0
1417,23.7008983336,12.0401406019,0.0,781.0,40.4525947571,60.0476190476,110.0,31.0,22.8746064239,1261.0
1417,23.7187669179,12.0495926973,0.0,782.0,25.1229343414,50.2857142857,96.0,26.0,16.1590310884,1056.0
1417,23.6935165184,12.0823633381,0.0,783.0,13.9050550461,43.1904761905,66.0,19.0,11.1383079847,907.0
1417,23.7154642268,12.0528886193,0.0,780.0,19.7931270599,44.6666666667,81.0,32.0,12.8036453143,938.0
1418,26.8352317182,20.3803040124,0.0,783.0,12.2456731796,44.2380952381,60.0,27.0,9.48105881168,929.0
1418,26.9008403134,20.3882715928,0.0,784.0,13.1049919128,47.3333333333,70.0,30.0,10.6833203328,994.0
1418,26.8690251637,20.4241894982,0.0,781.0,15.6273183823,46.4761904762,68.0,34.0,10.1716225236,976.0
1418,26.9128991531,20.4518962396,0.0,782.0,13.1360054016,44.5714285714,64.0,31.0,10.1566304874,936.0
1419,33.2458310821,4.36627421697,0.0,779.0,17.4480457306,45.8571428571,71.0,23.0,12.211820971,963.0
1419,33.1322011828,4.39012203812,0.0,780.0,13.5039262772,44.4285714286,66.0,31.0,9.98784976144,933.0
1420,43.5666503683,14.5044028734,0.0,784.0,18.473400116,44.1428571429,71.0,23.0,12.8580158434,927.0
1420,43.5764030264,14.5294353755,0.0,785.0,15.2256088257,41.5714285714,75.0,23.0,11.5523652495,873.0
1420,43.5677796994,14.5317411392,0.0,782.0,28.9637107849,55.9047619048,94.0,34.0,17.921787751,1174.0
1420,43.5701158848,14.5353872565,0.0,786.0,26.080537796,50.1904761905,85.0,23.0,18.9515673431,1054.0
1420,43.6061162108,14.5269511836,0.0,783.0,21.0273017883,47.2380952381,81.0,29.0,13.6598124508,992.0
1421,35.5815308749,12.9303422545,0.0,782.0,14.0750303268,45.7619047619,63.0,31.0,8.6191923166,961.0
1421,35.6186488475,12.9416302731,0.0,783.0,15.1212444305,42.6666666667,65.0,23.0,10.2680734967,896.0
1422,34.2211109392,17.0760883213,0.0,782.0,13.7218933105,43.2380952381,60.0,23.0,9.80257497755,908.0
1422,34.1900689236,17.0653114345,0.0,783.0,13.4190406799,45.0476190476,72.0,34.0,10.5758034705,946.0
1423,28.708488955,25.7645005866,0.0,783.0,18.3858737946,52.0,84.0,37.0,11.5628716156,1092.0
1423,28.7487641732,25.6452230195,0.0,784.0,13.0029506683,45.5714285714,59.0,29.0,8.31006274688,957.0
1423,28.6965293666,25.75467041,0.0,782.0,16.7934875488,46.7142857143,67.0,27.0,11.3364141471,981.0
1424,17.7316544035,33.4680911175,0.0,784.0,40.1082115173,64.3333333333,114.0,32.0,23.2665711555,1351.0
1424,17.7237608412,33.4631839571,0.0,785.0,38.1042747498,62.4761904762,110.0,34.0,22.4045063494,1312.0
1425,39.1630837256,5.2764954392,0.0,785.0,16.4007911682,46.8095238095,74.0,31.0,10.6706093904,983.0
1425,39.0913855397,5.26624517238,0.0,786.0,14.3444871902,45.0476190476,67.0,25.0,9.9472417809,946.0
1426,34.2521378053,17.0929679575,0.0,792.0,14.1137151718,49.0476190476,69.0,31.0,10.5379134105,1030.0
1426,34.23590929,17.1697177406,0.0,789.0,12.6301202774,44.0476190476,61.0,25.0,9.97234270609,925.0
1426,34.2117686868,17.1043384525,0.0,791.0,22.0409927368,50.2857142857,76.0,28.0,14.1920500885,1056.0
1426,34.1977033649,17.1374829235,0.0,790.0,23.8594779968,51.619047619,90.0,32.0,14.1861770413,1084.0
1427,2.04756122382,26.0169303186,0.0,792.0,12.3013439178,32.2380952381,62.0,18.0,9.50213008701,677.0
1427,2.01317005115,26.0476551785,0.0,793.0,12.735086441,33.5238095238,55.0,21.0,9.69855168373,704.0
1428,4.15531963114,2.74766468175,0.0,792.0,24.4296855927,43.1904761905,76.0,25.0,14.4243511037,907.0
1428,4.18387725916,2.74976609574,0.0,791.0,68.9148101807,72.1428571429,172.0,36.0,42.021763069,1515.0
1428,4.17057306437,2.78620093641,0.0,790.0,22.9139537811,42.380952381,73.0,22.0,14.9815759868,890.0
1429,33.3100562837,4.37803805596,0.0,772.0,13.2869987488,44.7619047619,67.0,21.0,11.2867389529,940.0
1429,33.1852572107,4.33125510166,0.0,773.0,14.5807304382,47.0,65.0,30.0,9.47628619239,987.0
1430,8.19264283059,1.07392769412,0.0,795.0,12.3903226852,38.8095238095,59.0,29.0,7.36626803489,815.0
1430,8.15861661575,1.10387632405,0.0,796.0,16.0462303162,39.5238095238,69.0,24.0,9.99309285266,830.0
1431,4.32070745702,25.4525142414,0.0,796.0,12.6866722107,38.1904761905,53.0,22.0,8.77849102989,802.0
1431,4.29659300658,25.4862255377,0.0,795.0,12.5365409851,34.0,58.0,21.0,9.47628619239,714.0
1431,4.3368147971,25.442301365,0.0,797.0,13.2126712799,36.9047619048,59.0,26.0,9.44407095433,775.0
1432,28.6700641956,32.6067453893,0.0,794.0,14.6624422073,45.2380952381,68.0,27.0,11.549479477,950.0
1432,28.6653759476,32.6440234722,0.0,795.0,15.176908493,44.619047619,72.0,28.0,10.4998866207,937.0
1433,26.8659232932,30.8808394697,0.0,799.0,48.4614753723,68.9047619048,140.0,32.0,33.397462122,1447.0
1433,26.8723934087,30.8646755561,0.0,796.0,35.0386428833,61.0,114.0,36.0,22.1900878772,1281.0
1433,26.869571062,30.8787935489,0.0,800.0,34.4521141052,61.4761904762,117.0,35.0,23.0143847357,1291.0
1433,26.86547233,30.8894836184,0.0,798.0,46.8587417603,71.0952380952,143.0,31.0,31.8369357224,1493.0
1433,26.8719871109,30.8708746003,0.0,797.0,39.6338882446,66.5714285714,133.0,41.0,26.2365611858,1398.0
1434,19.8361073179,2.82350642808,0.0,798.0,13.4665365219,41.4761904762,55.0,29.0,8.21351963301,871.0
1434,19.7322863772,2.88786893795,0.0,797.0,12.9843969345,42.5238095238,63.0,28.0,8.87479040665,893.0
1435,36.9013567729,13.6595997205,0.0,799.0,17.9030246735,50.0952380952,71.0,32.0,11.0946147383,1052.0
1435,36.8362568293,13.5663951892,0.0,800.0,14.746389389,47.8095238095,68.0,27.0,11.4176137946,1004.0
1435,36.8104312978,13.7400297274,0.0,798.0,17.0709438324,48.3333333333,77.0,34.0,10.5609343021,1015.0
1435,36.7373698298,13.8143048769,0.0,797.0,12.2187147141,45.380952381,62.0,25.0,8.93015224101,953.0
1436,19.202255909,30.0429116841,0.0,798.0,16.3411140442,44.380952381,70.0,29.0,11.4824918484,932.0
1436,19.1611779999,30.1197497229,0.0,797.0,12.4652776718,44.4761904762,59.0,28.0,9.72943496622,934.0
1437,6.00398607644,4.0536048311,0.0,798.0,14.6839981079,37.1904761905,63.0,19.0,11.8051643259,781.0
1437,5.88489999571,4.01448221877,0.0,799.0,13.2203454971,35.4285714286,65.0,18.0,10.5288718701,744.0
1438,19.4413195825,3.79675626415,0.0,800.0,13.5100517273,42.2857142857,64.0,26.0,10.803438606,888.0
1438,19.167503579,3.87384731251,0.0,801.0,12.2126483917,38.5238095238,62.0,28.0,9.28234371061,809.0
1439,34.1368237089,17.131297371,0.0,804.0,24.0622024536,53.0952380952,93.0,38.0,14.2228856492,1115.0
1439,34.1426078234,17.1969058903,0.0,805.0,13.5142230988,48.3333333333,65.0,30.0,8.33866496109,1015.0
1439,34.2079102531,17.0783940614,0.0,800.0,24.910068512,52.1904761905,90.0,30.0,15.2040094962,1096.0
1439,34.145375477,17.1167826103,0.0,801.0,14.4548377991,45.5714285714,64.0,32.0,9.71890646406,957.0
1439,34.2047563561,17.0816378139,0.0,802.0,14.3907880783,45.4761904762,69.0,34.0,9.86721362705,955.0
1440,26.1115859373,14.1519079883,0.0,804.0,46.2595748901,69.380952381,148.0,39.0,28.0115622386,1457.0
1440,26.1100622111,14.1830289919,0.0,803.0,47.7926139832,68.4285714286,139.0,31.0,30.9460359797,1437.0
1440,26.1171892836,14.1577702228,0.0,802.0,50.867313385,70.1428571429,153.0,37.0,30.0520976211,1473.0
1440,26.0634043035,14.1579542977,0.0,805.0,19.342010498,46.0,78.0,23.0,14.092551224,966.0
1441,34.6096689668,17.3348908236,0.0,827.0,24.3666286469,54.0952380952,85.0,32.0,14.0139386395,1136.0
1441,34.1038554311,17.3877199336,0.0,810.0,25.9822654724,56.4761904762,110.0,40.0,16.6181197722,1186.0
1441,34.5522287996,17.7407669178,0.0,832.0,22.9682064056,60.1428571429,88.0,35.0,15.2193485875,1263.0
1441,34.4922847534,17.4387041681,0.0,817.0,30.9865474701,62.2380952381,106.0,44.0,17.7845572391,1307.0
1441,34.4083278737,17.5857390136,0.0,822.0,32.3673744202,61.1904761905,101.0,33.0,18.7019224884,1285.0
1441,34.2633284988,17.321687562,0.0,811.0,27.8553924561,57.4761904762,98.0,37.0,16.7798064578,1207.0
1441,34.5740345283,17.5190188895,0.0,829.0,27.5580387115,60.1428571429,102.0,39.0,16.5447445259,1263.0
1441,34.5668767086,17.390048866,0.0,818.0,28.5975894928,58.8095238095,100.0,39.0,15.992557793,1235.0
1441,34.2732960543,17.4174580402,0.0,812.0,23.7669696808,57.9523809524,87.0,34.0,16.5785288566,1217.0
1441,34.3587975596,17.5270728589,0.0,823.0,28.7569103241,59.6666666667,101.0,33.0,18.0037033227,1253.0
1441,34.618376732,17.3474790215,0.0,828.0,15.776175499,48.1428571429,78.0,25.0,12.1255338616,1011.0
1441,34.6003848218,18.0161093284,0.0,833.0,20.1263122559,52.3333333333,94.0,32.0,12.7174420908,1099.0
1441,34.4373932347,17.51601532,0.0,815.0,37.9626083374,62.5714285714,113.0,32.0,21.6230696909,1314.0
1441,34.4389125286,17.3670323718,0.0,813.0,22.7695960999,51.0476190476,83.0,31.0,13.5295091946,1072.0
1441,34.4550471938,17.4486810263,0.0,819.0,31.1513118744,60.0952380952,104.0,37.0,17.3202331448,1262.0
1441,34.4398462697,17.6212866336,0.0,830.0,14.7572650909,48.6666666667,74.0,33.0,11.0694775547,1022.0
1441,34.4375561292,17.5125159989,0.0,820.0,28.7836303711,57.619047619,95.0,36.0,16.2618454994,1210.0
1441,34.5003434634,17.4146689094,0.0,825.0,21.1253948212,54.0952380952,86.0,32.0,15.4204564197,1136.0
1441,34.4661605571,17.4716052593,0.0,814.0,30.4327430725,61.4761904762,108.0,37.0,17.0458764739,1291.0
1441,34.4265469764,17.6324689174,0.0,821.0,14.1564044952,50.2380952381,68.0,35.0,10.6155770541,1055.0
1441,34.5209616039,17.6085405677,0.0,831.0,16.2718105316,52.4761904762,70.0,35.0,10.9663988967,1102.0
1441,34.0247722773,17.2579118666,0.0,809.0,17.4564723969,50.619047619,78.0,31.0,11.3818987453,1063.0
1441,34.4967127098,17.4401755931,0.0,816.0,33.1661262512,58.7142857143,114.0,34.0,22.2151814243,1233.0
1441,34.5882972963,17.3772937072,0.0,826.0,27.250711441,59.8571428571,100.0,34.0,16.8234530174,1257.0
1442,41.9207494458,19.4539434541,0.0,810.0,12.3726539612,40.0952380952,63.0,24.0,10.629697841,842.0
1442,41.9394824172,19.4802743514,0.0,809.0,13.4110517502,40.5714285714,58.0,21.0,10.0228310799,852.0
1443,13.0488807766,29.6996198719,0.0,813.0,27.1417007446,55.7142857143,82.0,34.0,14.332281246,1170.0
1443,13.0591666808,29.7147842352,0.0,817.0,25.5585231781,50.1428571429,83.0,29.0,15.9570853049,1053.0
1443,13.0751145122,29.7418088683,0.0,811.0,23.4013805389,45.8095238095,84.0,21.0,16.283792702,962.0
1443,13.0977867371,29.7037391426,0.0,814.0,23.414358139,49.7142857143,80.0,27.0,15.2713550713,1044.0
1443,13.0878122854,29.7141571004,0.0,812.0,29.1143703461,55.2380952381,105.0,31.0,18.7534123879,1160.0
1443,13.0831932397,29.7050455327,0.0,816.0,23.4666728973,50.6666666667,84.0,32.0,13.9725922195,1064.0
1443,13.0797860206,29.6879329136,0.0,815.0,23.2155513763,49.0952380952,79.0,35.0,13.1981239648,1031.0
1444,15.0195582715,15.5108615315,0.0,817.0,13.8934803009,41.7142857143,60.0,25.0,9.71670138032,876.0
1444,15.0071923604,15.4312609698,0.0,814.0,13.5132722855,42.7619047619,58.0,27.0,9.28926671974,898.0
1444,14.9782840776,15.4091302668,0.0,816.0,13.224275589,42.7142857143,60.0,31.0,7.96958504028,897.0
1444,15.0419647676,15.5275689019,0.0,813.0,12.4498443604,41.2857142857,61.0,31.0,9.10023547576,867.0
1445,19.6879426519,21.724979235,0.0,820.0,13.4264307022,40.9523809524,62.0,25.0,10.8511574981,860.0
1445,19.6273000124,21.6637041825,0.0,821.0,12.9092998505,43.9047619048,68.0,31.0,10.3387850442,922.0
1446,28.252808006,8.40969437623,0.0,822.0,15.2392139435,47.2380952381,71.0,32.0,10.990472064,992.0
1446,28.3050809751,8.43051184146,0.0,821.0,12.0100927353,44.9047619048,80.0,32.0,10.2464860411,943.0
1446,28.1566066661,8.3826843383,0.0,823.0,13.923532486,43.0476190476,65.0,25.0,11.0293979458,904.0
1447,34.3893786675,20.044163436,0.0,822.0,12.8300895691,47.4761904762,61.0,34.0,7.6460385012,997.0
1447,34.4543614867,20.0684386866,0.0,821.0,12.2710561752,42.0476190476,67.0,25.0,11.3731094714,883.0
1448,31.1730564699,10.4480287409,0.0,823.0,12.2858629227,44.1904761905,67.0,30.0,9.46371516699,928.0
1448,31.1906765105,10.3817610226,0.0,824.0,17.5770988464,47.6666666667,67.0,28.0,12.8348483954,1001.0
1449,26.13658417,11.3621086542,0.0,822.0,18.131269455,46.1428571429,74.0,31.0,11.7655671954,969.0
1449,26.0801918678,11.405666281,0.0,823.0,14.3888559341,44.6666666667,62.0,35.0,7.71578468682,938.0
1449,26.088445585,11.3975211721,0.0,824.0,17.1438312531,45.8571428571,78.0,34.0,11.7400413725,963.0
1450,7.91013624838,24.8706723681,0.0,824.0,18.6958675385,43.2857142857,64.0,28.0,12.7911799969,909.0
1450,7.85868670095,24.9353847236,0.0,825.0,18.3486537933,44.619047619,70.0,31.0,12.1304418323,937.0
1450,7.86311484509,24.8767384123,0.0,823.0,13.2979564667,40.9523809524,60.0,26.0,8.97483253591,860.0
1450,7.87690658621,24.879384939,0.0,826.0,18.6774902344,44.0476190476,70.0,26.0,12.5796509907,925.0
1451,25.2977431652,26.3549044881,0.0,824.0,25.0705814362,53.7142857143,97.0,28.0,17.3411154691,1128.0
1451,25.3619074481,26.4081934455,0.0,823.0,35.3207206726,60.8095238095,109.0,37.0,19.9990475964,1277.0
1452,25.5881521475,34.5547557114,0.0,825.0,13.3369207382,43.1904761905,63.0,30.0,10.342238866,907.0
1452,25.4695817849,34.553887403,0.0,826.0,18.0954322815,46.1904761905,69.0,17.0,14.4555146834,970.0
1453,5.72377762146,29.3265604652,0.0,805.0,32.9705886841,51.1904761905,107.0,31.0,20.737933956,1075.0
1453,5.70293015863,29.3278883471,0.0,806.0,28.4009017944,45.9523809524,90.0,27.0,18.0540194707,965.0
1454,32.3774329554,26.7940124924,0.0,808.0,15.5744132996,46.8095238095,75.0,27.0,10.4862722052,983.0
1454,32.2920218824,26.7041840457,0.0,805.0,18.2989139557,48.0952380952,73.0,30.0,12.4455002387,1010.0
1454,32.3797508675,26.7480755873,0.0,804.0,18.7555961609,49.1428571429,83.0,33.0,12.447030627,1032.0
1454,32.4460063357,26.7037380626,0.0,807.0,12.0676183701,46.0952380952,62.0,30.0,8.23956771867,968.0
1454,32.3569285172,26.7186454263,0.0,806.0,14.0524196625,47.4285714286,69.0,27.0,9.11905383563,996.0
1455,12.4089022525,9.93501244468,0.0,806.0,22.6300640106,45.2857142857,82.0,23.0,15.0304452933,951.0
1455,12.4580024469,10.2307188066,0.0,805.0,15.2137537003,43.4761904762,64.0,32.0,8.69838518128,913.0
1456,2.49057814489,0.692551442459,0.0,829.0,16.5461845398,37.0952380952,80.0,20.0,13.3488005525,779.0
1456,2.55221164505,0.623941190173,0.0,830.0,22.6774559021,44.5714285714,70.0,31.0,11.9019806275,936.0
1457,38.4139563389,27.5038968769,0.0,827.0,12.0062007904,46.0476190476,63.0,31.0,9.56282484665,967.0
1457,38.3793789274,27.5692169266,0.0,829.0,22.1304340363,51.5238095238,98.0,34.0,15.7911970655,1082.0
1457,38.334463152,27.7038625035,0.0,832.0,21.2994003296,53.5238095238,77.0,40.0,10.8840206157,1124.0
1457,38.3704826762,27.6989068599,0.0,834.0,14.5900039673,44.2857142857,66.0,29.0,10.0903065223,930.0
1457,38.4434255131,27.5681516913,0.0,830.0,22.2298412323,51.3333333333,76.0,29.0,13.3466600067,1078.0
1457,38.4220645171,27.5571990736,0.0,828.0,15.5121631622,46.7142857143,72.0,29.0,10.3881800964,981.0
1457,38.38940369,27.6541816952,0.0,831.0,18.3618164062,51.2380952381,81.0,30.0,12.5335739592,1076.0
1457,38.2697361061,27.6860723743,0.0,833.0,22.3676967621,52.4761904762,93.0,34.0,14.2885235333,1102.0
1458,7.89870553446,24.8922521993,0.0,832.0,14.1009607315,40.4761904762,68.0,24.0,10.3808431624,850.0
1458,7.9029500556,24.8978737661,0.0,830.0,22.1159229279,46.6666666667,77.0,21.0,15.7172940843,980.0
1458,7.86502896017,24.9475688779,0.0,829.0,19.778301239,41.9047619048,68.0,23.0,13.567994553,880.0
1458,7.83778040242,24.8669407759,0.0,834.0,16.8254642487,43.380952381,68.0,26.0,10.0422915237,911.0
1458,7.87594687539,24.8812384708,0.0,833.0,16.8133144379,38.4285714286,62.0,22.0,11.9271598823,807.0
1458,7.90157437381,24.9433278037,0.0,835.0,18.0329360962,42.8571428571,66.0,23.0,12.2812284169,900.0
1459,40.2568244844,19.666278764,0.0,830.0,15.2325725555,43.7619047619,67.0,32.0,8.84819056025,919.0
1459,40.2802394276,19.6947167422,0.0,831.0,13.0844841003,45.0,61.0,28.0,8.30662386292,945.0
1460,25.5148594197,12.3514503362,0.0,834.0,26.8354167938,53.2857142857,91.0,23.0,16.9768750279,1119.0
1460,25.5097842226,12.3585436695,0.0,832.0,17.9211368561,49.3333333333,73.0,37.0,9.58818717659,1036.0
1460,25.5228128522,12.3619695335,0.0,831.0,20.7372722626,48.4285714286,72.0,30.0,12.8045750752,1017.0
1460,25.5075264829,12.3442124926,0.0,833.0,17.7454433441,45.5238095238,79.0,29.0,12.1475061129,956.0
1461,14.5935144833,15.6327311931,0.0,832.0,13.6177921295,39.6666666667,59.0,28.0,9.41452778069,833.0
1461,14.6580585407,15.682560468,0.0,831.0,12.3142004013,42.2380952381,67.0,30.0,9.38565267792,887.0
1462,19.4542864275,21.6071604362,0.0,834.0,16.2160301208,48.3333333333,74.0,32.0,9.70738550452,1015.0
1462,19.4569500128,21.5392755163,0.0,835.0,15.3163805008,42.7619047619,70.0,30.0,11.1888549991,898.0
1462,19.5467960756,21.7108208104,0.0,833.0,17.2894229889,47.0,77.0,23.0,13.0575648572,987.0
1463,25.90173349,36.093831518,0.0,839.0,18.8046474457,46.5714285714,97.0,28.0,14.8948696824,978.0
1463,25.9391982979,36.0957526774,0.0,836.0,17.0317993164,46.1428571429,79.0,30.0,11.0421271243,969.0
1463,25.9784682224,36.1358390934,0.0,840.0,18.4489936829,47.9047619048,74.0,24.0,12.1979701668,1006.0
1463,25.9207210446,36.05674426,0.0,837.0,21.3363323212,50.6666666667,88.0,33.0,13.8720342176,1064.0
1463,25.9060208902,36.0891881661,0.0,841.0,15.878159523,43.5238095238,69.0,29.0,10.722028948,914.0
1463,25.9457640778,36.1163760772,0.0,838.0,22.8145828247,47.7619047619,82.0,28.0,16.253937252,1003.0
1464,7.98750137132,1.29757462459,0.0,837.0,13.9649991989,37.8571428571,57.0,22.0,9.90598664589,795.0
1464,8.02929027797,1.274286583,0.0,836.0,12.4595861435,35.6666666667,56.0,17.0,8.93495010245,749.0
1465,20.3872817535,25.3212674641,0.0,837.0,14.4841270447,45.5714285714,78.0,31.0,12.0190325258,957.0
1465,20.4087183556,25.3316049744,0.0,838.0,12.0120725632,41.9047619048,58.0,28.0,9.54937046043,880.0
1466,10.7176018874,37.2276797424,0.0,839.0,22.1693572998,47.5714285714,86.0,30.0,14.9785561005,999.0
1466,10.6444490292,37.3302164471,0.0,837.0,21.0885314941,43.0,83.0,28.0,14.7275252504,903.0
1466,10.552230698,37.2629683269,0.0,840.0,13.5977954865,41.2857142857,63.0,22.0,10.0654997747,867.0
1466,10.6455132151,37.3889790612,0.0,838.0,18.4238262177,43.0476190476,77.0,28.0,13.7894024181,904.0
1467,40.3044801302,19.4231261332,0.0,845.0,16.0259819031,45.619047619,66.0,26.0,11.3378842404,958.0
1467,40.5004473776,19.5986188987,0.0,840.0,26.8169269562,52.7142857143,103.0,34.0,17.0796453627,1107.0
1467,40.4666724428,19.5087073246,0.0,841.0,17.6160526276,50.4285714286,84.0,36.0,12.8396706678,1059.0
1467,40.3719489618,19.5464214346,0.0,838.0,14.1957406998,44.5238095238,71.0,29.0,10.0430027762,935.0
1467,40.4707749915,19.4855646249,0.0,844.0,13.9511508942,46.0,66.0,29.0,11.3357840488,966.0
1467,40.4330053857,19.524023932,0.0,842.0,14.9894580841,42.9523809524,65.0,25.0,11.2582245069,902.0
1467,40.5291011869,19.6513986452,0.0,839.0,18.8550605774,49.5714285714,81.0,34.0,11.8091973841,1041.0
1468,25.3244763801,19.5654829869,0.0,840.0,16.5783233643,49.5238095238,78.0,32.0,10.810268487,1040.0
1468,25.3222705331,19.4993082274,0.0,841.0,12.828499794,45.0952380952,74.0,24.0,12.1280862542,947.0
1469,7.06240359574,27.4458325533,0.0,850.0,18.1020507812,45.2857142857,76.0,29.0,11.6882113993,951.0
1469,6.72820957594,27.2797960819,0.0,845.0,26.769651413,50.8095238095,80.0,26.0,15.9706576183,1067.0
1469,7.101042909,27.4432881968,0.0,851.0,19.8361091614,42.8095238095,69.0,24.0,11.9566677951,899.0
1469,6.90140550623,27.2866143712,0.0,846.0,23.9450016022,48.5238095238,90.0,28.0,14.3095040013,1019.0
1469,6.65748275301,27.3307738997,0.0,841.0,15.1629924774,42.2380952381,72.0,26.0,11.0991205143,887.0
1469,6.77574775556,27.2917231733,0.0,842.0,22.9816169739,47.1904761905,85.0,29.0,14.8176214273,991.0
1469,6.97949898898,27.3666333669,0.0,847.0,13.0614328384,38.7619047619,60.0,22.0,8.87076525394,814.0
1469,6.55785509607,27.2976394446,0.0,840.0,13.2685127258,39.5714285714,61.0,20.0,10.8883948706,831.0
1469,6.80736872301,27.2247839238,0.0,843.0,43.5049438477,64.7619047619,128.0,33.0,25.6844403519,1360.0
1469,7.04985641186,27.3959151109,0.0,848.0,22.8821239471,48.7619047619,84.0,24.0,15.7952675251,1024.0
1469,7.14396712332,27.5134519118,0.0,853.0,12.7060689926,39.1904761905,59.0,28.0,8.65805432888,823.0
1469,7.0829350154,27.3796622947,0.0,849.0,25.9974708557,51.6666666667,89.0,34.0,16.1441423846,1085.0
1469,7.09163741138,27.44067722,0.0,852.0,16.6476669312,41.0476190476,70.0,24.0,11.2359965756,862.0
1469,6.73270048487,27.2887983503,0.0,844.0,32.4030952454,52.5238095238,100.0,23.0,18.3265355363,1103.0
1470,2.54770764426,0.613808283462,0.0,841.0,20.2014560699,41.7619047619,66.0,28.0,11.6871928276,877.0
1470,2.61037799499,0.66731597881,0.0,842.0,12.4245653152,34.7142857143,51.0,21.0,8.3554943429,729.0
1470,2.54296915783,0.718148647308,0.0,840.0,13.34379673,37.4761904762,52.0,17.0,9.51640188106,787.0
1471,25.9122510321,13.3666656672,0.0,840.0,13.3591985703,42.6666666667,65.0,28.0,9.67643184926,896.0
1471,25.9436001585,13.4164682569,0.0,839.0,13.8851060867,44.2857142857,84.0,28.0,13.1039797662,930.0
1472,18.3686365534,19.7923441412,0.0,840.0,12.555270195,40.2380952381,72.0,23.0,10.9174390857,845.0
1472,18.324237692,19.7558887252,0.0,839.0,12.7510576248,40.0952380952,65.0,25.0,10.3291081992,842.0
1473,18.4371384504,3.89073177963,0.0,843.0,18.715013504,46.3333333333,73.0,28.0,11.1818305001,973.0
1473,18.5600060668,3.66406173191,0.0,846.0,14.5254650116,43.9047619048,66.0,29.0,9.94939577012,922.0
1473,18.4741044413,3.72939233913,0.0,848.0,13.2883558273,42.9047619048,62.0,32.0,8.83122167033,901.0
1473,18.4659742452,3.87001297169,0.0,844.0,18.214553833,41.2857142857,68.0,23.0,12.7048921961,867.0
1473,18.664895557,3.77487196716,0.0,847.0,12.207110405,40.2380952381,66.0,26.0,9.96446065728,845.0
1474,32.7224990028,33.7630934863,0.0,847.0,16.2872180939,47.2857142857,71.0,33.0,11.1406591239,993.0
1474,32.7578391867,33.7968483561,0.0,845.0,16.3237266541,47.619047619,72.0,29.0,9.86142074184,1000.0
1474,32.7214874061,33.7668208185,0.0,846.0,12.8715238571,42.9047619048,69.0,23.0,9.69486854942,901.0
1475,25.9165610945,36.1069487949,0.0,852.0,21.2477169037,47.7142857143,80.0,31.0,12.3334620328,1002.0
1475,25.924096378,36.1157633303,0.0,858.0,29.3473339081,53.9523809524,90.0,31.0,17.8898747633,1133.0
1475,25.9412639808,36.0900902934,0.0,862.0,20.1234226227,49.1428571429,75.0,25.0,14.1325359164,1032.0
1475,25.9364031721,36.1008831077,0.0,850.0,14.6240644455,45.4761904762,64.0,30.0,10.8518157357,955.0
1475,25.9541202214,36.1230681995,0.0,855.0,19.0076236725,46.2857142857,77.0,26.0,13.4392814434,972.0
1475,25.9753846467,36.0982497921,0.0,863.0,12.6255140305,44.0476190476,63.0,24.0,10.5046474975,925.0
1475,25.9399224217,36.1422813536,0.0,856.0,19.2981739044,48.8095238095,74.0,26.0,12.667355871,1025.0
1475,25.9477481823,36.0975459885,0.0,854.0,15.3472270966,45.4285714286,71.0,26.0,11.964829412,954.0
1475,25.9778191213,36.1200371708,0.0,860.0,21.0275306702,46.7619047619,80.0,27.0,14.8522885843,982.0
1475,25.932268269,36.1218251492,0.0,848.0,18.4890193939,48.9523809524,76.0,35.0,10.2979424667,1028.0
1475,25.9359563691,36.1170994092,0.0,861.0,19.6527442932,45.9523809524,83.0,26.0,13.8941577308,965.0
1475,25.9156964054,36.1150658089,0.0,853.0,13.4163427353,43.2857142857,66.0,30.0,10.445778368,909.0
1475,25.9298109084,36.1021741682,0.0,857.0,13.8692541122,43.9047619048,70.0,28.0,11.7724456334,922.0
1475,25.9380222818,36.1109263545,0.0,849.0,14.8706912994,47.2857142857,67.0,34.0,10.1938356723,993.0
1476,36.7482905106,13.754251026,0.0,848.0,15.3832893372,47.4761904762,66.0,33.0,9.35210696912,997.0
1476,36.7123313696,13.821179118,0.0,846.0,16.4042129517,45.9047619048,70.0,25.0,11.7085642241,964.0
1476,36.6543579125,13.8460349388,0.0,847.0,14.6852216721,43.2380952381,67.0,32.0,9.9544199324,908.0
1477,19.5690388397,21.6437743838,0.0,807.0,14.1277666092,41.8571428571,70.0,23.0,9.96637202941,879.0
1477,19.5579602155,21.6420684795,0.0,808.0,15.4199705124,43.5238095238,72.0,28.0,11.6731274628,914.0
1478,34.5684168831,17.6388054928,0.0,853.0,16.4576263428,50.7619047619,71.0,37.0,9.76168408578,1066.0
1478,34.4498453732,17.6563220439,0.0,852.0,17.8537731171,50.0476190476,74.0,31.0,11.2404456783,1051.0
1479,43.4068561754,21.5206633258,0.0,853.0,45.4706115723,68.1428571429,118.0,43.0,24.9945708391,1431.0
1479,43.395236771,21.5130076728,0.0,852.0,33.1117935181,58.7619047619,108.0,36.0,18.3845172956,1234.0
1480,2.53463763967,0.707670172493,0.0,853.0,17.8617591858,41.2380952381,65.0,25.0,11.6486255065,866.0
1480,2.18923107866,0.866223387847,0.0,859.0,14.1631250381,36.3333333333,62.0,18.0,10.8135717195,763.0
1480,2.18596635427,0.753199589131,0.0,857.0,12.8290843964,35.7619047619,56.0,21.0,9.73090315389,751.0
1480,2.32643576657,0.714690204198,0.0,855.0,15.9162015915,37.0476190476,59.0,21.0,10.8003527279,778.0
1480,2.49526485472,0.701576726296,0.0,854.0,12.265545845,35.0476190476,53.0,17.0,9.27079387365,736.0
1480,2.216152279,0.704386066569,0.0,858.0,15.1659936905,38.1904761905,58.0,23.0,10.9161304848,802.0
1480,2.34805935848,0.693514336609,0.0,856.0,13.9586963654,36.4285714286,63.0,21.0,9.58421321013,765.0
1481,27.8496211116,9.96989280791,0.0,853.0,39.3076591492,61.380952381,108.0,27.0,21.2166825646,1289.0
1481,27.8265511884,9.96909741085,0.0,855.0,28.4770069122,49.8571428571,111.0,28.0,18.751761822,1047.0
1481,27.8318798428,9.96335567363,0.0,857.0,45.6070976257,68.9047619048,129.0,31.0,23.5518677856,1447.0
1481,27.8479012903,9.96822593894,0.0,859.0,23.2742786407,51.1904761905,89.0,30.0,14.0200536647,1075.0
1481,27.8182340283,9.94719142616,0.0,854.0,57.1621665955,73.5238095238,156.0,32.0,32.3506090323,1544.0
1481,27.8444484998,9.95512877684,0.0,856.0,19.5893363953,49.4285714286,73.0,32.0,11.6985957643,1038.0
1481,27.7746815635,9.96554563597,0.0,858.0,23.4640254974,53.619047619,78.0,28.0,14.7732061194,1126.0
1482,32.7148454253,33.7797106783,0.0,850.0,16.416229248,49.0952380952,72.0,32.0,11.0855976921,1031.0
1482,32.7150624974,33.7714545628,0.0,853.0,22.8537979126,49.5714285714,82.0,33.0,14.7735284498,1041.0
1482,32.704949134,33.7804508908,0.0,851.0,18.7341384888,51.1904761905,76.0,34.0,11.8811575514,1075.0
1482,32.7582022169,33.813833326,0.0,854.0,16.6059455872,45.8095238095,74.0,26.0,11.6902482763,962.0
1483,44.3686013811,31.7271935328,0.0,855.0,20.9380626678,51.9523809524,79.0,33.0,13.0018313728,1091.0
1483,44.2246885562,31.7985955764,0.0,854.0,14.1036319733,44.9047619048,66.0,27.0,11.4101041271,943.0
1484,18.3241514267,3.988384045,0.0,857.0,17.5684204102,43.7619047619,69.0,27.0,11.0991205143,919.0
1484,18.3863704281,4.05001114621,0.0,856.0,16.5601005554,41.9523809524,69.0,30.0,10.6793079854,881.0
1485,7.15354235393,27.4393562435,0.0,857.0,14.0254640579,39.0476190476,58.0,28.0,8.82879488082,820.0
1485,7.09998286087,27.5394196746,0.0,856.0,14.0890111923,41.5238095238,68.0,28.0,9.34675905124,872.0
1485,7.21319939128,27.4961871019,0.0,858.0,12.737323761,39.5714285714,68.0,23.0,9.41048047961,831.0
1486,29.4583384695,28.0421749194,0.0,857.0,13.6472425461,44.8095238095,69.0,26.0,11.5222352329,941.0
1486,29.4347948674,28.1088559961,0.0,858.0,13.1156682968,43.380952381,76.0,28.0,11.1016944224,911.0
1486,29.5111677859,27.9433677503,0.0,856.0,20.3973560333,50.9047619048,83.0,26.0,12.4294197849,1069.0
1487,29.3188904328,28.0792827087,0.0,850.0,17.2244358063,48.3333333333,77.0,32.0,13.2413493774,1015.0
1487,29.3979745367,28.0140802862,0.0,851.0,13.3395147324,44.619047619,71.0,29.0,9.89179554215,937.0
1488,18.8935246056,5.93354560749,0.0,859.0,20.5619411469,48.8095238095,81.0,27.0,12.4483695624,1025.0
1488,18.8728032421,5.91174775012,0.0,860.0,18.7891330719,44.9047619048,76.0,24.0,14.0815651186,943.0
1489,32.7331836365,33.8065305028,0.0,870.0,43.7927932739,65.0952380952,145.0,34.0,26.0766270095,1367.0
1489,32.716964716,33.779871235,0.0,879.0,34.0091438293,59.2380952381,116.0,38.0,20.8108259372,1244.0
1489,32.7247934402,33.8003085392,0.0,887.0,37.3561859131,61.1904761905,111.0,32.0,21.2170192242,1285.0
1489,32.7350168224,33.8042626199,0.0,901.0,21.8219165802,51.8571428571,91.0,32.0,13.6392291362,1089.0
1489,32.7608060181,33.8293729735,0.0,862.0,16.4483299255,49.5714285714,69.0,37.0,9.54238664366,1041.0
1489,32.751111192,33.7913958795,0.0,871.0,37.5021209717,60.9523809524,112.0,27.0,21.5695994179,1280.0
1489,32.7355992585,33.8236078844,0.0,888.0,35.1143875122,62.3333333333,101.0,34.0,20.271490654,1309.0
1489,32.7282689549,33.7963602225,0.0,863.0,36.0082321167,63.619047619,97.0,33.0,19.668442212,1336.0
1489,32.7522132284,33.7964677888,0.0,880.0,33.725189209,60.0,115.0,36.0,20.3641842459,1260.0
1489,32.7214366272,33.8020183468,0.0,895.0,26.4021186829,55.5238095238,99.0,33.0,16.865998481,1166.0
1489,32.7669423506,33.7823985378,0.0,872.0,30.1962375641,58.8095238095,108.0,41.0,15.6192799054,1235.0
1489,32.734573539,33.7916476046,0.0,889.0,27.3773231506,56.3333333333,97.0,40.0,14.8031528173,1183.0
1489,32.734173863,33.7955475413,0.0,896.0,26.5983028412,52.5238095238,91.0,32.0,15.2105852866,1103.0
1489,32.748837862,33.7973699533,0.0,865.0,41.4430427551,62.8095238095,142.0,27.0,25.0631583158,1319.0
1489,32.7435684745,33.7871377089,0.0,890.0,34.3985786438,64.3333333333,104.0,44.0,17.3445476543,1351.0
1489,32.7549687792,33.8014156776,0.0,873.0,34.801738739,58.3333333333,117.0,34.0,20.8454631355,1225.0
1489,32.7404556649,33.8104933513,0.0,882.0,30.4160995483,56.0476190476,108.0,36.0,17.995766698,1177.0
1489,32.718935844,33.8105312687,0.0,866.0,35.7425422668,61.619047619,112.0,33.0,22.395258852,1294.0
1489,32.7312884287,33.8237258045,0.0,883.0,29.9494628906,56.8095238095,96.0,35.0,17.3251812332,1193.0
1489,32.729750395,33.7956161218,0.0,891.0,26.6060009003,56.1428571429,93.0,39.0,14.2698483324,1179.0
1489,32.7324430147,33.7950253889,0.0,874.0,52.1876945496,73.8095238095,138.0,36.0,28.3542219918,1550.0
1489,32.7560080114,33.7898893409,0.0,897.0,26.5262184143,52.1428571429,104.0,31.0,16.4112330868,1095.0
1489,32.7659378925,33.7688641563,0.0,867.0,19.5272045135,49.2380952381,70.0,33.0,10.999567091,1034.0
1489,32.7520498601,33.789226939,0.0,875.0,33.0297431946,60.5238095238,112.0,35.0,18.8298142519,1271.0
1489,32.7344851173,33.8219256402,0.0,859.0,19.0083770752,48.7619047619,77.0,25.0,12.5136116366,1024.0
1489,32.7710990019,33.811632678,0.0,884.0,36.4060821533,61.5714285714,112.0,39.0,19.9513694482,1293.0
1489,32.7166476649,33.7842270505,0.0,868.0,47.0614013672,73.2380952381,136.0,44.0,24.5293798574,1538.0
1489,32.7472730929,33.773818619,0.0,892.0,28.4864692688,54.7619047619,112.0,38.0,17.7056622635,1150.0
1489,32.690459999,33.7929745787,0.0,899.0,30.9937267303,56.9047619048,108.0,37.0,20.0272433498,1195.0
1489,32.78411783,33.8319230827,0.0,860.0,21.8594722748,53.1428571429,78.0,36.0,12.9278216041,1116.0
1489,32.7222884922,33.7945833162,0.0,876.0,29.9136447906,55.7619047619,105.0,33.0,19.5982263532,1171.0
1489,32.7649930062,33.8114117307,0.0,885.0,30.2434425354,56.6666666667,103.0,32.0,16.8443858105,1190.0
1489,32.7587385606,33.7939375451,0.0,869.0,40.9511642456,65.0952380952,130.0,39.0,22.6205763894,1367.0
1489,32.7343737263,33.7769939065,0.0,894.0,28.5459918976,55.4761904762,119.0,31.0,18.7526506063,1165.0
1489,32.7640824747,33.8154037701,0.0,861.0,41.3995628357,66.0952380952,142.0,48.0,22.205640639,1388.0
1489,32.7454317618,33.8081933122,0.0,900.0,30.0675563812,57.380952381,108.0,33.0,18.5593000689,1205.0
1489,32.7432273333,33.7876174851,0.0,886.0,20.2347888947,51.0476190476,86.0,30.0,12.3023420147,1072.0
1489,32.7325629272,33.7955471172,0.0,878.0,24.4124984741,53.380952381,85.0,35.0,13.7857759683,1121.0
1489,32.7340363491,33.7744357948,0.0,864.0,41.7112541199,66.9523809524,125.0,39.0,23.1872296544,1406.0
1489,32.7402021666,33.790430062,0.0,893.0,36.3714179993,62.5714285714,109.0,41.0,19.4128087318,1314.0
1490,35.8429573394,33.8392719602,0.0,860.0,23.4188518524,52.8571428571,97.0,33.0,15.4378940089,1110.0
1490,35.8993652665,33.8701415912,0.0,859.0,21.1026630402,51.6666666667,82.0,33.0,13.9654335176,1085.0
1490,35.8244585466,33.794387175,0.0,861.0,14.7371988297,50.4761904762,70.0,32.0,10.0926658897,1060.0
1491,24.5504667505,37.9042934765,0.0,860.0,22.7851276398,53.9523809524,78.0,32.0,13.767629391,1133.0
1491,24.564723852,37.9493223692,0.0,859.0,18.2351894379,45.7142857143,81.0,32.0,11.841211328,960.0
1492,35.5328985823,11.3430656749,0.0,862.0,18.2121620178,50.5238095238,76.0,35.0,11.2677373399,1061.0
1492,35.5090660815,11.397189446,0.0,861.0,15.9941711426,45.2857142857,72.0,31.0,10.005712654,951.0
1492,35.492120704,11.4874200011,0.0,863.0,12.9761161804,44.4761904762,63.0,33.0,8.17691291148,934.0
1493,40.5425065617,19.5243625829,0.0,862.0,14.6789197922,43.1428571429,63.0,27.0,10.7111423961,906.0
1493,40.4859499968,19.5172556576,0.0,861.0,12.7957801819,47.8095238095,62.0,26.0,9.47955192833,1004.0
1494,23.7002966215,9.69897366846,0.0,846.0,16.5583877563,44.7142857143,73.0,27.0,11.041480232,939.0
1494,23.6912686062,9.72225685113,0.0,847.0,17.9809894562,46.4761904762,82.0,33.0,11.5828280123,976.0
1495,25.372128235,19.5557905272,0.0,847.0,18.6785049438,47.4761904762,81.0,31.0,13.9771923061,997.0
1495,25.3071291629,19.5353510224,0.0,846.0,12.0885953903,43.9523809524,65.0,25.0,10.1117564769,923.0
1496,2.02084943434,0.77511899645,0.0,871.0,17.9928455353,41.4285714286,70.0,27.0,10.3516734327,870.0
1496,2.03955561381,0.843806512558,0.0,863.0,17.2990188599,40.8571428571,64.0,26.0,10.6455892946,858.0
1496,2.05283638026,0.518707246215,0.0,868.0,12.5850152969,38.380952381,51.0,25.0,7.59918542001,806.0
1496,2.05045782747,0.712760788071,0.0,865.0,22.8699302673,44.5714285714,80.0,30.0,13.6805388365,936.0
1496,1.99889677992,0.733652635601,0.0,872.0,12.9747676849,37.0476190476,61.0,15.0,12.1880112835,778.0
1496,2.16079683539,0.532187706911,0.0,869.0,15.5613698959,38.619047619,63.0,26.0,9.09657182941,811.0
1496,1.93995598262,0.799739589167,0.0,873.0,21.5915985107,42.1428571429,77.0,25.0,12.4711094706,885.0
1496,2.07601323659,0.658275234188,0.0,866.0,29.8214931488,44.0952380952,101.0,24.0,17.4725635266,926.0
1496,2.06128627878,0.795431882142,0.0,864.0,17.3106327057,36.7142857143,65.0,22.0,10.9001965906,771.0
1496,1.94497768246,0.727266798703,0.0,874.0,20.529958725,45.9523809524,78.0,33.0,11.0610857988,965.0
1496,1.89457209608,0.802027388297,0.0,862.0,17.1107540131,39.9523809524,59.0,24.0,10.3705168168,839.0
1496,2.01963609894,0.772335419189,0.0,870.0,17.6999816895,41.1428571429,64.0,24.0,11.0330671814,864.0
1496,2.06440231371,0.658205173126,0.0,867.0,18.4989128113,41.7142857143,64.0,28.0,9.75778077814,876.0
1497,24.9977311399,3.678097291,0.0,866.0,17.0500183105,46.380952381,84.0,32.0,12.8315088375,974.0
1497,24.9172947311,3.80279524637,0.0,864.0,12.0929870605,44.6666666667,63.0,27.0,9.82004752195,938.0
1497,24.9743754644,3.78902975603,0.0,865.0,13.5983724594,40.8095238095,64.0,25.0,11.1562495832,857.0
1498,18.9129932113,5.93052060969,0.0,864.0,18.6345729828,45.6666666667,73.0,31.0,11.7231963787,959.0
1498,18.8760146916,5.93978921573,0.0,865.0,14.6614713669,42.9047619048,72.0,31.0,11.0449298862,901.0
1499,38.584102586,12.6480405457,0.0,865.0,12.381403923,42.619047619,73.0,24.0,11.351106512,895.0
1499,38.4926843977,12.5822003181,0.0,864.0,12.5976648331,41.8095238095,57.0,31.0,7.66563140008,878.0
1500,4.08155679635,14.8128433385,0.0,838.0,14.628235817,41.1428571429,66.0,24.0,11.5424681688,864.0
1500,4.12837214588,14.7969087197,0.0,839.0,17.5507106781,40.4285714286,72.0,23.0,11.7540266657,849.0
1501,12.6198647938,10.0081159192,0.0,867.0,16.2969417572,41.0476190476,68.0,24.0,12.591569364,862.0
1501,12.5931115652,9.97737013023,0.0,868.0,13.1946935654,40.6666666667,62.0,26.0,8.80530143342,854.0
1502,7.03509400321,27.6053886156,0.0,869.0,12.9600515366,39.9523809524,63.0,29.0,9.49460999976,839.0
1502,7.05808184946,27.5837943909,0.0,865.0,22.8678035736,48.0,89.0,28.0,15.7702251094,1008.0
1502,7.05843077206,27.5200485934,0.0,867.0,17.1161994934,46.6666666667,69.0,32.0,11.3328431267,980.0
1502,7.09644270856,27.4503945902,0.0,871.0,25.4281806946,50.4285714286,75.0,29.0,14.0163170219,1059.0
1502,7.03896559098,27.552686527,0.0,866.0,18.9785003662,45.9047619048,75.0,32.0,12.2470598998,964.0
1502,7.09827456365,27.4820963821,0.0,873.0,19.454826355,47.0476190476,67.0,29.0,10.7213627421,988.0
1502,7.05919926996,27.4566855083,0.0,872.0,30.1755867004,52.9047619048,103.0,28.0,18.6732556398,1111.0
1502,7.05042359463,27.5584289742,0.0,868.0,12.583483696,43.4285714286,68.0,32.0,8.88015443881,912.0
1503,11.5049898696,31.2771031059,0.0,829.0,26.8410396576,51.7619047619,86.0,30.0,15.9715520908,1087.0
1503,11.4551539267,31.357363784,0.0,828.0,24.3159217834,46.5238095238,91.0,22.0,17.1132084882,977.0
1504,29.124857818,12.5422260184,0.0,867.0,28.3653736115,53.380952381,105.0,34.0,17.7495808133,1121.0
1504,29.1571981041,12.5553703015,0.0,866.0,30.889169693,53.7142857143,115.0,27.0,20.981284177,1128.0
1505,16.6152746254,36.4874965733,0.0,865.0,13.5131483078,38.3333333333,63.0,25.0,11.0785077214,805.0
1505,16.6289262997,36.4775847492,0.0,867.0,16.9875011444,41.4285714286,73.0,23.0,13.4891490783,870.0
1505,16.6549448794,36.4974342261,0.0,866.0,23.1252002716,47.1428571429,80.0,29.0,14.4509020974,990.0
1506,34.9952898203,17.8189264203,0.0,869.0,12.3795413971,49.7142857143,68.0,38.0,6.95803749015,1044.0
1506,34.9651733279,17.8593534816,0.0,868.0,16.9991950989,48.1904761905,83.0,35.0,10.7778432333,1012.0
1507,35.6629552308,33.8689937488,0.0,874.0,15.8701915741,46.5238095238,75.0,32.0,11.8051643259,977.0
1507,35.6996861367,33.7322309631,0.0,869.0,18.4556808472,50.0,81.0,34.0,12.4137021069,1050.0
1507,35.8295462165,33.8238355995,0.0,871.0,13.9231595993,45.7142857143,79.0,30.0,11.5331819423,960.0
1507,35.7701753506,33.8624892915,0.0,875.0,25.671163559,54.1428571429,93.0,31.0,17.5877392359,1137.0
1507,35.691420665,33.8747944653,0.0,873.0,22.2875099182,53.5238095238,82.0,35.0,14.4589731572,1124.0
1507,35.7262183809,33.8601605531,0.0,868.0,13.5293712616,46.7142857143,77.0,28.0,12.2398646118,981.0
1507,35.737088132,33.6592794057,0.0,872.0,14.2636070251,47.9523809524,72.0,35.0,10.1709202655,1007.0
1508,27.9855387645,39.3381963373,0.0,872.0,13.3083724976,50.4285714286,66.0,33.0,10.4526141638,1059.0
1508,27.9929996177,39.2658616755,0.0,871.0,16.92137146,49.1904761905,80.0,38.0,10.8886135372,1033.0
1509,25.9340425494,36.1048315678,0.0,872.0,16.5780506134,42.380952381,65.0,23.0,12.523881948,890.0
1509,25.9288616716,36.10404342,0.0,873.0,17.0813369751,45.9047619048,76.0,23.0,11.497411717,964.0
1510,13.1445610832,22.5937004969,0.0,873.0,17.6777038574,44.5714285714,75.0,31.0,12.7183781536,936.0
1510,13.145012003,22.577109829,0.0,872.0,28.9355258942,52.9047619048,91.0,28.0,18.5146017022,1111.0
1511,10.6125245653,36.7795931898,0.0,876.0,13.1288871765,38.0952380952,58.0,25.0,8.97721984751,800.0
1511,10.635247954,36.9004073021,0.0,877.0,15.0566015244,41.7142857143,65.0,24.0,10.7291325704,876.0
1512,40.4599275368,19.6768168846,0.0,885.0,28.1539573669,58.1904761905,102.0,29.0,17.5146197436,1222.0
1512,40.4144061917,19.6172172112,0.0,877.0,13.9647169113,46.7619047619,77.0,33.0,11.3661988453,982.0
1512,40.3568061993,19.7107977404,0.0,882.0,28.4141407013,56.2380952381,110.0,32.0,19.6542737386,1181.0
1512,40.5126073867,19.6983156053,0.0,878.0,24.5359802246,56.4761904762,95.0,39.0,14.1478586635,1186.0
1512,40.3871476121,19.7547455238,0.0,880.0,12.173538208,44.3333333333,63.0,27.0,10.9422727682,931.0
1512,40.3901174889,19.7108714409,0.0,884.0,26.9520874023,54.5238095238,88.0,37.0,15.5840272318,1145.0
1512,40.401236762,19.7409665834,0.0,881.0,26.6261997223,57.1428571429,97.0,38.0,15.7107788295,1200.0
1512,40.3884536751,19.5767049375,0.0,876.0,29.853099823,56.7619047619,94.0,36.0,16.8638808164,1192.0
1512,40.4700805964,19.7379880183,0.0,879.0,37.3369255066,67.3333333333,119.0,36.0,22.2605780099,1414.0
1512,40.328299202,19.7539215089,0.0,883.0,21.5090026855,53.6666666667,87.0,39.0,14.0759842758,1127.0
1513,35.530380484,11.4390383488,0.0,875.0,17.6057682037,48.9047619048,71.0,30.0,11.3177063131,1027.0
1513,35.6658802434,11.4903845245,0.0,880.0,17.5449581146,50.2380952381,74.0,31.0,11.0991205143,1055.0
1513,35.5202526442,11.4469812356,0.0,878.0,15.6178445816,48.2857142857,65.0,34.0,9.10572818144,1014.0
1513,35.4420872041,11.3789085508,0.0,876.0,12.0834274292,46.1904761905,63.0,30.0,9.35745183059,970.0
1513,35.7179056545,11.5051161571,0.0,879.0,23.2094631195,54.5238095238,87.0,41.0,12.4644255689,1145.0
1513,35.6328817504,11.2972449274,0.0,874.0,13.6454935074,47.8095238095,67.0,36.0,8.92535180046,1004.0
1514,2.3412915079,0.878815236275,0.0,875.0,16.2107315063,38.8095238095,65.0,21.0,11.4482271449,815.0
1514,2.34985340439,0.858657891389,0.0,876.0,14.4720401764,35.0952380952,58.0,20.0,10.3097272607,737.0
1515,8.06075645071,1.15716587648,0.0,878.0,18.5007286072,39.2380952381,66.0,24.0,12.1363287773,824.0
1515,8.0747333599,1.15634033082,0.0,879.0,15.1776971817,40.3333333333,64.0,27.0,9.1833182093,847.0
1516,15.3564723893,34.6706289698,0.0,883.0,12.7401914597,45.0,67.0,21.0,10.2907725658,945.0
1516,15.2863119799,34.5978534761,0.0,879.0,12.966594696,40.8571428571,61.0,24.0,10.0810997133,858.0
1516,15.5766946859,34.6035097965,0.0,885.0,16.2709827423,44.9523809524,80.0,30.0,11.9936491131,944.0
1516,15.4004229575,34.5997374185,0.0,880.0,12.4014167786,41.9047619048,58.0,22.0,9.42286984896,880.0
1516,15.1681280871,34.4720148545,0.0,878.0,17.6755924225,47.3333333333,68.0,32.0,10.7765176812,994.0
1516,15.603727873,34.4860311809,0.0,884.0,12.2768135071,42.3333333333,66.0,28.0,9.50964422748,889.0
1516,15.4337488186,34.7249461062,0.0,881.0,22.1974239349,52.9047619048,78.0,32.0,13.2924969885,1111.0
1517,31.6989781379,31.9682076984,0.0,879.0,24.4821529388,50.9047619048,97.0,36.0,15.6137912177,1069.0
1517,31.7085015102,32.0015162645,0.0,880.0,13.7706689835,41.3333333333,69.0,22.0,12.55919318,868.0
1518,34.5955618422,18.0527448492,0.0,827.0,12.710111618,43.1428571429,68.0,29.0,10.859492227,906.0
1518,34.6274792336,18.0395346663,0.0,828.0,15.2726564407,46.8571428571,73.0,32.0,11.6973745528,984.0
1519,25.0977997213,3.70404723361,0.0,882.0,16.3280944824,44.0476190476,67.0,29.0,11.5259541491,925.0
1519,24.9425963194,3.6216786936,0.0,884.0,17.9793643951,49.5238095238,71.0,31.0,11.3120247861,1040.0
1519,24.8646807753,3.72260106141,0.0,886.0,15.0400924683,45.619047619,70.0,31.0,10.9839710054,958.0
1519,24.9437933644,3.56280275891,0.0,883.0,23.0274467468,54.8095238095,84.0,40.0,13.101980948,1151.0
1519,24.9372273903,3.83040864846,0.0,887.0,17.3313102722,47.2380952381,80.0,32.0,13.5458656494,992.0
1519,24.8627380948,3.70006908199,0.0,885.0,13.8613395691,42.0476190476,59.0,29.0,10.1413815157,883.0
1520,26.8052990363,26.7815045597,0.0,885.0,18.2561569214,48.619047619,83.0,30.0,12.7924829118,1021.0
1520,26.8186234556,26.7930687064,0.0,890.0,31.667257309,58.0476190476,112.0,36.0,19.0616793344,1219.0
1520,26.8175796853,26.7932478932,0.0,888.0,29.5249271393,54.0952380952,110.0,31.0,18.4929845128,1136.0
1520,26.8075513905,26.7884750015,0.0,882.0,26.5767478943,56.1904761905,89.0,36.0,15.7213836784,1180.0
1520,26.8162733945,26.766704873,0.0,884.0,24.6259059906,49.5714285714,88.0,27.0,16.1943552776,1041.0
1520,26.8235026379,26.7953537644,0.0,892.0,35.2443733215,58.0952380952,117.0,27.0,21.4846567622,1220.0
1520,26.8248447056,26.7952453342,0.0,886.0,14.6580724716,48.0476190476,70.0,28.0,10.7400008868,1009.0
1520,26.8130488411,26.8178149602,0.0,883.0,19.5765953064,48.0952380952,87.0,34.0,12.2102611025,1010.0
1520,26.8501102808,26.7890683106,0.0,887.0,25.0325145721,50.9047619048,83.0,26.0,17.3634811081,1069.0
1520,26.8424526198,26.7758482719,0.0,889.0,22.1480445862,50.6666666667,81.0,29.0,14.3747463746,1064.0
1520,26.8131123742,26.7802814887,0.0,891.0,33.3034820557,60.0952380952,110.0,35.0,19.6466403283,1262.0
1521,8.0221536049,1.05387652501,0.0,884.0,19.0928077698,42.7619047619,84.0,29.0,11.823302254,898.0
1521,8.02327292492,1.03291709808,0.0,885.0,13.7300481796,34.8095238095,62.0,18.0,10.5385912133,731.0
1522,9.87782043947,6.49143078711,0.0,884.0,13.29093647,39.1904761905,67.0,22.0,10.6095195349,823.0
1522,9.85421167709,6.51280961435,0.0,883.0,14.4764814377,39.8095238095,59.0,26.0,10.2743323268,836.0
1522,9.85806071908,6.48646142802,0.0,885.0,13.7383174896,39.0,63.0,23.0,9.78263768112,819.0
1523,4.12220483937,14.8285946394,0.0,886.0,17.2044849396,41.380952381,64.0,28.0,10.730685861,869.0
1523,4.10271149789,14.8334057096,0.0,887.0,22.504119873,45.2380952381,79.0,27.0,14.16652661,950.0
1524,36.697614995,13.7113369092,0.0,826.0,12.2577981949,45.5238095238,58.0,32.0,7.33225100238,956.0
1524,36.6875571478,13.7489571468,0.0,827.0,15.4998664856,45.2857142857,68.0,31.0,11.7777029048,951.0
1525,25.9152533246,34.7154491108,0.0,889.0,13.6639671326,45.6666666667,67.0,30.0,9.42514367707,959.0
1525,25.9081638128,34.7882290162,0.0,890.0,14.7173528671,51.1428571429,69.0,36.0,9.74825991798,1074.0
1526,28.8914297048,6.01906231162,0.0,890.0,13.4264116287,44.619047619,69.0,32.0,8.98596789709,937.0
1526,28.7162768475,5.94996147818,0.0,892.0,13.3384227753,41.2380952381,64.0,30.0,8.76872146841,866.0
1526,28.7876671202,5.98063027487,0.0,891.0,14.9992837906,45.619047619,73.0,26.0,10.4138186583,958.0
1527,27.8713626046,38.8431123124,0.0,893.0,26.4342765808,48.7619047619,80.0,27.0,17.4840062969,1024.0
1527,27.8601053238,38.8864688387,0.0,891.0,29.3338031769,55.0,99.0,38.0,16.658331249,1155.0
1527,27.8820911532,38.7284502372,0.0,894.0,25.3300457001,50.8571428571,86.0,28.0,17.607628217,1068.0
1527,27.8709215759,38.8107894851,0.0,890.0,26.065580368,53.380952381,84.0,27.0,16.1352911051,1121.0
1527,27.8527458984,38.8472897013,0.0,892.0,13.0949220657,41.619047619,73.0,29.0,9.96732757802,874.0
1528,8.16089325076,1.00456369517,0.0,892.0,12.0586109161,35.0952380952,65.0,16.0,10.3242663754,737.0
1528,8.18466517167,0.900996073721,0.0,891.0,25.1298122406,47.7619047619,89.0,30.0,13.7800753333,1003.0
1529,40.4166670383,30.131533601,0.0,892.0,35.0424880981,59.9047619048,109.0,33.0,23.9205032596,1258.0
1529,40.4602623266,30.1327245596,0.0,893.0,22.095413208,51.0952380952,75.0,27.0,15.0063478632,1073.0
1529,40.4244504585,30.0951783466,0.0,891.0,24.1334934235,52.7619047619,87.0,31.0,15.7889352456,1108.0
1530,7.37032279955,17.619398867,0.0,892.0,17.4847831726,40.5238095238,72.0,26.0,11.0707680295,851.0
1530,7.36518488353,17.6224416946,0.0,893.0,32.8100166321,52.7142857143,101.0,29.0,19.2798933014,1107.0
1531,37.2855224203,29.70366295,0.0,892.0,13.0370349884,41.619047619,72.0,29.0,11.4257436978,874.0
1531,37.2575092629,29.7306800281,0.0,893.0,13.7647237778,44.2857142857,71.0,25.0,12.2643501954,930.0
1532,24.6622341464,4.84952158263,0.0,894.0,13.1621141434,43.7142857143,66.0,23.0,10.8680396445,918.0
1532,24.7591974924,4.82875728484,0.0,895.0,12.5024366379,43.6666666667,64.0,30.0,8.4162541153,917.0
1532,24.6606646969,4.86470538754,0.0,893.0,16.7119674683,45.8095238095,74.0,29.0,12.2785139476,962.0
1533,35.9910309099,25.77860046,0.0,901.0,22.0899486542,52.4761904762,84.0,28.0,13.3177289641,1102.0
1533,36.0483298717,25.5807819304,0.0,894.0,14.5425367355,48.0952380952,71.0,25.0,10.8669441974,1010.0
1533,36.0093714202,25.5020132301,0.0,896.0,24.3213806152,51.9047619048,92.0,38.0,12.7706881643,1090.0
1533,35.9573376474,25.5748408442,0.0,895.0,20.7503204346,52.6666666667,86.0,34.0,13.9511050936,1106.0
1533,36.0501729489,25.7415769822,0.0,898.0,29.3157558441,58.9047619048,109.0,32.0,18.89948349,1237.0
1533,36.0154282778,25.8433869741,0.0,900.0,21.5286083221,50.4285714286,91.0,31.0,16.0952521837,1059.0
1533,36.0445101423,25.6549430438,0.0,897.0,15.3083219528,48.1428571429,74.0,23.0,11.3546717887,1011.0
1534,25.9846585926,35.0147540008,0.0,894.0,14.6328344345,47.2857142857,72.0,25.0,12.3172353113,993.0
1534,25.8766295413,34.6638417854,0.0,896.0,16.8209533691,52.0,69.0,31.0,11.5368973299,1092.0
1534,25.9137081496,34.7088270992,0.0,895.0,19.1901283264,49.0,77.0,29.0,12.8218563399,1029.0
1535,10.7430215515,36.6673843486,0.0,894.0,13.237405777,40.1904761905,59.0,29.0,8.35235923329,844.0
1535,10.7073149808,36.6130938702,0.0,896.0,15.1340236664,44.4285714286,66.0,32.0,9.92255727407,933.0
1535,10.7633450258,36.5306524188,0.0,895.0,12.7091646194,40.8571428571,65.0,27.0,9.16670995661,858.0
1536,8.28272355341,0.876759424392,0.0,895.0,20.2407226562,43.6666666667,68.0,30.0,11.2753418278,917.0
1536,8.23333367559,0.80864801557,0.0,896.0,12.0193128586,39.8571428571,62.0,25.0,8.29026968371,837.0
1537,4.72421636363,9.71401545531,0.0,896.0,16.4480438232,39.0,70.0,19.0,12.5099960032,819.0
1537,4.72046559032,9.69009121436,0.0,895.0,13.9161109924,36.5714285714,63.0,24.0,10.2935486037,768.0
1538,24.3936664312,35.0153064093,0.0,896.0,23.0366916656,51.9523809524,103.0,35.0,17.1186336793,1091.0
1538,24.4230713223,34.9924314612,0.0,895.0,19.9076480865,46.8095238095,87.0,30.0,14.8546930215,983.0
1539,26.0878825242,2.02311935754,0.0,898.0,13.5034456253,44.1904761905,64.0,27.0,10.5859295653,928.0
1539,26.0937521548,2.02419973985,0.0,897.0,13.2016744614,44.7142857143,63.0,28.0,9.98069565282,939.0
1540,9.53951739768,6.56648963645,0.0,903.0,19.5042076111,45.8571428571,73.0,31.0,12.0011904171,963.0
1540,9.46873555137,6.63848338085,0.0,906.0,14.1482429504,39.7619047619,56.0,22.0,10.0494017827,835.0
1540,9.59151649345,6.69992366887,0.0,908.0,17.1160774231,41.8095238095,66.0,23.0,11.7329410108,878.0
1540,9.83328337236,6.58194974253,0.0,898.0,13.0961971283,38.5714285714,58.0,23.0,9.51615168317,810.0
1540,9.55506876081,6.61063532805,0.0,902.0,12.3936872482,39.4285714286,59.0,25.0,8.29802041798,828.0
1540,9.52550514714,6.54107574907,0.0,904.0,14.5311336517,41.6666666667,68.0,25.0,10.0763750096,875.0
1540,9.53380292941,6.63957532367,0.0,907.0,21.3098545074,47.2857142857,80.0,29.0,13.8821570987,993.0
1540,9.56451436656,6.63258165764,0.0,905.0,14.2486724854,39.2857142857,65.0,22.0,10.9870053115,825.0
1540,9.82035622286,6.48427025377,0.0,897.0,14.1900062561,39.0952380952,64.0,24.0,8.83122167033,821.0
1540,9.70042555084,6.52947392898,0.0,901.0,12.4059200287,38.7142857143,60.0,23.0,9.88505365257,813.0
1540,9.85713642939,6.49423696991,0.0,899.0,14.8804998398,37.9523809524,71.0,26.0,10.4617216101,797.0
1541,24.9524196035,3.63397195126,0.0,898.0,25.5293884277,54.2380952381,91.0,33.0,14.7678866528,1139.0
1541,24.9221927719,3.58892862846,0.0,899.0,17.7533760071,50.2380952381,72.0,31.0,11.5278131573,1055.0
1542,28.0210357827,38.9128740313,0.0,899.0,14.9659414291,47.619047619,69.0,26.0,10.5663436934,1000.0
1542,27.9903624853,38.7597921126,0.0,898.0,12.5975513458,42.4761904762,61.0,27.0,10.543334613,892.0
1543,1.97352297868,5.71010930927,0.0,903.0,14.0539712906,38.2380952381,67.0,22.0,9.39097844692,803.0
1543,2.0555233842,5.71682906284,0.0,902.0,15.3585662842,38.8571428571,61.0,24.0,8.97934136942,816.0
1543,2.0122339566,5.92856646539,0.0,901.0,13.9937458038,35.7142857143,55.0,15.0,9.79868795882,750.0
1544,25.0571887205,3.44976855976,0.0,903.0,13.7240839005,45.7619047619,71.0,30.0,10.4589902089,961.0
1544,25.0228493064,3.35429493529,0.0,902.0,13.9047956467,42.3333333333,71.0,30.0,10.1406771635,889.0
1545,16.4791459809,16.7954884111,0.0,903.0,12.758354187,40.7142857143,61.0,26.0,10.075429803,855.0
1545,16.5339468648,16.8228266178,0.0,902.0,13.3277015686,41.0,57.0,22.0,9.44986772394,861.0
1546,38.115132027,15.9704698681,0.0,903.0,20.1333656311,51.2857142857,81.0,34.0,11.8580894631,1077.0
1546,38.2710163764,15.6769271477,0.0,908.0,12.7826042175,45.1904761905,68.0,32.0,9.43196187237,949.0
1546,38.0254398522,16.0150769179,0.0,906.0,19.5083847046,48.5714285714,88.0,32.0,14.1829877973,1020.0
1546,38.0912756469,15.7821358018,0.0,907.0,19.7705039978,48.7619047619,74.0,37.0,11.4494749308,1024.0
1546,38.1399796368,15.9931286559,0.0,904.0,14.3048095703,49.380952381,73.0,29.0,10.7260253145,1037.0
1546,37.9643434781,15.7959376868,0.0,905.0,15.1765365601,46.4285714286,73.0,28.0,10.409473707,975.0
1546,38.1840823954,15.6807989812,0.0,909.0,20.2829456329,48.8095238095,89.0,27.0,14.1619880229,1025.0
1547,28.0712630125,38.9499840883,0.0,903.0,16.0476493835,47.4285714286,76.0,32.0,10.8007936216,996.0
1547,28.1097379441,39.1327236656,0.0,904.0,15.1469974518,45.4761904762,69.0,31.0,10.1025692159,955.0
1548,26.0166926615,35.009483119,0.0,903.0,17.1318912506,48.6666666667,67.0,34.0,10.3214985992,1022.0
1548,26.0696837297,35.0078533281,0.0,904.0,19.9123649597,49.1904761905,78.0,35.0,13.8044161326,1033.0
1549,36.0183695888,25.7649842203,0.0,906.0,18.9158039093,50.2857142857,86.0,27.0,13.4430013656,1056.0
1549,36.0779505952,25.7845227937,0.0,904.0,19.3573093414,50.4761904762,73.0,31.0,12.6910166954,1060.0
1549,36.1244510977,25.7448527663,0.0,905.0,20.9630737305,49.5714285714,77.0,25.0,13.4520311796,1041.0
1550,1.88332613823,5.66305604978,0.0,908.0,12.6205568314,36.9523809524,61.0,22.0,8.52922147957,776.0
1550,1.97441611628,5.70227378173,0.0,909.0,19.9709243774,43.1428571429,67.0,26.0,11.2884264372,906.0
1551,13.8648191716,38.4700831063,0.0,908.0,17.6413860321,38.8571428571,77.0,22.0,13.7487661784,816.0
1551,13.9275675751,38.4176374189,0.0,909.0,14.669462204,39.4285714286,64.0,27.0,11.3823171128,828.0
1552,33.4581468829,29.9349670149,0.0,908.0,15.8124513626,46.8095238095,73.0,34.0,10.191266102,983.0
1552,33.4688998757,29.927739071,0.0,907.0,21.7915611267,50.0952380952,87.0,32.0,14.1629967235,1052.0
1552,33.5064285206,29.9444050891,0.0,909.0,24.2160892487,54.380952381,91.0,38.0,15.8602528053,1142.0
1553,21.5148976405,36.8664740395,0.0,911.0,14.0806875229,43.3333333333,71.0,29.0,11.8335680728,910.0
1553,21.4328759916,36.8975854554,0.0,912.0,13.0708799362,43.8571428571,66.0,32.0,10.1157585691,921.0
1554,31.0817549987,9.88037581491,0.0,913.0,18.5774269104,47.5238095238,76.0,31.0,13.0292710756,998.0
1554,30.8295060716,9.99498608834,0.0,916.0,13.4586277008,42.3333333333,62.0,30.0,9.73310502015,889.0
1554,31.1032620658,9.74803763011,0.0,912.0,13.863732338,46.5238095238,66.0,28.0,10.6000898469,977.0
1554,30.9939763186,9.96145612732,0.0,914.0,12.4443502426,46.619047619,64.0,29.0,9.3673699109,979.0
1554,30.920126407,9.97573088381,0.0,915.0,12.6521692276,46.619047619,66.0,33.0,8.59928014706,979.0
1555,24.8326122165,4.77573548011,0.0,913.0,12.5419778824,44.5238095238,71.0,23.0,10.2743323268,935.0
1555,24.8019919794,4.79920967759,0.0,914.0,15.1230049133,46.7142857143,75.0,26.0,10.1150524326,981.0
1555,24.8532027499,4.76234210052,0.0,912.0,12.4260625839,42.8095238095,57.0,31.0,7.82060769774,899.0
1555,24.8009875529,4.7934593551,0.0,915.0,18.4460277557,46.8095238095,96.0,31.0,14.6479317571,983.0
1556,2.98507767205,31.1760818297,0.0,913.0,52.4934959412,60.8095238095,152.0,33.0,30.3605320237,1277.0
1556,2.9565636346,31.1398330665,0.0,919.0,19.7078132629,40.5714285714,68.0,26.0,12.6038542858,852.0
1556,2.95041359877,31.1710155404,0.0,917.0,17.0915927887,37.4761904762,61.0,22.0,11.2632990177,787.0
1556,2.99417045635,31.1564329257,0.0,920.0,27.7260189056,45.4761904762,89.0,17.0,16.91927613,955.0
1556,2.98978206876,31.1603545067,0.0,914.0,31.5296592712,49.4761904762,93.0,24.0,19.0568073077,1039.0
1556,2.96066984033,31.1870722675,0.0,918.0,20.1924571991,40.1428571429,69.0,20.0,12.2812284169,843.0
1556,2.97413218811,31.1671837203,0.0,915.0,30.3351707458,44.8571428571,106.0,21.0,19.9907121291,942.0
1557,24.6523734673,22.1366920732,0.0,913.0,15.8826961517,44.9523809524,71.0,26.0,11.1958750907,944.0
1557,24.6424755185,22.032989422,0.0,914.0,15.3781318665,44.2380952381,69.0,24.0,10.9859217269,929.0
1557,24.5787282474,22.1581056855,0.0,915.0,12.92100811,44.0952380952,63.0,28.0,8.18477099194,926.0
1558,34.5697667868,17.7700331064,0.0,857.0,13.0896062851,47.380952381,70.0,29.0,10.1463106126,995.0
1558,34.6447479163,17.691744157,0.0,858.0,13.0707588196,46.0,65.0,29.0,9.85900603509,966.0
1559,2.17442011438,3.46549417307,0.0,915.0,14.7926778793,36.6666666667,66.0,20.0,10.565667671,770.0
1559,2.2114588044,3.5463195611,0.0,916.0,13.5711517334,35.380952381,55.0,20.0,10.4473737871,743.0
1560,9.83974960931,6.80685908066,0.0,916.0,15.3185520172,43.2380952381,76.0,28.0,11.2778755176,908.0
1560,9.94204263895,6.85111115257,0.0,917.0,14.0776157379,41.1904761905,61.0,23.0,9.72429456372,865.0
1560,9.78989619562,6.79455276328,0.0,915.0,16.3700675964,44.7619047619,70.0,28.0,11.7426775563,940.0
1561,41.6570816698,23.8407444837,0.0,917.0,14.7974643707,46.2380952381,69.0,32.0,9.5336496784,971.0
1561,41.6332474712,23.8377234876,0.0,916.0,12.5906448364,43.1428571429,67.0,27.0,10.2629708871,906.0
1561,41.6543716502,23.850192113,0.0,914.0,32.499042511,57.380952381,103.0,29.0,19.6379127976,1205.0
1561,41.6692538584,23.8736749939,0.0,915.0,16.9470882416,45.9047619048,74.0,25.0,11.7341585208,964.0
1562,24.8768699615,3.63296922356,0.0,916.0,15.6947240829,46.2380952381,72.0,32.0,10.8761425235,971.0
1562,24.7000214273,3.81550794797,0.0,924.0,16.6957263947,48.7619047619,80.0,33.0,11.8739410555,1024.0
1562,24.736270846,3.74241247719,0.0,928.0,19.2028179169,51.0952380952,84.0,28.0,11.9704000013,1073.0
1562,25.0436735156,3.63614716693,0.0,920.0,23.3591747284,51.5238095238,95.0,25.0,15.4162869966,1082.0
1562,25.1306395507,3.71573995587,0.0,918.0,15.336353302,44.5714285714,71.0,32.0,9.95274549344,936.0
1562,24.4957226974,3.82154036,0.0,929.0,12.6379699707,44.4761904762,64.0,28.0,10.0180788958,934.0
1562,24.9874247877,3.65567292214,0.0,921.0,22.1867332458,49.2857142857,84.0,28.0,14.0575348377,1035.0
1562,24.8230816567,3.84067006062,0.0,926.0,19.8303222656,48.7619047619,75.0,29.0,12.8019715744,1024.0
1562,24.8508622998,3.73359379525,0.0,917.0,30.1483135223,59.9047619048,100.0,30.0,15.8930952363,1258.0
1562,24.7093281903,3.74182133157,0.0,925.0,22.5831222534,50.7619047619,80.0,31.0,13.7764464283,1066.0
1562,25.0158862847,3.65129769956,0.0,922.0,23.2304878235,49.5714285714,82.0,31.0,14.2041241496,1041.0
1562,24.9082705073,3.68911097596,0.0,923.0,15.0710983276,46.7619047619,78.0,28.0,12.1115843799,982.0
1562,24.7120333251,3.60426282843,0.0,927.0,13.7714824677,44.0476190476,69.0,32.0,9.33528891077,925.0
1563,4.402144206,25.4228499642,0.0,917.0,13.6308965683,36.8571428571,63.0,17.0,11.3149711192,774.0
1563,4.37192589809,25.450771684,0.0,918.0,12.9867162704,36.9523809524,56.0,24.0,9.55236196171,776.0
1564,8.51456674718,0.68456903544,0.0,920.0,12.9277944565,35.6666666667,50.0,17.0,10.2290436177,749.0
1564,8.24482046187,0.891319683181,0.0,918.0,19.7475452423,42.0476190476,70.0,19.0,13.5036150363,883.0
1564,8.35961474787,0.791025134481,0.0,919.0,18.5123996735,41.9523809524,63.0,28.0,11.3113933292,881.0
1565,19.3915944138,33.2853760766,0.0,923.0,27.0169715881,50.2857142857,100.0,31.0,16.9444470466,1056.0
1565,19.404041014,33.2796669925,0.0,921.0,41.1932106018,59.1428571429,121.0,27.0,23.5611665974,1242.0
1565,19.4052583033,33.2796153201,0.0,919.0,33.7628479004,52.619047619,114.0,31.0,20.1754211616,1105.0
1565,19.3950042569,33.2797581627,0.0,922.0,47.209236145,65.8095238095,149.0,30.0,27.854297779,1382.0
1565,19.3700956392,33.278635465,0.0,920.0,20.7944908142,50.0952380952,88.0,30.0,14.0638002044,1052.0
1565,19.3881099139,33.2997723761,0.0,924.0,25.8473777771,52.1428571429,82.0,32.0,14.7556284661,1095.0
1566,32.774628546,30.0130269182,0.0,923.0,16.8787708282,51.1428571429,85.0,31.0,12.8580158434,1074.0
1566,32.5571299363,30.1333516607,0.0,927.0,27.7202110291,58.0,95.0,37.0,17.2191753577,1218.0
1566,32.4472125499,30.1330687522,0.0,931.0,26.9071102142,56.0,106.0,36.0,19.5038457746,1176.0
1566,32.5519940043,30.1377825241,0.0,928.0,25.2436065674,53.4761904762,91.0,32.0,16.0456194883,1123.0
1566,32.4434524536,30.14298053,0.0,932.0,26.4704990387,56.9523809524,96.0,25.0,18.3751903132,1196.0
1566,32.7925990464,30.0197367563,0.0,924.0,21.4052391052,51.0476190476,81.0,33.0,13.5553538887,1072.0
1566,32.6780097879,30.1107236214,0.0,920.0,18.7975292206,51.9047619048,78.0,30.0,12.4414820737,1090.0
1566,32.6476534285,30.0708857926,0.0,926.0,23.016582489,53.8095238095,80.0,35.0,12.6988938401,1130.0
1566,32.633484039,30.1509283861,0.0,929.0,21.270614624,51.5238095238,87.0,34.0,13.7899204045,1082.0
1566,32.4081603183,30.1388707488,0.0,934.0,24.1090164185,50.4285714286,87.0,33.0,16.0017856146,1059.0
1566,32.7216080331,30.1086803984,0.0,921.0,18.2750797272,52.0476190476,83.0,30.0,13.9229170452,1093.0
1566,32.4989345515,30.1508156452,0.0,930.0,29.794965744,57.4761904762,101.0,33.0,16.5699096184,1207.0
1566,32.7379833834,30.0569755971,0.0,922.0,25.6578407288,54.7142857143,98.0,34.0,15.4179857866,1149.0
1566,32.6856284917,30.096682076,0.0,925.0,25.0205078125,55.5238095238,105.0,31.0,18.1565939747,1166.0
1566,32.3841803744,30.1123326448,0.0,933.0,25.7197303772,57.3333333333,82.0,33.0,16.3869867069,1204.0
1567,27.2240002082,26.4172119121,0.0,921.0,14.2822208405,42.7142857143,74.0,29.0,11.0550570199,897.0
1567,27.2327512181,26.4673886097,0.0,922.0,13.6621246338,45.0476190476,67.0,29.0,10.6135582651,946.0
1567,27.2551908462,26.4503007782,0.0,920.0,12.2308635712,45.5714285714,71.0,30.0,9.13548810175,957.0
1568,28.8116635882,25.6084167702,0.0,921.0,15.5677528381,48.7619047619,67.0,28.0,10.2805873466,1024.0
1568,28.9290796971,25.5776580326,0.0,920.0,12.2620754242,43.7142857143,63.0,28.0,9.50864268517,918.0
1569,14.0996134699,21.8590630273,0.0,926.0,12.4856386185,41.9523809524,63.0,22.0,10.5758034705,881.0
1569,14.0638421353,21.8726157304,0.0,925.0,16.801776886,45.9047619048,79.0,30.0,12.7078903123,964.0
1569,14.1072269185,21.9016263291,0.0,924.0,14.978717804,42.1904761905,64.0,25.0,12.2131856926,886.0
1570,28.1030577928,39.154760702,0.0,933.0,32.4702186584,57.7619047619,106.0,32.0,20.6806788136,1213.0
1570,28.1015281015,39.4975394975,0.0,924.0,15.2464847565,52.2857142857,74.0,36.0,11.5201686496,1098.0
1570,27.9680439405,39.2578612499,0.0,926.0,25.718711853,55.9523809524,107.0,33.0,17.825476685,1175.0
1570,28.1015281015,39.4975394975,0.0,923.0,25.1399154663,53.0,79.0,36.0,14.8761554173,1113.0
1570,27.9609287812,39.211282502,0.0,929.0,18.8768386841,51.0476190476,72.0,38.0,11.2226386847,1072.0
1570,28.0776380462,39.2667329195,0.0,931.0,16.2654781342,49.1428571429,86.0,28.0,14.3780586808,1032.0
1570,27.9963729203,39.1246465287,0.0,928.0,19.3831539154,50.2380952381,77.0,36.0,11.6056226111,1055.0
1570,28.1409438226,39.200711652,0.0,932.0,14.2345399857,48.3333333333,74.0,31.0,9.409215341,1015.0
1570,28.0908410891,39.2722114488,0.0,925.0,17.982383728,50.1904761905,75.0,33.0,12.6515574046,1054.0
1571,27.9378041328,39.2095910945,0.0,908.0,24.0148487091,51.5238095238,87.0,28.0,16.9812221222,1082.0
1571,27.8789383685,39.2721594059,0.0,907.0,26.3297901154,54.8095238095,97.0,27.0,19.4026262336,1151.0
1572,29.0245747705,5.22125803005,0.0,924.0,12.5347890854,42.619047619,63.0,29.0,8.84011419879,895.0
1572,28.9942434419,5.15641455878,0.0,925.0,12.2988862991,41.7619047619,60.0,25.0,8.50825929262,877.0
1573,23.0944925976,13.8459211923,0.0,925.0,14.4704399109,44.619047619,69.0,26.0,11.9225676365,937.0
1573,23.058019285,13.9355468641,0.0,924.0,12.4019947052,44.4761904762,72.0,34.0,9.37880081684,934.0
1574,36.474928866,16.212419067,0.0,925.0,12.7871656418,45.2857142857,77.0,34.0,9.89011050061,951.0
1574,36.5835058349,16.0337153643,0.0,924.0,12.4163122177,42.2380952381,71.0,24.0,10.0841695836,887.0
1575,30.5212827562,35.1108323979,0.0,925.0,15.7594528198,49.8571428571,77.0,28.0,10.6267855643,1047.0
1575,30.4680987174,35.1828245727,0.0,924.0,14.6863012314,47.0952380952,71.0,31.0,10.7373402754,989.0
1576,13.2019552701,17.375640362,0.0,923.0,14.0509548187,40.9523809524,66.0,28.0,10.2930859827,860.0
1576,13.2175997295,17.370390825,0.0,924.0,21.1188468933,48.9047619048,82.0,32.0,12.2307185476,1027.0
1577,31.5012265774,7.05143344937,0.0,924.0,13.2052431107,43.4761904762,61.0,25.0,8.94214206787,913.0
1577,31.5590900188,7.01400550142,0.0,923.0,15.3209657669,45.5714285714,72.0,30.0,10.9524948234,957.0
1578,12.2360693895,8.90556370709,0.0,930.0,13.6456365585,40.619047619,65.0,27.0,10.6558725146,853.0
1578,12.2204840384,8.92682390146,0.0,929.0,14.8680992126,41.8571428571,61.0,26.0,10.3695984218,879.0
1579,42.9961023067,0.496169862829,0.0,930.0,23.6343383789,49.8571428571,77.0,30.0,13.5361948652,1047.0
1579,42.9930816186,0.500250550242,0.0,932.0,21.1054878235,47.4761904762,90.0,33.0,12.6791918024,997.0
1579,43.0024566464,0.488136191639,0.0,933.0,18.5330123901,46.2857142857,68.0,27.0,11.6281677712,972.0
1579,42.9835332824,0.531080863814,0.0,931.0,16.7014465332,45.7619047619,65.0,30.0,9.74117427164,961.0
1580,2.1930057519,2.72845849778,0.0,930.0,25.9188728333,46.3333333333,87.0,22.0,15.0742606231,973.0
1580,2.19599587547,2.62571196532,0.0,932.0,15.5513315201,37.7142857143,58.0,25.0,10.6355200021,792.0
1580,2.21784797444,2.66336951337,0.0,931.0,18.227350235,40.3333333333,67.0,25.0,11.4469792231,847.0
1581,1.14161484493,6.60384612452,0.0,931.0,14.5956707001,36.7142857143,55.0,22.0,8.93947905162,771.0
1581,1.13414434913,6.65673431055,0.0,934.0,17.805475235,36.7619047619,59.0,22.0,11.0494559228,772.0
1581,1.16841282448,6.59433537333,0.0,930.0,17.5636882782,34.5238095238,66.0,16.0,11.864312233,725.0
1581,1.19982885117,6.64554811672,0.0,935.0,12.1917457581,34.0,51.0,17.0,8.0311892021,714.0
1581,1.10511241408,6.6179167452,0.0,933.0,12.835021019,35.1904761905,53.0,21.0,8.9923247696,739.0
1582,24.6439713231,4.81550967305,0.0,906.0,15.2279548645,46.1904761905,62.0,29.0,7.95373527105,970.0
1582,24.7256986838,4.84383786408,0.0,905.0,14.1666841507,41.5238095238,73.0,26.0,11.8051643259,872.0
1583,22.9072268211,14.0556272223,0.0,932.0,17.0490951538,49.2857142857,78.0,32.0,12.4705367051,1035.0
1583,23.0504940441,13.9791162752,0.0,933.0,16.9017505646,52.7619047619,75.0,33.0,8.99391328569,1108.0
1584,10.6488734715,37.4778362682,0.0,933.0,18.6690235138,43.0952380952,77.0,27.0,12.9688270939,905.0
1584,10.6062850845,37.494399291,0.0,936.0,13.2275667191,43.5238095238,58.0,31.0,7.91592728377,914.0
1584,10.4699341687,37.2800087623,0.0,934.0,12.7523412704,37.7619047619,68.0,25.0,9.27849536242,793.0
1584,10.6396421565,37.3417242115,0.0,935.0,15.9006738663,42.6666666667,67.0,29.0,9.61422557117,896.0
1585,7.00104049206,11.9837685842,0.0,936.0,14.381064415,37.2857142857,60.0,19.0,10.9551031814,783.0
1585,7.00070511558,12.0083242289,0.0,935.0,16.6044635773,39.5238095238,70.0,22.0,11.9147767399,830.0
1586,5.71241230384,10.8658666296,0.0,937.0,13.5356559753,43.3333333333,63.0,28.0,8.39841254841,910.0
1586,5.63146942529,10.7668456224,0.0,936.0,20.0391979218,42.4285714286,69.0,20.0,13.6951503408,891.0
1586,5.72539663876,10.9265130371,0.0,939.0,22.714345932,44.380952381,76.0,25.0,14.4134527108,932.0
1586,5.70596301376,11.0873997445,0.0,941.0,16.608537674,42.5238095238,64.0,28.0,9.85200003867,893.0
1586,5.72900189071,10.8000720294,0.0,938.0,18.2278671265,43.9047619048,78.0,20.0,13.7837032829,922.0
1586,5.83191485662,10.6744777056,0.0,935.0,14.9062013626,41.8095238095,65.0,31.0,8.67536193838,878.0
1586,5.67142621455,11.0990688972,0.0,940.0,19.5771484375,46.0952380952,76.0,32.0,11.0946147383,968.0
1587,24.4653507855,16.7528152158,0.0,942.0,38.2224884033,64.0476190476,124.0,37.0,22.0691553769,1345.0
1587,24.5976857523,16.7027514797,0.0,936.0,21.776386261,56.0,79.0,35.0,13.2098448136,1176.0
1587,24.5105975054,16.7400166859,0.0,939.0,34.1277236938,61.9047619048,121.0,36.0,20.8947475742,1300.0
1587,24.7697930821,16.5605646404,0.0,946.0,16.3711414337,50.0476190476,71.0,38.0,9.75436410268,1051.0
1587,24.704964523,16.6076057948,0.0,935.0,22.6684799194,51.0,84.0,29.0,13.5055544129,1071.0
1587,24.4642003978,16.6039117581,0.0,940.0,40.2824401855,65.8571428571,118.0,34.0,22.4817386211,1383.0
1587,24.4958244137,16.7247069157,0.0,943.0,29.4899177551,60.1428571429,98.0,32.0,16.0508121735,1263.0
1587,24.6631080613,16.5147704763,0.0,934.0,13.5530996323,48.5238095238,66.0,33.0,9.94795982913,1019.0
1587,24.5366447226,16.6504254677,0.0,937.0,35.7656936646,66.5714285714,108.0,40.0,21.6738815826,1398.0
1587,24.516868652,16.6840786511,0.0,944.0,32.5317115784,61.380952381,97.0,36.0,19.8858648051,1289.0
1587,24.4451242032,16.6778413939,0.0,941.0,37.6909217834,66.2857142857,106.0,43.0,20.5988904001,1392.0
1587,24.4213575634,16.6514564569,0.0,938.0,32.5089759827,59.9523809524,103.0,33.0,21.5162175823,1259.0
1587,24.6852978032,16.6969307114,0.0,945.0,17.2167205811,49.9047619048,76.0,27.0,12.2143553326,1048.0
1588,25.3554272407,37.1467076161,0.0,937.0,28.1684913635,52.7142857143,98.0,32.0,15.6017398297,1107.0
1588,25.3748423418,37.1634443918,0.0,936.0,20.3491859436,48.7142857143,95.0,22.0,14.4884190205,1023.0
1588,25.3268128177,37.1769894284,0.0,935.0,21.4121665955,48.2380952381,79.0,28.0,13.5974437374,1013.0
1589,35.1660920185,17.3788753444,0.0,934.0,20.117275238,50.6666666667,79.0,30.0,13.8503910895,1064.0
1589,35.1326672863,17.3863024015,0.0,935.0,14.3564872742,49.4761904762,72.0,32.0,11.3076038471,1039.0
1590,21.862070061,31.2510832511,0.0,936.0,12.3409585953,41.5238095238,67.0,24.0,11.4787588511,872.0
1590,21.9875793163,31.1620735213,0.0,937.0,12.3891830444,45.2857142857,67.0,30.0,9.27438869761,951.0
1591,33.4209360298,4.21519046929,0.0,939.0,16.6566925049,42.1428571429,76.0,27.0,12.4871362381,885.0
1591,33.4956333223,4.16937585892,0.0,940.0,14.5759868622,43.9523809524,65.0,27.0,11.7280697068,923.0
1592,1.16480434631,6.59299724176,0.0,939.0,14.391749382,33.2857142857,52.0,11.0,10.2671459381,699.0
1592,1.20257250419,6.64877909734,0.0,938.0,15.5919246674,35.5238095238,62.0,22.0,9.44255816831,746.0
1592,1.18226304953,6.62152073429,0.0,940.0,12.3362722397,32.6666666667,58.0,18.0,8.86754381626,686.0
1593,12.2020793003,8.92591236315,0.0,939.0,42.2643318176,63.1904761905,128.0,28.0,23.4320700059,1327.0
1593,12.2772036139,8.94050701735,0.0,941.0,18.1743679047,41.3333333333,64.0,26.0,11.9093800566,868.0
1593,12.2468772316,8.98368383308,0.0,938.0,23.9495277405,47.8095238095,91.0,28.0,17.4946250249,1004.0
1593,12.2094969385,8.92476203875,0.0,940.0,20.1537799835,43.3333333333,74.0,28.0,12.3544863646,910.0
1594,29.2132432997,38.3133164656,0.0,940.0,14.2044391632,43.9047619048,70.0,29.0,10.285449732,922.0
1594,29.2378356177,38.2813078861,0.0,939.0,20.0024738312,46.380952381,79.0,24.0,15.1078661315,974.0
1595,9.8246547018,6.48377236464,0.0,939.0,21.5927410126,46.7142857143,88.0,32.0,13.0005494389,981.0
1595,9.84459797501,6.49110358857,0.0,938.0,14.8083934784,39.1904761905,60.0,19.0,10.5575520251,823.0
1596,15.2903373395,34.2189229474,0.0,942.0,13.5543622971,42.2857142857,66.0,27.0,9.45062356219,888.0
1596,15.2426925132,34.3136913042,0.0,939.0,20.289308548,45.7619047619,79.0,20.0,13.5753628383,961.0
1596,15.1890491012,34.2538448529,0.0,941.0,18.0159187317,48.2857142857,69.0,31.0,11.6839328017,1014.0
1596,15.2451046965,34.2163073117,0.0,938.0,19.7499446869,46.619047619,72.0,33.0,11.5865274801,979.0
1597,36.8473526195,13.6498825381,0.0,942.0,12.1944952011,43.2380952381,63.0,31.0,9.28388260323,908.0
1597,36.887056277,13.8246025796,0.0,943.0,16.1052379608,47.5714285714,78.0,32.0,10.1221115809,999.0
1598,27.6617380306,39.1078750774,0.0,941.0,17.8901767731,47.7142857143,71.0,28.0,12.9040414489,1002.0
1598,27.5432343377,39.1247884514,0.0,943.0,14.8707361221,48.9523809524,75.0,34.0,9.79017972499,1028.0
1598,27.7412277935,39.1351903366,0.0,940.0,41.701171875,65.380952381,118.0,34.0,26.0047614688,1373.0
1598,27.5789679187,39.1587872044,0.0,942.0,18.1263980865,48.0952380952,69.0,31.0,12.0950599912,1010.0
1598,27.6035166552,39.1679940153,0.0,944.0,18.1874504089,51.0476190476,85.0,32.0,13.8075203801,1072.0
1599,24.6618983451,3.75496319727,0.0,944.0,18.1633167267,45.4285714286,83.0,27.0,12.7262383624,954.0
1599,24.5829112175,3.71595141409,0.0,946.0,12.5245723724,40.4285714286,60.0,25.0,9.52665433702,849.0
1599,24.6539912936,3.74727149174,0.0,945.0,16.0302181244,48.0,69.0,33.0,9.14877040919,1008.0
1600,19.1793452952,24.5799051566,0.0,945.0,28.6053695679,51.0476190476,101.0,30.0,16.9631252736,1072.0
1600,19.1261463412,24.5830670922,0.0,946.0,23.0681648254,50.7619047619,87.0,31.0,14.8724737751,1066.0
1600,19.0804348717,24.5960660603,0.0,944.0,14.2679986954,45.4285714286,70.0,29.0,9.36253933808,954.0
1601,29.3052169482,38.2927738366,0.0,943.0,12.3673257828,42.9047619048,58.0,30.0,8.20307723909,901.0
1601,29.2407844825,38.2894265482,0.0,944.0,14.1288442612,46.2857142857,69.0,25.0,10.5789548498,972.0
1602,1.25322184148,6.61566677679,0.0,944.0,16.39610672,34.8571428571,58.0,17.0,11.0602247458,732.0
1602,1.18809199254,6.58707001844,0.0,946.0,26.8605766296,43.9523809524,85.0,17.0,16.7525406744,923.0
1602,1.23499741313,6.6021651777,0.0,947.0,13.2644672394,35.619047619,59.0,21.0,9.24919558922,748.0
1602,1.13390395763,6.59677434457,0.0,943.0,16.0444374084,35.619047619,58.0,21.0,10.254151308,748.0
1602,1.24980172293,6.62004131557,0.0,948.0,13.240436554,33.619047619,57.0,19.0,9.98236540343,706.0
1602,1.2134605394,6.57609638889,0.0,950.0,13.0355587006,33.7619047619,60.0,18.0,9.12636160748,709.0
1602,1.17867035753,6.59035934443,0.0,949.0,37.4497070312,49.2857142857,125.0,25.0,22.5191981588,1035.0
1603,15.6361643048,34.7159764201,0.0,948.0,18.177148819,46.4761904762,70.0,32.0,11.8263225375,976.0
1603,15.6078697542,34.5774510389,0.0,946.0,13.0087242126,41.1428571429,73.0,24.0,10.9922050303,864.0
1603,15.5493042238,34.6223945059,0.0,947.0,16.7561607361,43.5714285714,70.0,31.0,11.2941198354,915.0
1604,18.3366769512,2.10555930277,0.0,900.0,21.3492450714,47.4761904762,75.0,29.0,12.5443973455,997.0
1604,18.3405119162,2.12586100589,0.0,899.0,20.6432857513,50.7619047619,77.0,33.0,12.8409686625,1066.0
1605,32.8429255844,18.6797279765,0.0,900.0,17.5754737854,50.4761904762,84.0,34.0,11.5352461942,1060.0
1605,32.8641840575,18.6316671682,0.0,901.0,22.6064910889,51.380952381,86.0,35.0,13.6472568323,1079.0
1605,32.8239209723,18.6717268925,0.0,899.0,14.8602457047,44.380952381,74.0,18.0,11.753621529,932.0
1606,29.5371565732,28.2345792427,0.0,951.0,16.5489768982,45.5238095238,73.0,31.0,10.6565428147,956.0
1606,29.4448440603,28.0495754823,0.0,949.0,14.3772554398,48.8095238095,69.0,33.0,9.8367629209,1025.0
1606,29.5036004767,28.0645299143,0.0,950.0,13.8782892227,45.9047619048,64.0,31.0,9.76168408578,964.0
1606,29.4301273594,28.021126902,0.0,948.0,15.8152761459,47.7142857143,72.0,30.0,12.1414284874,1002.0
1607,34.7931537182,17.2520186381,0.0,949.0,20.8179340363,54.6666666667,87.0,38.0,12.7331588121,1148.0
1607,34.7537018906,17.2356521909,0.0,950.0,15.4402208328,48.5714285714,70.0,34.0,10.3420086471,1020.0
1607,34.7563358291,17.2665993903,0.0,948.0,15.4050941467,48.9047619048,76.0,30.0,10.5494301358,1027.0
1608,31.5293743767,14.374805338,0.0,949.0,23.4032230377,48.6666666667,93.0,30.0,17.886680333,1022.0
1608,31.5507764362,14.3841043801,0.0,948.0,21.35131073,49.9523809524,80.0,34.0,12.897581907,1049.0
1609,23.5727489212,22.1112010339,0.0,949.0,13.2636623383,42.1904761905,62.0,26.0,9.94795982913,886.0
1609,23.5187741159,22.0907203493,0.0,948.0,15.3905153275,45.9523809524,66.0,24.0,11.2892700848,965.0
1610,32.723764704,18.5904705901,0.0,957.0,13.2111768723,44.3333333333,76.0,34.0,10.2045741378,931.0
1610,32.7592842208,18.5977298799,0.0,961.0,20.8382339478,49.8571428571,77.0,29.0,12.6344201065,1047.0
1610,32.6379273114,18.6511227427,0.0,954.0,12.0333957672,41.9047619048,58.0,25.0,9.21360278015,880.0
1610,32.7154265561,18.6205045367,0.0,960.0,12.5155992508,46.0,65.0,33.0,10.3778610513,966.0
1610,32.7163416533,18.6089718574,0.0,964.0,13.831952095,45.6666666667,67.0,27.0,10.4705937431,959.0
1610,32.7237389793,18.6533344483,0.0,962.0,16.3250808716,47.1904761905,72.0,36.0,10.3904718258,991.0
1610,32.7223403967,18.6643981197,0.0,953.0,12.4068479538,44.3333333333,68.0,30.0,9.90117838105,931.0
1610,32.7516934629,18.6064979394,0.0,958.0,15.6829986572,45.8095238095,66.0,29.0,10.3083415136,962.0
1610,32.7561043598,18.6039030533,0.0,959.0,18.5389118195,50.0476190476,76.0,37.0,10.9566244367,1051.0
1610,32.7717999163,18.5877568685,0.0,963.0,14.7122020721,45.0952380952,73.0,32.0,10.6766322495,947.0
1610,32.7777930566,18.6016695873,0.0,956.0,13.9554653168,42.1904761905,63.0,24.0,11.3956967651,886.0
1611,34.800965714,17.2145485619,0.0,954.0,20.1865730286,51.9523809524,84.0,40.0,11.3158127878,1091.0
1611,34.8323747394,17.1875631303,0.0,953.0,12.6249933243,48.8095238095,71.0,31.0,10.5005668781,1025.0
1611,34.893270285,17.407811509,0.0,958.0,13.1329460144,48.0476190476,68.0,30.0,11.1376666788,1009.0
1611,34.9201267383,17.4943177113,0.0,959.0,13.0192728043,46.4285714286,62.0,31.0,8.73253358752,975.0
1611,34.9194162213,17.3418192568,0.0,956.0,16.3311386108,50.619047619,73.0,32.0,10.6746250074,1063.0
1611,34.9321351254,17.3686985765,0.0,957.0,18.5901985168,48.0952380952,75.0,33.0,12.1322082158,1010.0
1612,37.618949974,25.8093430703,0.0,901.0,12.2584342957,45.380952381,66.0,36.0,9.80548923041,953.0
1612,37.545248769,25.8257325887,0.0,900.0,12.7570571899,44.5714285714,68.0,36.0,8.69236117848,936.0
1613,28.6435840347,6.095454515,0.0,897.0,12.3221321106,40.8571428571,67.0,28.0,9.02377811277,858.0
1613,28.7922645734,5.95009159492,0.0,896.0,14.1206645966,46.2857142857,69.0,33.0,8.69564751553,972.0
1614,37.8500345373,31.4254818465,0.0,957.0,12.3485765457,45.380952381,65.0,33.0,8.82879488082,953.0
1614,37.8944774473,31.429422846,0.0,958.0,13.6430177689,45.5238095238,70.0,27.0,10.4671822742,956.0
1615,37.5503116631,24.4395718227,0.0,957.0,28.4066963196,58.8571428571,103.0,33.0,16.6951661096,1236.0
1615,37.5199175378,24.4095611264,0.0,958.0,24.6030368805,52.7142857143,90.0,32.0,16.1590310884,1107.0
1615,37.5247165701,24.4120440777,0.0,959.0,20.1958198547,50.4761904762,82.0,30.0,14.2569949415,1060.0
1616,29.5209380063,27.989120316,0.0,960.0,15.5226593018,46.4761904762,68.0,26.0,10.8379843496,976.0
1616,29.5164361844,28.0489194435,0.0,959.0,17.6016464233,46.4761904762,71.0,26.0,12.6278226453,976.0
1616,29.5304793821,28.0707373439,0.0,958.0,17.3302459717,50.5238095238,81.0,32.0,11.1158402634,1061.0
1617,1.20460750564,6.58540670183,0.0,954.0,15.5334224701,36.619047619,57.0,21.0,9.52615447322,769.0
1617,1.21417463725,6.57823260814,0.0,955.0,13.80331707,34.8571428571,54.0,25.0,8.59235540632,732.0
1618,1.17535295573,6.5876710885,0.0,960.0,20.5077266693,36.2857142857,80.0,21.0,13.9001541615,762.0
1618,1.21939931909,6.60476389804,0.0,962.0,24.7929458618,42.1904761905,82.0,21.0,15.2925440906,886.0
1618,1.19270529602,6.58315881265,0.0,959.0,36.2957954407,47.5238095238,107.0,21.0,22.1418586564,998.0
1618,1.20669786265,6.59443749092,0.0,961.0,30.2284832001,45.4285714286,94.0,25.0,18.0404307836,954.0
1619,11.7957360568,18.3735515447,0.0,962.0,14.6683311462,41.4285714286,73.0,26.0,10.0626608239,870.0
1619,11.7802123146,18.3856912868,0.0,961.0,16.82147789,41.7619047619,73.0,23.0,11.8148413527,877.0
1620,10.0418790849,6.63417994413,0.0,960.0,12.998711586,42.1428571429,68.0,28.0,10.1552238493,885.0
1620,9.91630010003,6.5973180796,0.0,961.0,13.7869091034,43.2857142857,64.0,23.0,9.29054819235,909.0
1621,29.3703861758,28.1651187933,0.0,967.0,13.0227746964,45.380952381,70.0,31.0,10.3270334098,953.0
1621,29.5045224828,28.1082404167,0.0,964.0,24.0591964722,50.4285714286,102.0,27.0,15.4647063618,1059.0
1621,29.503566085,28.1667903846,0.0,966.0,12.9650526047,43.8095238095,62.0,28.0,9.93286991568,920.0
1621,29.5610041671,28.0986075082,0.0,965.0,14.5387639999,45.6666666667,75.0,28.0,10.565667671,959.0
1622,37.8596227123,31.4394295934,0.0,971.0,15.0080871582,45.7142857143,76.0,30.0,11.0369509247,960.0
1622,37.8560783394,31.4243286531,0.0,970.0,16.5967941284,44.380952381,70.0,29.0,12.1221953064,932.0
1622,37.8375131777,31.4165636096,0.0,967.0,13.468208313,44.0,70.0,29.0,10.1439637223,924.0
1622,37.8583522005,31.4531093121,0.0,972.0,16.0841941833,46.5238095238,73.0,30.0,10.6189408493,977.0
1622,37.8514755394,31.4396302322,0.0,968.0,14.8755741119,44.4761904762,69.0,23.0,11.378132745,934.0
1623,41.1706137482,22.0982682886,0.0,971.0,31.9364109039,62.7142857143,108.0,33.0,17.9670333031,1317.0
1623,41.1814271566,22.1155553089,0.0,972.0,26.8358612061,55.9047619048,97.0,38.0,15.8300497848,1174.0
1623,41.1756072905,22.1195776354,0.0,968.0,24.8501586914,54.4285714286,95.0,31.0,14.0234497488,1143.0
1623,41.1588998149,22.0798307902,0.0,969.0,35.5461235046,61.5714285714,133.0,30.0,24.0011904467,1293.0
1623,41.1787379557,22.0667737961,0.0,970.0,27.5700798035,58.4761904762,91.0,35.0,15.7404544014,1228.0
1624,39.0287136182,13.5815995625,0.0,980.0,24.0819606781,53.0,95.0,31.0,14.4741148261,1113.0
1624,39.0165487892,13.5848290851,0.0,972.0,22.7703418732,50.2857142857,82.0,26.0,15.6017398297,1056.0
1624,39.0791267627,13.6051224223,0.0,981.0,18.3070201874,47.5238095238,80.0,29.0,12.6199011391,998.0
1624,39.0433667689,13.5953811377,0.0,985.0,27.4498996735,54.619047619,98.0,34.0,17.0981758983,1147.0
1624,38.9941930152,13.6044150573,0.0,975.0,20.9864559174,50.5714285714,76.0,34.0,11.9815334101,1062.0
1624,39.0469466498,13.5872954828,0.0,977.0,21.5084266663,51.8095238095,80.0,38.0,12.7264254511,1088.0
1624,39.0832617592,13.5931757766,0.0,984.0,20.1829395294,50.5714285714,86.0,32.0,12.4842758243,1062.0
1624,39.0290849601,13.6031606649,0.0,976.0,19.8841648102,50.2380952381,94.0,38.0,14.2017772194,1055.0
1624,39.038557537,13.5959092912,0.0,978.0,22.5361289978,50.1904761905,78.0,27.0,14.6615792042,1054.0
1624,39.0165085537,13.5926100079,0.0,973.0,18.7289390564,49.1904761905,74.0,33.0,11.0164379344,1033.0
1624,39.057963174,13.5978476025,0.0,979.0,24.2348022461,55.2857142857,95.0,39.0,13.4764344585,1161.0
1624,39.0547775834,13.6149820181,0.0,982.0,18.6995887756,50.5714285714,81.0,34.0,12.3756673702,1062.0
1624,39.0267601788,13.5773049864,0.0,983.0,21.8405189514,51.2380952381,78.0,29.0,14.7983268037,1076.0
1624,39.0405290735,13.554326811,0.0,974.0,21.3824081421,51.1904761905,91.0,33.0,15.1875575641,1075.0
1625,5.72970827629,10.7697033303,0.0,975.0,13.8323888779,40.1904761905,59.0,24.0,9.00343849659,844.0
1625,5.80583576826,10.8577667786,0.0,972.0,16.3099727631,39.9047619048,64.0,21.0,11.4363663893,838.0
1625,5.84110658353,10.8539549376,0.0,981.0,16.0216464996,41.8095238095,64.0,27.0,9.14122009154,878.0
1625,5.8645128152,10.7696757557,0.0,985.0,17.4948043823,43.4761904762,74.0,29.0,10.9115491458,913.0
1625,5.84698920584,10.7840164359,0.0,976.0,13.2441616058,36.619047619,59.0,25.0,9.38869634441,769.0
1625,5.79248962371,10.7993450858,0.0,978.0,18.9291038513,41.6666666667,65.0,17.0,13.2337951221,875.0
1625,5.86640776425,10.8155794613,0.0,984.0,12.9664039612,40.3333333333,54.0,24.0,8.81097800096,847.0
1625,5.67982898038,10.7654331867,0.0,973.0,20.5197124481,44.2380952381,73.0,27.0,11.4538411108,929.0
1625,5.79692817103,10.8307260532,0.0,983.0,15.6266899109,38.0476190476,60.0,23.0,11.9015805273,799.0
1625,5.75906180257,10.7609468996,0.0,979.0,13.7429924011,37.380952381,62.0,23.0,10.3560426345,785.0
1625,5.85424689931,10.7598916378,0.0,982.0,19.7627601624,44.7619047619,72.0,27.0,11.8823598746,940.0
1625,5.68813139257,10.7334654044,0.0,974.0,18.7778663635,43.7619047619,66.0,30.0,10.3048763307,919.0
1625,5.87048239242,10.8152174576,0.0,980.0,12.6947507858,37.8571428571,58.0,19.0,9.53040247988,795.0
1626,30.1134917901,26.5829909511,0.0,973.0,48.7485694885,70.4285714286,131.0,42.0,30.7775428333,1479.0
1626,30.1299282872,26.6117695377,0.0,972.0,24.3304138184,55.2380952381,97.0,36.0,15.8458346637,1160.0
1626,30.1247426397,26.5778299121,0.0,974.0,18.3417873383,46.9047619048,74.0,31.0,12.5694262475,985.0
1627,33.34809592,38.5496717632,0.0,974.0,35.8790206909,60.2380952381,119.0,35.0,23.8744733176,1265.0
1627,33.3473605929,38.5685815678,0.0,973.0,31.4023666382,55.3333333333,105.0,36.0,19.8099301698,1162.0
1627,33.3525968275,38.5459908454,0.0,975.0,28.3941555023,56.3333333333,95.0,29.0,18.6744031587,1183.0
1628,28.2571485068,14.7020070771,0.0,972.0,13.9034223557,44.5238095238,68.0,31.0,9.70370572317,935.0
1628,28.2326581845,14.7156345519,0.0,973.0,12.0127906799,44.4761904762,60.0,34.0,7.86523392926,934.0
1629,42.6573708371,30.8567302091,0.0,974.0,34.4092979431,64.1904761905,105.0,37.0,20.5124816822,1348.0
1629,42.6698978807,30.8806906776,0.0,976.0,25.6465454102,55.2380952381,92.0,33.0,17.7225978962,1160.0
1629,42.6563554358,30.8388445648,0.0,975.0,38.9751548767,63.1904761905,138.0,37.0,24.6081674401,1327.0
1629,42.6698272246,30.8707383375,0.0,977.0,22.8769016266,55.0952380952,91.0,34.0,15.4496108751,1157.0
1630,32.743877704,33.7953302759,0.0,974.0,17.9662704468,46.0,78.0,26.0,12.9383151917,966.0
1630,32.7470504177,33.7277998204,0.0,975.0,15.1418476105,45.0,71.0,22.0,11.3666177907,945.0
1631,9.86164996635,25.8318359109,0.0,940.0,17.790019989,44.4285714286,72.0,28.0,11.9481020609,933.0
1631,9.85748626754,25.8214202456,0.0,941.0,25.5398445129,48.4285714286,93.0,30.0,16.1943552776,1017.0
1632,17.2117524872,11.9602356992,0.0,941.0,12.9948797226,41.7619047619,63.0,26.0,9.85852302277,877.0
1632,17.1383705167,11.9044264214,0.0,940.0,17.4939346313,43.0,76.0,27.0,11.7898261226,903.0
1633,12.8605328841,12.9104556544,0.0,978.0,13.9591636658,39.9523809524,60.0,25.0,10.5663436934,839.0
1633,13.0019039458,12.9432767622,0.0,977.0,12.8955717087,42.9523809524,60.0,26.0,7.61233335106,902.0
1634,2.21977094343,3.51199579657,0.0,979.0,18.1687297821,38.1428571429,62.0,19.0,11.6072637356,801.0
1634,2.15025285288,3.36055017827,0.0,978.0,13.6869421005,38.380952381,62.0,21.0,9.64611937764,806.0
1635,41.0137632287,15.2948356692,0.0,980.0,14.3268976212,43.7619047619,68.0,25.0,11.6871928276,919.0
1635,41.0841217451,15.2761625082,0.0,984.0,13.640411377,42.1428571429,61.0,26.0,10.0064265064,885.0
1635,41.029184223,15.257591637,0.0,981.0,15.2529087067,44.9047619048,66.0,28.0,11.2067156737,943.0
1635,41.0661114447,15.2833419195,0.0,985.0,17.4255046844,43.4761904762,76.0,24.0,13.0369438429,913.0
1635,41.0817127272,15.2579828713,0.0,979.0,13.8074436188,44.5238095238,63.0,26.0,9.74996947492,935.0
1635,41.0729222803,15.2911832642,0.0,982.0,13.0215778351,43.0476190476,65.0,28.0,9.28157416862,904.0
1636,30.0612420801,19.4116741489,0.0,980.0,23.7596473694,50.5238095238,92.0,33.0,14.4831593502,1061.0
1636,30.0491340862,19.3982843518,0.0,981.0,17.2632465363,48.3333333333,68.0,31.0,12.0222016841,1015.0
1636,30.0846368665,19.4244150355,0.0,982.0,16.9768409729,44.6666666667,84.0,26.0,12.9589094191,938.0
1637,17.952196056,38.8332279987,0.0,980.0,12.995262146,44.6666666667,61.0,29.0,8.45773807429,938.0
1637,17.9263874079,38.9003394369,0.0,981.0,14.6050434113,43.6666666667,69.0,25.0,11.7785115075,917.0
1638,24.7076942284,39.3011501603,0.0,980.0,13.3975143433,48.1428571429,71.0,35.0,10.8732962541,1011.0
1638,24.7345247345,39.4975394975,0.0,981.0,13.4928102493,47.7619047619,70.0,24.0,13.3000179019,1003.0
1639,29.7953951309,30.4549779001,0.0,983.0,17.7671604156,46.8095238095,79.0,32.0,11.6000821015,983.0
1639,29.6795108593,30.5698183302,0.0,984.0,13.7366743088,44.9523809524,67.0,29.0,10.3076485702,944.0
1640,30.3127795243,35.00183204,0.0,983.0,13.7238445282,46.2380952381,67.0,35.0,9.15917442734,971.0
1640,30.4048550138,35.1493216579,0.0,982.0,16.558889389,46.8095238095,80.0,30.0,11.2677373399,983.0
1640,30.3395529407,35.0137968494,0.0,984.0,16.6637783051,46.8571428571,70.0,30.0,12.5828681718,984.0
1641,21.5397051172,26.0852377484,0.0,984.0,34.9858932495,59.5238095238,105.0,34.0,23.1767535423,1250.0
1641,21.525680147,26.0617907447,0.0,985.0,39.4610595703,61.8095238095,131.0,39.0,23.7036264053,1298.0
1641,21.53986063,26.0414643801,0.0,981.0,12.405415535,42.2857142857,62.0,29.0,8.43292865583,888.0
1641,21.5586867243,26.0637847182,0.0,983.0,55.5403709412,73.5238095238,164.0,30.0,34.5812363105,1544.0
1641,21.5530517155,26.071625075,0.0,982.0,27.9238395691,52.4285714286,98.0,31.0,20.3827658294,1101.0
1642,35.1800654411,25.8483594653,0.0,984.0,17.0104637146,46.5714285714,74.0,32.0,11.3559298544,978.0
1642,35.186612825,25.8428292081,0.0,983.0,16.1504154205,43.8571428571,74.0,28.0,13.0548294293,921.0
1643,20.3340648949,21.5387385349,0.0,987.0,17.2722930908,48.8095238095,76.0,29.0,10.5480758796,1025.0
1643,20.3183027045,21.3915199149,0.0,988.0,29.292175293,54.380952381,93.0,30.0,18.4023807984,1142.0
1643,20.3378605199,21.3245196499,0.0,985.0,18.7067966461,50.4761904762,76.0,30.0,12.2866555564,1060.0
1643,20.2221837866,21.4086011844,0.0,991.0,18.5059204102,49.2380952381,78.0,27.0,12.2633794767,1034.0
1643,20.3502353782,21.4554099988,0.0,989.0,26.4616165161,54.1904761905,98.0,31.0,15.8006931735,1138.0
1643,20.0758890138,21.382058157,0.0,981.0,21.7760887146,57.4285714286,90.0,38.0,12.7772118577,1206.0
1643,20.4395094254,21.4935383137,0.0,986.0,24.2458724976,54.1428571429,85.0,26.0,16.0850418535,1137.0
1643,20.079664625,21.4021337938,0.0,982.0,20.4029350281,52.5714285714,90.0,32.0,15.3543851345,1104.0
1643,20.4358040232,21.3479571226,0.0,983.0,15.3613386154,47.8571428571,61.0,33.0,8.45154254729,1005.0
1643,20.4107946053,21.3986592484,0.0,990.0,38.5593605042,62.380952381,116.0,35.0,23.6927756721,1310.0
1644,14.3998653007,29.1295144618,0.0,981.0,57.5208740234,70.0476190476,172.0,37.0,35.7735603351,1471.0
1644,14.4190987606,29.1375477089,0.0,982.0,50.8815383911,69.2380952381,155.0,35.0,31.2376451768,1454.0
1645,39.0275822855,13.5947480251,0.0,988.0,19.1530456543,51.1904761905,83.0,33.0,11.6774100194,1075.0
1645,39.0148043787,13.6014759154,0.0,992.0,24.8045921326,51.4761904762,93.0,28.0,16.0237918347,1081.0
1645,39.0362984897,13.5778728234,0.0,989.0,29.0557994843,55.5238095238,97.0,35.0,17.6822482949,1166.0
1645,39.0382857035,13.590204123,0.0,994.0,24.9322967529,52.1428571429,92.0,34.0,15.7584444482,1095.0
1645,39.0436743138,13.5883907688,0.0,991.0,25.1117668152,54.0476190476,88.0,31.0,15.8980382138,1135.0
1645,39.1120643304,13.497492541,0.0,996.0,40.3076591492,72.0952380952,116.0,43.0,21.3866892293,1514.0
1645,39.0156112754,13.5860096005,0.0,990.0,19.792137146,49.9047619048,70.0,30.0,12.4495171067,1048.0
1645,39.0661932122,13.5571844764,0.0,995.0,25.0216712952,56.9047619048,84.0,34.0,13.8776970781,1195.0
1646,24.4992474776,3.91924388578,0.0,942.0,20.4614181519,46.380952381,88.0,28.0,14.0302394508,974.0
1646,24.5033923625,3.79515401873,0.0,941.0,14.6684770584,47.0952380952,60.0,29.0,8.64814871464,989.0
1647,32.4848552825,22.8580400976,0.0,989.0,16.5498275757,48.9523809524,79.0,36.0,10.7120315089,1028.0
1647,32.4837471316,22.8369118065,0.0,990.0,18.8719902039,49.4761904762,77.0,29.0,13.6587665901,1039.0
1648,30.4146406643,34.8233656506,0.0,989.0,15.9819278717,46.8095238095,70.0,30.0,10.81489273,983.0
1648,30.3920833581,34.8122601695,0.0,990.0,13.2357883453,45.7142857143,62.0,32.0,8.84953590389,960.0
1649,42.1030673186,24.4517890114,0.0,927.0,21.7624015808,50.0,95.0,34.0,14.9197855212,1050.0
1649,42.1076417947,24.5098593556,0.0,928.0,17.4391746521,51.0952380952,72.0,30.0,11.8486487074,1073.0
1650,29.4988041644,28.212828955,0.0,994.0,17.0663356781,47.7142857143,70.0,26.0,11.332002723,1002.0
1650,29.3488735115,28.1514968279,0.0,993.0,15.0466804504,45.4285714286,86.0,29.0,13.0903454063,954.0
1651,20.1067414488,23.2626601864,0.0,997.0,15.1997404099,43.0952380952,73.0,26.0,12.5136116366,905.0
1651,20.0967493061,23.3152338181,0.0,996.0,13.9820365906,43.4761904762,73.0,31.0,10.0877105808,913.0
1651,20.1379529461,23.2811721096,0.0,995.0,12.3901929855,44.1428571429,79.0,33.0,10.2190298673,927.0
1652,33.6083077053,15.3618017099,0.0,997.0,15.3171930313,46.9523809524,74.0,30.0,11.6037760685,986.0
1652,33.6257190999,15.3761237716,0.0,998.0,14.8380250931,43.2857142857,73.0,25.0,12.5624156003,909.0
1652,33.5903521048,15.3720298347,0.0,999.0,16.8492927551,47.2857142857,78.0,26.0,12.4142774947,993.0
1652,33.5903521048,15.3720298347,0.0,1000.0,16.8492927551,47.2857142857,78.0,26.0,12.4142774947,993.0
1653,27.0314563542,7.22483257604,0.0,999.0,27.996339798,54.2380952381,97.0,32.0,17.8154561039,1139.0
1653,27.0314563542,7.22483257604,0.0,1000.0,27.996339798,54.2380952381,97.0,32.0,17.8154561039,1139.0
1654,16.8267066502,6.83778693034,0.0,982.0,14.0095233917,40.380952381,65.0,24.0,10.18074747,848.0
1654,16.8112873079,6.83203835827,0.0,983.0,14.6292514801,40.2380952381,61.0,24.0,10.202474023,845.0
1655,19.1277706597,24.5796059019,0.0,982.0,15.7252883911,44.1904761905,68.0,28.0,11.8937758833,928.0
1655,19.1545750074,24.5893118247,0.0,983.0,19.7897224426,49.9047619048,79.0,32.0,11.3925623189,1048.0
1656,20.3974638812,21.3626806863,0.0,969.0,14.7949390411,48.0476190476,85.0,31.0,13.0056764164,1009.0
1656,20.3212067962,21.2002976027,0.0,970.0,13.3278875351,45.5238095238,74.0,31.0,11.2721739146,956.0
